key,0,1,2,3,4,5,6,7,8,9,10,11,12,13,14,15,16,17,18,19,20,21,22,23,24,25,26,27,28,29,30,31,32,33,34,35,36,37,38,39,40,41,42,43,44,45
#,Name,Bg,BattalionMode,PlaceName{Region},PlaceName{Zone},PlaceName,Map,LoadingImage,ExclusiveType,TerritoryIntendedUse,ContentFinderCondition,,WeatherRate,,,PCSearch,Stealth,Mount,,BGM,PlaceName{Region}Icon,PlaceNameIcon,ArrayEventHandler,QuestBattle,Aetheryte,FixedTime,Resident,AchievementIndex,IsPvpZone,ExVersion,,,,MountSpeed,,,,,,,,,,,,
int32,str,str,byte,PlaceName,PlaceName,PlaceName,Map,LoadingImage,byte,TerritoryIntendedUse,ContentFinderCondition,bit&01,byte,bit&02,byte,bit&04,bit&08,bit&10,bit&20,Row,Image,Image,ArrayEventHandler,QuestBattle,Aetheryte,int32,uint16,sbyte,bit&40,ExVersion,byte,byte,byte,MountSpeed,bit&80,bit&01,byte,bit&02,bit&04,bit&08,bit&10,bit&20,bit&40,uint16,bit&80,bit&01
1,"","",0,"","","","","LoadingImage#0",0,"TerritoryIntendedUse#0","",False,0,False,0,False,False,False,False,"",,,,"QuestBattle#0","",0,0,0,False,"신생 에오르제아",0,0,0,"",False,False,0,False,False,False,False,False,False,0,False,False
2,"","",0,"","","","","LoadingImage#0",0,"TerritoryIntendedUse#0","",False,0,False,0,False,False,False,False,"",,,,"QuestBattle#0","",0,0,0,False,"신생 에오르제아",0,0,0,"",False,False,0,False,False,False,False,False,False,0,False,False
3,"","",0,"","","","","LoadingImage#0",0,"TerritoryIntendedUse#0","",False,0,False,0,False,False,False,False,"",,,,"QuestBattle#0","",0,0,0,False,"신생 에오르제아",0,0,0,"",False,False,0,False,False,False,False,False,False,0,False,False
4,"","",0,"","","","","LoadingImage#0",0,"TerritoryIntendedUse#0","",False,0,False,0,False,False,False,False,"",,,,"QuestBattle#0","",0,0,0,False,"신생 에오르제아",0,0,0,"",False,False,0,False,False,False,False,False,False,0,False,False
5,"","",0,"","","","","LoadingImage#0",0,"TerritoryIntendedUse#0","",False,0,False,0,False,False,False,False,"",,,,"QuestBattle#0","",0,0,0,False,"신생 에오르제아",0,0,0,"",False,False,0,False,False,False,False,False,False,0,False,False
6,"","",0,"","","","","LoadingImage#0",0,"TerritoryIntendedUse#0","",False,0,False,0,False,False,False,False,"",,,,"QuestBattle#0","",0,0,0,False,"신생 에오르제아",0,0,0,"",False,False,0,False,False,False,False,False,False,0,False,False
7,"","",0,"","","","","LoadingImage#0",0,"TerritoryIntendedUse#0","",False,0,False,0,False,False,False,False,"",,,,"QuestBattle#0","",0,0,0,False,"신생 에오르제아",0,0,0,"",False,False,0,False,False,False,False,False,False,0,False,False
8,"","",0,"","","","","LoadingImage#0",0,"TerritoryIntendedUse#0","",False,0,False,0,False,False,False,False,"",,,,"QuestBattle#0","",0,0,0,False,"신생 에오르제아",0,0,0,"",False,False,0,False,False,False,False,False,False,0,False,False
9,"","",0,"","","","","LoadingImage#0",0,"TerritoryIntendedUse#0","",False,0,False,0,False,False,False,False,"",,,,"QuestBattle#0","",0,0,0,False,"신생 에오르제아",0,0,0,"",False,False,0,False,False,False,False,False,False,0,False,False
10,"","",0,"","","","","LoadingImage#0",0,"TerritoryIntendedUse#0","",False,0,False,0,False,False,False,False,"",,,,"QuestBattle#0","",0,0,0,False,"신생 에오르제아",0,0,0,"",False,False,0,False,False,False,False,False,False,0,False,False
11,"","",0,"","","","","LoadingImage#0",0,"TerritoryIntendedUse#0","",False,0,False,0,False,False,False,False,"",,,,"QuestBattle#0","",0,0,0,False,"신생 에오르제아",0,0,0,"",False,False,0,False,False,False,False,False,False,0,False,False
12,"","",0,"","","","","LoadingImage#0",0,"TerritoryIntendedUse#0","",False,0,False,0,False,False,False,False,"",,,,"QuestBattle#0","",0,0,0,False,"신생 에오르제아",0,0,0,"",False,False,0,False,False,False,False,False,False,0,False,False
13,"","",0,"","","","","LoadingImage#0",0,"TerritoryIntendedUse#0","",False,0,False,0,False,False,False,False,"",,,,"QuestBattle#0","",0,0,0,False,"신생 에오르제아",0,0,0,"",False,False,0,False,False,False,False,False,False,0,False,False
14,"","",0,"","","","","LoadingImage#0",0,"TerritoryIntendedUse#0","",False,0,False,0,False,False,False,False,"",,,,"QuestBattle#0","",0,0,0,False,"신생 에오르제아",0,0,0,"",False,False,0,False,False,False,False,False,False,0,False,False
15,"","",0,"","","","","LoadingImage#0",0,"TerritoryIntendedUse#0","",False,0,False,0,False,False,False,False,"",,,,"QuestBattle#0","",0,0,0,False,"신생 에오르제아",0,0,0,"",False,False,0,False,False,False,False,False,False,0,False,False
16,"","",0,"","","","","LoadingImage#0",0,"TerritoryIntendedUse#0","",False,0,False,0,False,False,False,False,"",,,,"QuestBattle#0","",0,0,0,False,"신생 에오르제아",0,0,0,"",False,False,0,False,False,False,False,False,False,0,False,False
17,"","",0,"","","","","LoadingImage#0",0,"TerritoryIntendedUse#0","",False,0,False,0,False,False,False,False,"",,,,"QuestBattle#0","",0,0,0,False,"신생 에오르제아",0,0,0,"",False,False,0,False,False,False,False,False,False,0,False,False
18,"","",0,"","","","","LoadingImage#0",0,"TerritoryIntendedUse#0","",False,0,False,0,False,False,False,False,"",,,,"QuestBattle#0","",0,0,0,False,"신생 에오르제아",0,0,0,"",False,False,0,False,False,False,False,False,False,0,False,False
19,"","",0,"","","","","LoadingImage#0",0,"TerritoryIntendedUse#0","",False,0,False,0,False,False,False,False,"",,,,"QuestBattle#0","",0,0,0,False,"신생 에오르제아",0,0,0,"",False,False,0,False,False,False,False,False,False,0,False,False
20,"","",0,"","","","","LoadingImage#0",0,"TerritoryIntendedUse#0","",False,0,False,0,False,False,False,False,"",,,,"QuestBattle#0","",0,0,0,False,"신생 에오르제아",0,0,0,"",False,False,0,False,False,False,False,False,False,0,False,False
21,"","",0,"","","","","LoadingImage#0",0,"TerritoryIntendedUse#0","",False,0,False,0,False,False,False,False,"",,,,"QuestBattle#0","",0,0,0,False,"신생 에오르제아",0,0,0,"",False,False,0,False,False,False,False,False,False,0,False,False
22,"","",0,"","","","","LoadingImage#0",0,"TerritoryIntendedUse#0","",False,0,False,0,False,False,False,False,"",,,,"QuestBattle#0","",0,0,0,False,"신생 에오르제아",0,0,0,"",False,False,0,False,False,False,False,False,False,0,False,False
24,"","",0,"","","","","LoadingImage#0",0,"TerritoryIntendedUse#0","",False,0,False,0,False,False,False,False,"",,,,"QuestBattle#0","",0,0,0,False,"신생 에오르제아",0,0,0,"",False,False,0,False,False,False,False,False,False,0,False,False
25,"","",0,"","","","","LoadingImage#0",0,"TerritoryIntendedUse#0","",False,0,False,0,False,False,False,False,"",,,,"QuestBattle#0","",0,0,0,False,"신생 에오르제아",0,0,0,"",False,False,0,False,False,False,False,False,False,0,False,False
26,"","",0,"","","","","LoadingImage#0",0,"TerritoryIntendedUse#0","",False,0,False,0,False,False,False,False,"",,,,"QuestBattle#0","",0,0,0,False,"신생 에오르제아",0,0,0,"",False,False,0,False,False,False,False,False,False,0,False,False
27,"","",0,"","","","","LoadingImage#0",0,"TerritoryIntendedUse#0","",False,0,False,0,False,False,False,False,"",,,,"QuestBattle#0","",0,0,0,False,"신생 에오르제아",0,0,0,"",False,False,0,False,False,False,False,False,False,0,False,False
28,"","",0,"","","","","LoadingImage#0",0,"TerritoryIntendedUse#0","",False,0,False,0,False,False,False,False,"",,,,"QuestBattle#0","",0,0,0,False,"신생 에오르제아",0,0,0,"",False,False,0,False,False,False,False,False,False,0,False,False
29,"","",0,"","","","","LoadingImage#0",0,"TerritoryIntendedUse#0","",False,0,False,0,False,False,False,False,"",,,,"QuestBattle#0","",0,0,0,False,"신생 에오르제아",0,0,0,"",False,False,0,False,False,False,False,False,False,0,False,False
30,"","",0,"","","","","LoadingImage#0",0,"TerritoryIntendedUse#0","",False,0,False,0,False,False,False,False,"",,,,"QuestBattle#0","",0,0,0,False,"신생 에오르제아",0,0,0,"",False,False,0,False,False,False,False,False,False,0,False,False
31,"","",0,"","","","","LoadingImage#0",0,"TerritoryIntendedUse#0","",False,0,False,0,False,False,False,False,"",,,,"QuestBattle#0","",0,0,0,False,"신생 에오르제아",0,0,0,"",False,False,0,False,False,False,False,False,False,0,False,False
128,"s1t1","ffxiv/sea_s1/twn/s1t1/level/s1t1",1,"라노시아","림사 로민사","림사 로민사 상층 갑판","s1t1/01","LoadingImage#2",0,"TerritoryIntendedUse#0","",False,14,True,0,True,False,False,False,"BGMSituation#1020",,,"ArrayEventHandler#852085","QuestBattle#0","림사 로민사 하층 갑판",-1,0,0,False,"신생 에오르제아",0,0,0,"",False,True,0,False,False,False,False,False,True,0,False,False
129,"s1t2","ffxiv/sea_s1/twn/s1t2/level/s1t2",1,"라노시아","림사 로민사","림사 로민사 하층 갑판","s1t2/01","LoadingImage#2",0,"TerritoryIntendedUse#0","",False,15,True,0,True,False,False,False,"BGMSituation#1020",,,"ArrayEventHandler#852088","QuestBattle#0","림사 로민사 하층 갑판",-1,0,1,False,"신생 에오르제아",0,0,0,"",False,True,0,False,False,False,False,False,True,0,False,False
130,"w1t1","ffxiv/wil_w1/twn/w1t1/level/w1t1",1,"다날란","울다하","울다하 날 회랑","w1t1/01","LoadingImage#4",0,"TerritoryIntendedUse#0","",False,7,True,0,True,False,False,False,"BGMSituation#1035",,,"ArrayEventHandler#852086","QuestBattle#0","울다하 날 회랑",-1,0,2,False,"신생 에오르제아",0,0,0,"",False,True,0,False,False,False,False,False,True,0,False,False
131,"w1t2","ffxiv/wil_w1/twn/w1t2/level/w1t2",1,"다날란","울다하","울다하 달 회랑","w1t2/01","LoadingImage#4",0,"TerritoryIntendedUse#0","",False,8,True,0,True,False,False,False,"BGMSituation#1035",,,"ArrayEventHandler#853381","QuestBattle#0","울다하 날 회랑",-1,0,3,False,"신생 에오르제아",0,0,0,"",False,True,0,False,False,False,False,False,True,0,False,False
132,"f1t1","ffxiv/fst_f1/twn/f1t1/level/f1t1",1,"검은장막 숲","그리다니아","그리다니아 신시가지","f1t1/00","LoadingImage#3",0,"TerritoryIntendedUse#0","",False,1,True,0,True,False,False,False,"BGMSituation#1003",,,"ArrayEventHandler#852087","QuestBattle#0","그리다니아 신시가지",-1,2,4,False,"신생 에오르제아",0,0,0,"",False,True,0,False,False,False,False,False,True,0,False,False
133,"f1t2","ffxiv/fst_f1/twn/f1t2/level/f1t2",1,"검은장막 숲","그리다니아","그리다니아 구시가지","f1t2/00","LoadingImage#3",0,"TerritoryIntendedUse#0","",False,2,True,0,True,False,False,False,"BGMSituation#1003",,,"ArrayEventHandler#852103","QuestBattle#0","그리다니아 신시가지",-1,0,5,False,"신생 에오르제아",0,0,0,"",False,True,0,False,False,False,False,False,True,0,False,False
134,"s1f1","ffxiv/sea_s1/fld/s1f1/level/s1f1",1,"라노시아","라노시아","중부 라노시아","s1f1/00","LoadingImage#2",0,"TerritoryIntendedUse#1","",False,16,False,0,True,True,True,False,"BGMSituation#1021",,,"ArrayEventHandler#852316","QuestBattle#0","여름여울 농장",-1,0,6,False,"신생 에오르제아",0,0,19,"클라크시오의 다짐",False,True,0,False,False,False,False,False,True,1,False,False
135,"s1f2","ffxiv/sea_s1/fld/s1f2/level/s1f2",1,"라노시아","라노시아","저지 라노시아","s1f2/00","LoadingImage#2",0,"TerritoryIntendedUse#1","",False,17,False,0,True,True,True,False,"BGMSituation#1021",,,"ArrayEventHandler#853721","QuestBattle#0","모라비 조선소",-1,0,7,False,"신생 에오르제아",0,0,19,"클라크시오의 다짐",False,True,0,False,False,False,False,False,True,2,False,False
136,"s1h1_test","ffxiv/sea_s1/hou/s1h1/level/s1h1",1,"라노시아","라노시아","안갯빛 마을","s1h1/01","LoadingImage#2",0,"TerritoryIntendedUse#0","",False,14,False,0,False,False,False,False,"BGMSituation#1083",,,,"QuestBattle#0","림사 로민사 하층 갑판",-1,0,8,False,"신생 에오르제아",0,0,0,"",False,True,0,False,False,False,False,False,True,0,False,False
137,"s1f3","ffxiv/sea_s1/fld/s1f3/level/s1f3",1,"라노시아","라노시아","동부 라노시아","s1f3/01","LoadingImage#2",0,"TerritoryIntendedUse#1","",False,18,False,0,True,True,True,False,"BGMSituation#1021",,,"ArrayEventHandler#853427","QuestBattle#0","코스타 델 솔",-1,0,9,False,"신생 에오르제아",0,67,19,"바다영웅단이여 영원하라",False,True,0,False,False,False,False,False,True,3,False,False
138,"s1f4","ffxiv/sea_s1/fld/s1f4/level/s1f4",1,"라노시아","라노시아","서부 라노시아","s1f4/00","LoadingImage#2",0,"TerritoryIntendedUse#1","",False,19,False,0,True,True,True,False,"BGMSituation#1021",,,"ArrayEventHandler#852317","QuestBattle#0","칼새횃대 개척지",-1,0,10,False,"신생 에오르제아",0,0,19,"광기 어린 노랫소리",False,True,0,False,False,False,False,False,True,4,False,False
139,"s1f5","ffxiv/sea_s1/fld/s1f5/level/s1f5",1,"라노시아","라노시아","고지 라노시아","s1f5/00","LoadingImage#2",0,"TerritoryIntendedUse#1","",False,20,False,0,True,True,True,False,"BGMSituation#1021",,,,"QuestBattle#0","청동호수 야영지",-1,0,11,False,"신생 에오르제아",0,0,19,"격노한 바위신 타이탄",False,True,0,False,False,False,False,False,True,5,False,False
140,"w1f1","ffxiv/wil_w1/fld/w1f1/level/w1f1",1,"다날란","다날란","서부 다날란","w1f1/00","LoadingImage#4",0,"TerritoryIntendedUse#1","",False,9,False,0,True,True,True,False,"BGMSituation#1036",,,"ArrayEventHandler#852089","QuestBattle#0","지평선 관문",-1,0,12,False,"신생 에오르제아",0,0,19,"클라크시오의 다짐",False,True,0,False,False,False,False,False,True,6,False,False
141,"w1f2","ffxiv/wil_w1/fld/w1f2/level/w1f2",1,"다날란","다날란","중부 다날란","w1f2/00","LoadingImage#4",0,"TerritoryIntendedUse#1","",False,10,False,0,True,True,True,False,"BGMSituation#1036",,,"ArrayEventHandler#852111","QuestBattle#0","검은솔 정류소",-1,0,13,False,"신생 에오르제아",0,0,19,"클라크시오의 다짐",False,True,0,False,False,False,False,False,True,7,False,False
142,"w1d7_battle","ffxiv/wil_w1/dun/w1d7/level/w1d7",1,"다날란","다날란","할라탈리 수련장","default/00","LoadingImage#4",2,"TerritoryIntendedUse#10","아마지나배 투기대회 결승전",False,0,False,0,True,False,False,False,"BGMSituation#1001",,,,"QuestBattle#0","",-1,68,-1,False,"신생 에오르제아",0,0,0,"",False,True,0,False,False,False,False,False,True,0,False,False
143,"","",0,"","","","","LoadingImage#0",0,"TerritoryIntendedUse#0","",False,0,False,0,False,False,False,False,"",,,,"QuestBattle#0","",0,0,0,False,"신생 에오르제아",0,0,0,"",False,False,0,False,False,False,False,False,False,0,False,False
144,"w1eb","ffxiv/wil_w1/evt/w1eb/level/w1eb",1,"다날란","골드 소서","골드 소서","w1eb/00","LoadingImage#4",0,"TerritoryIntendedUse#23","",False,0,False,0,True,False,False,False,"BGMSituation#1143",,,"ArrayEventHandler#854311","QuestBattle#0","골드 소서",-1,77,-1,False,"신생 에오르제아",0,0,0,"",False,True,0,False,False,False,False,False,True,0,False,False
145,"w1f3","ffxiv/wil_w1/fld/w1f3/level/w1f3",1,"다날란","다날란","동부 다날란","w1f3/00","LoadingImage#4",0,"TerritoryIntendedUse#1","",False,11,False,0,True,True,True,False,"BGMSituation#1036",,,"ArrayEventHandler#853019","QuestBattle#0","마른뼈 야영지",-1,0,14,False,"신생 에오르제아",0,0,19,"먼 곳에서 찾아온 자",False,True,0,False,False,False,False,False,True,8,False,False
146,"w1f4","ffxiv/wil_w1/fld/w1f4/level/w1f4",1,"다날란","다날란","남부 다날란","w1f4/01","LoadingImage#4",0,"TerritoryIntendedUse#1","",False,12,False,0,True,True,True,False,"BGMSituation#1036",,,"ArrayEventHandler#852388","QuestBattle#0","리틀 알라미고",-1,0,15,False,"신생 에오르제아",0,38,19,"웰윅 지렁이 살코기",False,True,0,False,False,False,False,False,True,9,False,False
147,"w1f5","ffxiv/wil_w1/fld/w1f5/level/w1f5",1,"다날란","다날란","북부 다날란","w1f5/00","LoadingImage#4",0,"TerritoryIntendedUse#1","",False,13,False,0,True,True,True,False,"BGMSituation#1036",,,"ArrayEventHandler#852014","QuestBattle#0","푸른안개 야영지",-1,0,16,False,"신생 에오르제아",0,0,19,"알테마 웨폰 파괴작전",False,True,0,False,False,False,False,False,True,10,False,False
148,"f1f1","ffxiv/fst_f1/fld/f1f1/level/f1f1",1,"검은장막 숲","검은장막 숲","검은장막 숲 중부삼림","f1f1/00","LoadingImage#3",0,"TerritoryIntendedUse#1","",False,3,False,0,True,True,True,False,"BGMSituation#1004",,,"ArrayEventHandler#852246","QuestBattle#0","굽은가지 목장",-1,0,17,False,"신생 에오르제아",0,0,19,"클라크시오의 다짐",False,True,0,False,False,False,False,False,True,11,False,False
149,"z1z3","ffxiv/sea_s1/pvp/s1p5/level/s1p5",4,"라노시아","늑대우리","늑대우리 훈련장","s1p5/00","LoadingImage#2",2,"TerritoryIntendedUse#28","",False,65,False,0,True,False,False,False,"BGMSituation#1001",,,,"QuestBattle#0","",-1,138,-1,True,"신생 에오르제아",0,0,0,"",False,True,0,False,False,False,False,False,True,0,False,False
150,"","",0,"","","","","LoadingImage#0",0,"TerritoryIntendedUse#0","",False,0,False,0,False,False,False,False,"",,,,"QuestBattle#0","",0,0,0,False,"신생 에오르제아",0,0,0,"",False,False,0,False,False,False,False,False,False,0,False,False
151,"l1r3","ffxiv/lak_l1/rad/l1r3/level/l1r3",1,"모르도나","모르도나","어둠의 세계","l1r3/00","LoadingImage#6",2,"TerritoryIntendedUse#8","크리스탈 타워: 어둠의 세계",False,0,False,0,True,False,False,False,"BGMSituation#1001",,,,"QuestBattle#0","",-1,0,-1,False,"신생 에오르제아",0,0,0,"",False,True,0,False,False,False,False,False,True,0,False,False
152,"f1f2","ffxiv/fst_f1/fld/f1f2/level/f1f2",1,"검은장막 숲","검은장막 숲","검은장막 숲 동부삼림","f1f2/00","LoadingImage#3",0,"TerritoryIntendedUse#1","",False,4,False,0,True,True,True,False,"BGMSituation#1004",,,"ArrayEventHandler#852446","QuestBattle#0","호손 일가의 산장",-1,0,18,False,"신생 에오르제아",0,11,19,"클라크시오의 다짐",False,True,0,False,False,False,False,False,True,12,False,False
153,"f1f3","ffxiv/fst_f1/fld/f1f3/level/f1f3",1,"검은장막 숲","검은장막 숲","검은장막 숲 남부삼림","f1f3/00","LoadingImage#3",0,"TerritoryIntendedUse#1","",False,5,False,0,True,True,True,False,"BGMSituation#1004",,,"ArrayEventHandler#852244","QuestBattle#0","채석공방",-1,0,19,False,"신생 에오르제아",0,39,19,"다시 리틀 알라미고로",False,True,0,False,False,False,False,False,True,13,False,False
154,"f1f4","ffxiv/fst_f1/fld/f1f4/level/f1f4",1,"검은장막 숲","검은장막 숲","검은장막 숲 북부삼림","f1f4/00","LoadingImage#3",0,"TerritoryIntendedUse#1","",False,6,False,0,True,True,True,False,"BGMSituation#1004",,,"ArrayEventHandler#853469","QuestBattle#0","가을박 마을",-1,0,20,False,"신생 에오르제아",0,0,19,"죽은 자는 말한다",False,True,0,False,False,False,False,False,True,14,False,False
155,"r1f1","ffxiv/roc_r1/fld/r1f1/level/r1f1",1,"커르다스","커르다스","커르다스 중앙고지","r1f1/00","LoadingImage#5",0,"TerritoryIntendedUse#1","",False,21,False,1,True,True,True,False,"BGMSituation#1072",,,"ArrayEventHandler#852247","QuestBattle#0","용머리 전진기지",-1,0,21,False,"신생 에오르제아",0,10,19,"돌방패 경계초소에 잠든 날개",False,True,0,False,False,False,False,False,True,15,False,False
156,"l1f1","ffxiv/lak_l1/fld/l1f1/level/l1f1",1,"모르도나","모르도나","모르도나","l1f1/01","LoadingImage#6",0,"TerritoryIntendedUse#1","",False,22,False,0,True,True,True,False,"BGMSituation#1073",,,"ArrayEventHandler#852412","QuestBattle#0","망자의 종소리",-1,0,22,False,"신생 에오르제아",0,0,19,"마도 병기가 꾸는 꿈",False,True,0,False,False,False,False,False,True,16,False,False
157,"","",0,"","","","","LoadingImage#0",0,"TerritoryIntendedUse#0","",False,0,False,0,False,False,False,False,"",,,,"QuestBattle#0","",0,0,0,False,"신생 에오르제아",0,0,0,"",False,False,0,False,False,False,False,False,False,0,False,False
158,"","",0,"","","","","LoadingImage#0",0,"TerritoryIntendedUse#0","",False,0,False,0,False,False,False,False,"",,,,"QuestBattle#0","",0,0,0,False,"신생 에오르제아",0,0,0,"",False,False,0,False,False,False,False,False,False,0,False,False
159,"s1d3","ffxiv/sea_s1/dun/s1d3/level/s1d3",1,"라노시아","라노시아","방랑자의 궁전","s1d3/00","LoadingImage#2",2,"TerritoryIntendedUse#3","방랑자의 궁전",False,0,False,0,True,False,False,False,"BGMSituation#1034",,,,"QuestBattle#0","",-1,26,-1,False,"신생 에오르제아",0,0,0,"",False,True,0,False,False,False,False,False,True,0,False,False
160,"s1d4","ffxiv/sea_s1/dun/s1d4/level/s1d4",1,"라노시아","라노시아","시리우스 대등대","s1d4/01","LoadingImage#2",2,"TerritoryIntendedUse#3","시리우스 대등대",False,28,False,0,True,False,False,False,"BGMSituation#1001",,,,"QuestBattle#0","",-1,19,-1,False,"신생 에오르제아",0,0,0,"",False,True,0,False,False,False,False,False,True,0,False,False
161,"","",0,"","","","","LoadingImage#0",0,"TerritoryIntendedUse#0","",False,0,False,0,False,False,False,False,"",,,,"QuestBattle#0","",0,0,0,False,"신생 에오르제아",0,0,0,"",False,False,0,False,False,False,False,False,False,0,False,False
162,"","",0,"","","","","LoadingImage#0",0,"TerritoryIntendedUse#0","",False,0,False,0,False,False,False,False,"",,,,"QuestBattle#0","",0,0,0,False,"신생 에오르제아",0,0,0,"",False,False,0,False,False,False,False,False,False,0,False,False
163,"","",0,"","","","","LoadingImage#0",0,"TerritoryIntendedUse#0","",False,0,False,0,False,False,False,False,"",,,,"QuestBattle#0","",0,0,0,False,"신생 에오르제아",0,0,0,"",False,False,0,False,False,False,False,False,False,0,False,False
164,"","",0,"","","","","LoadingImage#0",0,"TerritoryIntendedUse#0","",False,0,False,0,False,False,False,False,"",,,,"QuestBattle#0","",0,0,0,False,"신생 에오르제아",0,0,0,"",False,False,0,False,False,False,False,False,False,0,False,False
166,"","",0,"","","","","LoadingImage#0",0,"TerritoryIntendedUse#0","",False,0,False,0,False,False,False,False,"",,,,"QuestBattle#0","",0,0,0,False,"신생 에오르제아",0,0,0,"",False,False,0,False,False,False,False,False,False,0,False,False
167,"f1d3","ffxiv/fst_f1/dun/f1d3/level/f1d3",1,"검은장막 숲","검은장막 숲","옛 암다포르 성","f1d3/01","LoadingImage#3",2,"TerritoryIntendedUse#3","옛 암다포르 성",False,28,False,0,True,False,False,False,"BGMSituation#1018",,,,"QuestBattle#0","",-1,7,-1,False,"신생 에오르제아",0,0,0,"",False,True,0,False,False,False,False,False,True,0,False,False
168,"","",0,"","","","","LoadingImage#0",0,"TerritoryIntendedUse#0","",False,0,False,0,False,False,False,False,"",,,,"QuestBattle#0","",0,0,0,False,"신생 에오르제아",0,0,0,"",False,False,0,False,False,False,False,False,False,0,False,False
169,"","",0,"","","","","LoadingImage#0",0,"TerritoryIntendedUse#0","",False,0,False,0,False,False,False,False,"",,,,"QuestBattle#0","",0,0,0,False,"신생 에오르제아",0,0,0,"",False,False,0,False,False,False,False,False,False,0,False,False
170,"","",0,"","","","","LoadingImage#0",0,"TerritoryIntendedUse#0","",False,0,False,0,False,False,False,False,"",,,,"QuestBattle#0","",0,0,0,False,"신생 에오르제아",0,0,0,"",False,False,0,False,False,False,False,False,False,0,False,False
171,"r1r1","ffxiv/roc_r1/rad/r1r1/level/r1r1",1,"커르다스","커르다스","제멜 요새","r1r1/01","LoadingImage#5",2,"TerritoryIntendedUse#3","제멜 요새",False,0,False,0,True,False,False,False,"BGMSituation#1070",,,,"QuestBattle#0","",-1,9,-1,False,"신생 에오르제아",0,0,0,"",False,True,0,False,False,False,False,False,True,0,False,False
172,"r1r2","ffxiv/roc_r1/rad/r1r2/level/r1r2",1,"커르다스","커르다스","금빛 골짜기","r1r2/00","LoadingImage#5",2,"TerritoryIntendedUse#3","금빛 골짜기",False,0,False,0,True,False,False,False,"BGMSituation#1071",,,,"QuestBattle#0","",-1,33,-1,False,"신생 에오르제아",0,0,0,"",False,True,0,False,False,False,False,False,True,0,False,False
174,"l1r1","ffxiv/lak_l1/rad/l1r1/level/l1r1",1,"모르도나","모르도나","고대인의 미궁","l1r1/01","LoadingImage#6",2,"TerritoryIntendedUse#8","크리스탈 타워: 고대인의 미궁",False,0,False,0,True,False,False,False,"BGMSituation#1001",,,,"QuestBattle#0","",-1,21,-1,False,"신생 에오르제아",0,0,0,"",False,True,0,False,False,False,False,False,True,0,False,False
175,"","",0,"","","","","LoadingImage#0",0,"TerritoryIntendedUse#0","",False,0,False,0,False,False,False,False,"",,,,"QuestBattle#0","",0,0,0,False,"신생 에오르제아",0,0,0,"",False,False,0,False,False,False,False,False,False,0,False,False
176,"z1j1","ffxiv/zon_z1/jai/z1j1/level/z1j1",1,"","","모르디온 감옥","default/00","LoadingImage#1",0,"TerritoryIntendedUse#5","",False,0,False,0,False,False,False,False,"BGMSituation#1001",,,,"QuestBattle#0","늑대우리 부두",-1,0,-1,False,"신생 에오르제아",0,0,0,"",False,True,0,False,False,False,False,False,True,0,False,False
177,"s1ti","ffxiv/sea_s1/twn/s1ti/level/s1ti",1,"라노시아","림사 로민사","여관 '뒷돛대'","s1ti/00","LoadingImage#2",0,"TerritoryIntendedUse#2","",False,0,False,0,True,False,False,False,"music/ffxiv/BGM_Town_Rest_01.scd",,,"ArrayEventHandler#852012","QuestBattle#0","림사 로민사 하층 갑판",-1,0,23,False,"신생 에오르제아",0,0,0,"",False,True,0,False,False,False,False,False,True,0,False,False
178,"w1ti","ffxiv/wil_w1/twn/w1ti/level/w1ti",1,"다날란","울다하","여관 '모래시계'","w1ti/00","LoadingImage#4",0,"TerritoryIntendedUse#2","",False,0,False,0,True,False,False,False,"music/ffxiv/BGM_Town_Rest_01.scd",,,"ArrayEventHandler#852013","QuestBattle#0","울다하 날 회랑",-1,0,24,False,"신생 에오르제아",0,0,0,"",False,True,0,False,False,False,False,False,True,0,False,False
179,"f1ti","ffxiv/fst_f1/twn/f1ti/level/f1ti",1,"검은장막 숲","그리다니아","여관 '둥지나무'","f1ti/00","LoadingImage#3",0,"TerritoryIntendedUse#2","",False,0,False,0,True,False,False,False,"music/ffxiv/BGM_Town_Rest_01.scd",,,"ArrayEventHandler#852098","QuestBattle#0","그리다니아 신시가지",-1,0,25,False,"신생 에오르제아",0,0,0,"",False,True,0,False,False,False,False,False,True,0,False,False
180,"s1f6","ffxiv/sea_s1/fld/s1f6/level/s1f6",1,"라노시아","라노시아","외지 라노시아","s1f6/00","LoadingImage#2",0,"TerritoryIntendedUse#1","",False,24,False,0,True,True,True,False,"BGMSituation#1021",,,"ArrayEventHandler#852387","QuestBattle#0","감시대 야영지",-1,0,26,False,"신생 에오르제아",0,37,19,"격노한 바위신 타이탄",False,True,0,False,False,False,False,False,True,17,False,False
181,"s1t1_opening","ffxiv/sea_s1/twn/s1t1/level/s1t1",1,"라노시아","림사 로민사","림사 로민사","s1t1/01","LoadingImage#2",0,"TerritoryIntendedUse#6","",False,0,False,0,True,False,False,False,"BGMSituation#1020",,,"ArrayEventHandler#852076","QuestBattle#0","림사 로민사 하층 갑판",1300,0,-1,False,"신생 에오르제아",0,0,0,"",False,True,0,False,False,False,False,False,True,0,False,False
182,"w1t1_opening","ffxiv/wil_w1/twn/w1t1/level/w1t1",1,"다날란","울다하","울다하 날 회랑","w1t1/01","LoadingImage#4",0,"TerritoryIntendedUse#6","",False,0,False,0,True,False,False,False,"BGMSituation#1035",,,"ArrayEventHandler#852077","QuestBattle#0","울다하 날 회랑",1300,0,-1,False,"신생 에오르제아",0,0,0,"",False,True,0,False,False,False,False,False,True,0,False,False
183,"f1t1_opening","ffxiv/fst_f1/twn/f1t1/level/f1t1",1,"검은장막 숲","그리다니아","그리다니아 신시가지","f1t1/00","LoadingImage#3",0,"TerritoryIntendedUse#6","",False,0,False,0,True,False,False,False,"BGMSituation#1003",,,"ArrayEventHandler#852073","QuestBattle#0","그리다니아 신시가지",1300,0,-1,False,"신생 에오르제아",0,0,0,"",False,True,0,False,False,False,False,False,True,0,False,False
184,"","",0,"","","","","LoadingImage#0",0,"TerritoryIntendedUse#0","",False,0,False,0,False,False,False,False,"",,,,"QuestBattle#0","",0,0,0,False,"신생 에오르제아",0,0,0,"",False,False,0,False,False,False,False,False,False,0,False,False
185,"","",0,"","","","","LoadingImage#0",0,"TerritoryIntendedUse#0","",False,0,False,0,False,False,False,False,"",,,,"QuestBattle#0","",0,0,0,False,"신생 에오르제아",0,0,0,"",False,False,0,False,False,False,False,False,False,0,False,False
186,"","",0,"","","","","LoadingImage#0",0,"TerritoryIntendedUse#0","",False,0,False,0,False,False,False,False,"",,,,"QuestBattle#0","",0,0,0,False,"신생 에오르제아",0,0,0,"",False,False,0,False,False,False,False,False,False,0,False,False
187,"","",0,"","","","","LoadingImage#0",0,"TerritoryIntendedUse#0","",False,0,False,0,False,False,False,False,"",,,,"QuestBattle#0","",0,0,0,False,"신생 에오르제아",0,0,0,"",False,False,0,False,False,False,False,False,False,0,False,False
188,"s1d8","ffxiv/sea_s1/dun/s1d8/level/s1d8",1,"라노시아","라노시아","방랑자의 궁전","s1d8/00","LoadingImage#2",2,"TerritoryIntendedUse#3","방랑자의 궁전(어려움)",False,40,False,0,True,False,False,False,"BGMSituation#1001",,,,"QuestBattle#0","",-1,81,-1,False,"신생 에오르제아",0,0,0,"",False,True,0,False,False,False,False,False,True,0,False,False
189,"f1d7","ffxiv/fst_f1/dun/f1d7/level/f1d7",1,"검은장막 숲","검은장막 숲","옛 암다포르 성","f1d7/01","LoadingImage#3",2,"TerritoryIntendedUse#3","옛 암다포르 성(어려움)",False,40,False,0,True,False,False,False,"BGMSituation#1001",,,,"QuestBattle#0","",-1,79,-1,False,"신생 에오르제아",0,0,0,"",False,True,0,False,False,False,False,False,True,0,False,False
190,"go002","ffxiv/fst_f1/fld/f1f1/level/f1f1",1,"검은장막 숲","검은장막 숲","검은장막 숲 중부삼림","f1f1/00","LoadingImage#3",2,"TerritoryIntendedUse#3","방황하는 사령을 쓰러뜨려라!",False,3,False,0,True,False,False,False,"BGMSituation#1001",,,,"QuestBattle#0","",-1,0,-1,False,"신생 에오르제아",0,0,0,"",False,True,0,False,False,False,False,False,True,0,False,False
191,"go005","ffxiv/fst_f1/fld/f1f2/level/f1f2",1,"검은장막 숲","검은장막 숲","검은장막 숲 동부삼림","f1f2/00","LoadingImage#3",2,"TerritoryIntendedUse#3","독성 요괴꽃을 제거하라!",False,4,False,0,True,False,False,False,"BGMSituation#1001",,,,"QuestBattle#0","",-1,0,-1,False,"신생 에오르제아",0,0,0,"",False,True,0,False,False,False,False,False,True,0,False,False
192,"go006","ffxiv/fst_f1/fld/f1f3/level/f1f3",1,"검은장막 숲","검은장막 숲","검은장막 숲 남부삼림","f1f3/00","LoadingImage#3",2,"TerritoryIntendedUse#3","무법자 집단 '나나니단'을 섬멸하라!",False,5,False,0,True,False,False,False,"BGMSituation#1001",,,,"QuestBattle#0","",-1,0,-1,False,"신생 에오르제아",0,0,0,"",False,True,0,False,False,False,False,False,True,0,False,False
193,"w1b1","ffxiv/wil_w1/bah/w1b1/level/w1b1",1,"다날란","다날란","라그나로크급 6번함 함체 중앙부","w1b1/00","LoadingImage#4",2,"TerritoryIntendedUse#16","대미궁 바하무트: 진성편 1",False,0,False,0,True,False,False,False,"BGMSituation#1001",,,,"QuestBattle#0","",-1,60,-1,False,"신생 에오르제아",0,0,0,"",False,True,0,False,False,False,False,False,True,0,False,False
194,"w1b2","ffxiv/wil_w1/bah/w1b2/level/w1b2",1,"다날란","다날란","라그나로크급 6번함 재생 제어 구역","w1b2/00","LoadingImage#4",2,"TerritoryIntendedUse#16","대미궁 바하무트: 진성편 2",False,0,False,0,True,False,False,False,"BGMSituation#1001",,,,"QuestBattle#0","",-1,61,-1,False,"신생 에오르제아",0,0,0,"",False,True,0,False,False,False,False,False,True,0,False,False
195,"w1b3","ffxiv/wil_w1/bah/w1b3/level/w1b3",1,"다날란","다날란","라그나로크급 6번함 제1함교","w1b3/00","LoadingImage#4",2,"TerritoryIntendedUse#17","대미궁 바하무트: 진성편 3",False,0,False,0,True,False,False,False,"BGMSituation#1001",,,,"QuestBattle#0","",-1,62,-1,False,"신생 에오르제아",0,0,0,"",False,True,0,False,False,False,False,False,True,0,False,False
196,"w1b4","ffxiv/wil_w1/bah/w1b4/level/w1b4",1,"다날란","다날란","바하무트 핵심부","w1b4/00","LoadingImage#4",2,"TerritoryIntendedUse#17","대미궁 바하무트: 진성편 4",False,44,False,0,True,False,False,False,"BGMSituation#1001",,,,"QuestBattle#0","",-1,63,-1,False,"신생 에오르제아",0,0,0,"",False,True,0,False,False,False,False,False,True,0,False,False
197,"","",0,"","","","","LoadingImage#0",0,"TerritoryIntendedUse#0","",False,0,False,0,False,False,False,False,"",,,,"QuestBattle#0","",0,0,0,False,"신생 에오르제아",0,0,0,"",False,False,0,False,False,False,False,False,False,0,False,False
198,"s1e4","ffxiv/sea_s1/evt/s1e4/level/s1e4",1,"라노시아","림사 로민사","사령함교: 제독실","s1e4/00","LoadingImage#2",0,"TerritoryIntendedUse#15","",False,14,False,0,True,False,False,False,"music/ffxiv/BGM_Event_Melvib.scd",,,"ArrayEventHandler#852801","QuestBattle#0","림사 로민사 하층 갑판",-1,0,-1,False,"신생 에오르제아",0,0,0,"",False,True,0,False,False,False,False,False,True,0,False,False
199,"","",0,"","","","","LoadingImage#0",0,"TerritoryIntendedUse#0","",False,0,False,0,False,False,False,False,"",,,,"QuestBattle#0","",0,0,0,False,"신생 에오르제아",0,0,0,"",False,False,0,False,False,False,False,False,False,0,False,False
200,"","",0,"","","","","LoadingImage#0",0,"TerritoryIntendedUse#0","",False,0,False,0,False,False,False,False,"",,,,"QuestBattle#0","",0,0,0,False,"신생 에오르제아",0,0,0,"",False,False,0,False,False,False,False,False,False,0,False,False
201,"","",0,"","","","","LoadingImage#0",0,"TerritoryIntendedUse#0","",False,0,False,0,False,False,False,False,"",,,,"QuestBattle#0","",0,0,0,False,"신생 에오르제아",0,0,0,"",False,False,0,False,False,False,False,False,False,0,False,False
202,"","",0,"","","","","LoadingImage#0",0,"TerritoryIntendedUse#0","",False,0,False,0,False,False,False,False,"",,,,"QuestBattle#0","",0,0,0,False,"신생 에오르제아",0,0,0,"",False,False,0,False,False,False,False,False,False,0,False,False
203,"","",0,"","","","","LoadingImage#0",0,"TerritoryIntendedUse#0","",False,0,False,0,False,False,False,False,"",,,,"QuestBattle#0","",0,0,0,False,"신생 에오르제아",0,0,0,"",False,False,0,False,False,False,False,False,False,0,False,False
204,"f1e4","ffxiv/fst_f1/evt/f1e4/level/f1e4",1,"검은장막 숲","그리다니아","신궁부대 사령실","f1e4/00","LoadingImage#3",0,"TerritoryIntendedUse#15","",False,0,False,0,True,False,False,False,"music/ffxiv/BGM_Event_Keikaku.scd",,,,"QuestBattle#0","그리다니아 신시가지",-1,0,-1,False,"신생 에오르제아",0,0,0,"",False,True,0,False,False,False,False,False,True,0,False,False
205,"f1e5","ffxiv/fst_f1/evt/f1e5/level/f1e5",1,"검은장막 숲","그리다니아","말없는 선인의 좌탁","f1e5/00","LoadingImage#3",0,"TerritoryIntendedUse#15","",False,0,False,0,True,False,False,False,"music/ffxiv/BGM_Event_Kanue.scd",,,,"QuestBattle#0","그리다니아 신시가지",-1,0,-1,False,"신생 에오르제아",0,0,0,"",False,True,0,False,False,False,False,False,True,0,False,False
206,"","",0,"","","","","LoadingImage#0",0,"TerritoryIntendedUse#0","",False,0,False,0,False,False,False,False,"",,,,"QuestBattle#0","",0,0,0,False,"신생 에오르제아",0,0,0,"",False,False,0,False,False,False,False,False,False,0,False,False
207,"","",0,"","","","","LoadingImage#0",0,"TerritoryIntendedUse#0","",False,0,False,0,False,False,False,False,"",,,,"QuestBattle#0","",0,0,0,False,"신생 에오르제아",0,0,0,"",False,False,0,False,False,False,False,False,False,0,False,False
208,"","",0,"","","","","LoadingImage#0",0,"TerritoryIntendedUse#0","",False,0,False,0,False,False,False,False,"",,,,"QuestBattle#0","",0,0,0,False,"신생 에오르제아",0,0,0,"",False,False,0,False,False,False,False,False,False,0,False,False
209,"","",0,"","","","","LoadingImage#0",0,"TerritoryIntendedUse#0","",False,0,False,0,False,False,False,False,"",,,,"QuestBattle#0","",0,0,0,False,"신생 에오르제아",0,0,0,"",False,False,0,False,False,False,False,False,False,0,False,False
210,"w1e4","ffxiv/wil_w1/evt/w1e4/level/w1e4",1,"다날란","울다하","은갑옷단 총장실","w1e4/00","LoadingImage#4",0,"TerritoryIntendedUse#15","",False,0,False,0,True,False,False,False,"music/ffxiv/BGM_Event_Keikaku.scd",,,,"QuestBattle#0","울다하 날 회랑",-1,0,-1,False,"신생 에오르제아",0,0,0,"",False,True,0,False,False,False,False,False,True,0,False,False
211,"","",0,"","","","","LoadingImage#0",0,"TerritoryIntendedUse#0","",False,0,False,0,False,False,False,False,"",,,,"QuestBattle#0","",0,0,0,False,"신생 에오르제아",0,0,0,"",False,False,0,False,False,False,False,False,False,0,False,False
212,"w1e6","ffxiv/wil_w1/evt/w1e6/level/w1e6",1,"다날란","다날란","모래의 집","w1e6/00","LoadingImage#4",0,"TerritoryIntendedUse#15","",False,0,False,0,True,False,False,False,"BGMSituation#1036",,,"ArrayEventHandler#852093","QuestBattle#0","지평선 관문",-1,0,-1,False,"신생 에오르제아",0,0,0,"",False,True,0,False,False,False,False,False,True,0,False,False
213,"","",0,"","","","","LoadingImage#0",0,"TerritoryIntendedUse#0","",False,0,False,0,False,False,False,False,"",,,,"QuestBattle#0","",0,0,0,False,"신생 에오르제아",0,0,0,"",False,False,0,False,False,False,False,False,False,0,False,False
214,"go001","ffxiv/sea_s1/fld/s1f1/level/s1f1",1,"라노시아","라노시아","중부 라노시아","s1f1/00","LoadingImage#2",2,"TerritoryIntendedUse#3","집단전 훈련을 완수하라!",False,16,False,0,True,False,False,False,"BGMSituation#1001",,,,"QuestBattle#0","",-1,0,-1,False,"신생 에오르제아",0,0,0,"",False,True,0,False,False,False,False,False,True,0,False,False
215,"go003","ffxiv/wil_w1/fld/w1f1/level/w1f1",1,"다날란","다날란","서부 다날란","w1f1/00","LoadingImage#4",2,"TerritoryIntendedUse#3","관문을 돌파하고 최심부의 적을 쓰러뜨려라!",False,9,False,0,True,False,False,False,"BGMSituation#1001",,,,"QuestBattle#0","",-1,0,-1,False,"신생 에오르제아",0,0,0,"",False,True,0,False,False,False,False,False,True,0,False,False
216,"go004","ffxiv/wil_w1/fld/w1f2/level/w1f2",1,"다날란","다날란","중부 다날란","w1f2/00","LoadingImage#4",2,"TerritoryIntendedUse#3","길거북을 사로잡아라!",False,10,False,0,True,False,False,False,"BGMSituation#1001",,,,"QuestBattle#0","",-1,0,-1,False,"신생 에오르제아",0,0,0,"",False,True,0,False,False,False,False,False,True,0,False,False
217,"","",0,"","","","","LoadingImage#0",0,"TerritoryIntendedUse#0","",False,0,False,0,False,False,False,False,"",,,,"QuestBattle#0","",0,0,0,False,"신생 에오르제아",0,0,0,"",False,False,0,False,False,False,False,False,False,0,False,False
218,"","",0,"","","","","LoadingImage#0",0,"TerritoryIntendedUse#0","",False,0,False,0,False,False,False,False,"",,,,"QuestBattle#0","",0,0,0,False,"신생 에오르제아",0,0,0,"",False,False,0,False,False,False,False,False,False,0,False,False
219,"go008","ffxiv/fst_f1/fld/f1f1/level/f1f1",1,"검은장막 숲","검은장막 숲","검은장막 숲 중부삼림","f1f1/00","LoadingImage#3",2,"TerritoryIntendedUse#3","폭탄광 고블린 군단을 섬멸하라!",False,3,False,0,True,False,False,False,"BGMSituation#1001",,,,"QuestBattle#0","",-1,0,-1,False,"신생 에오르제아",0,0,0,"",False,True,0,False,False,False,False,False,True,0,False,False
220,"go007","ffxiv/fst_f1/fld/f1f3/level/f1f3",1,"검은장막 숲","검은장막 숲","검은장막 숲 남부삼림","f1f3/00","LoadingImage#3",2,"TerritoryIntendedUse#3","몽환의 브라크시오를 쓰러뜨려라!",False,5,False,0,True,False,False,False,"BGMSituation#1001",,,,"QuestBattle#0","",-1,0,-1,False,"신생 에오르제아",0,0,0,"",False,True,0,False,False,False,False,False,True,0,False,False
221,"go009","ffxiv/sea_s1/fld/s1f5/level/s1f5",1,"라노시아","라노시아","고지 라노시아","s1f5/00","LoadingImage#2",2,"TerritoryIntendedUse#3","오염원 몰볼을 쓰러뜨려라!",False,20,False,0,True,False,False,False,"BGMSituation#1001",,,,"QuestBattle#0","",-1,0,-1,False,"신생 에오르제아",0,0,0,"",False,True,0,False,False,False,False,False,True,0,False,False
222,"go010","ffxiv/sea_s1/fld/s1f2/level/s1f2",1,"라노시아","라노시아","저지 라노시아","s1f2/00","LoadingImage#2",2,"TerritoryIntendedUse#3","갱도에 나타난 요마 부소를 쓰러뜨려라!",False,17,False,0,True,False,False,False,"BGMSituation#1001",,,,"QuestBattle#0","",-1,0,-1,False,"신생 에오르제아",0,0,0,"",False,True,0,False,False,False,False,False,True,0,False,False
223,"go011","ffxiv/roc_r1/fld/r1f1/level/r1f1",1,"커르다스","커르다스","커르다스 중앙고지","r1f1/00","LoadingImage#5",2,"TerritoryIntendedUse#3","무적의 부하를 조종하는 요마를 쓰러뜨려라!",False,21,False,2,True,False,False,False,"BGMSituation#1001",,,,"QuestBattle#0","",-1,0,-1,False,"신생 에오르제아",0,0,0,"",False,True,0,False,False,False,False,False,True,0,False,False
224,"","",0,"","","","","LoadingImage#0",0,"TerritoryIntendedUse#0","",False,0,False,0,False,False,False,False,"",,,,"QuestBattle#0","",0,0,0,False,"신생 에오르제아",0,0,0,"",False,False,0,False,False,False,False,False,False,0,False,False
225,"e0002","ffxiv/fst_f1/fld/f1f1/level/f1f1",1,"검은장막 숲","검은장막 숲","검은장막 숲 중부삼림","f1f1/00","LoadingImage#3",3,"TerritoryIntendedUse#9","",False,3,False,0,True,False,False,False,"music/ffxiv/BGM_Boss_02.scd",,,,"QuestBattle#15","",-1,0,-1,False,"신생 에오르제아",0,0,0,"",False,True,0,False,False,True,False,False,True,0,False,False
226,"e0003","ffxiv/fst_f1/fld/f1f1/level/f1f1",1,"검은장막 숲","검은장막 숲","검은장막 숲 중부삼림","f1f1/00","LoadingImage#3",3,"TerritoryIntendedUse#9","",False,3,False,0,True,False,False,False,"music/ffxiv/BGM_Boss_01.scd",,,,"QuestBattle#12","",-1,0,-1,False,"신생 에오르제아",0,0,0,"",False,True,0,False,False,True,False,False,True,0,False,False
227,"e0004","ffxiv/fst_f1/fld/f1f1/level/f1f1",1,"검은장막 숲","검은장막 숲","검은장막 숲 중부삼림","f1f1/00","LoadingImage#3",3,"TerritoryIntendedUse#9","",False,3,False,0,True,False,False,False,"music/ffxiv/BGM_Boss_02.scd",,,,"QuestBattle#14","",-1,0,-1,False,"신생 에오르제아",0,0,0,"",False,True,0,False,False,True,False,False,True,0,False,False
228,"e0007","ffxiv/fst_f1/fld/f1f4/level/f1f4",1,"검은장막 숲","검은장막 숲","검은장막 숲 북부삼림","f1f4/00","LoadingImage#3",3,"TerritoryIntendedUse#9","",False,6,False,0,True,False,False,False,"music/ffxiv/BGM_Boss_02.scd",,,,"QuestBattle#6","",-1,0,-1,False,"신생 에오르제아",0,0,0,"",False,True,0,False,False,True,False,False,True,0,False,False
229,"e0008","ffxiv/fst_f1/fld/f1f3/level/f1f3",1,"검은장막 숲","검은장막 숲","검은장막 숲 남부삼림","f1f3/00","LoadingImage#3",3,"TerritoryIntendedUse#9","",False,5,False,0,True,False,False,False,"music/ffxiv/BGM_Boss_02.scd",,,,"QuestBattle#5","",-1,0,-1,False,"신생 에오르제아",0,0,0,"",False,True,0,False,False,True,False,False,True,0,False,False
230,"e0009","ffxiv/fst_f1/fld/f1f1/level/f1f1",1,"검은장막 숲","검은장막 숲","검은장막 숲 중부삼림","f1f1/00","LoadingImage#3",3,"TerritoryIntendedUse#9","",False,3,False,0,True,False,False,False,"music/ffxiv/BGM_Boss_02.scd",,,,"QuestBattle#4","",-1,0,-1,False,"신생 에오르제아",0,0,0,"",False,True,0,False,False,True,False,False,True,0,False,False
231,"e0010","ffxiv/fst_f1/fld/f1f3/level/f1f3",1,"검은장막 숲","검은장막 숲","검은장막 숲 남부삼림","f1f3/00","LoadingImage#3",3,"TerritoryIntendedUse#9","",False,5,False,0,True,False,False,False,"music/ffxiv/BGM_Boss_02.scd",,,,"QuestBattle#2","",-1,0,-1,False,"신생 에오르제아",0,0,0,"",False,True,0,False,False,True,False,False,True,0,False,False
232,"e0016","ffxiv/fst_f1/fld/f1f3/level/f1f3",1,"검은장막 숲","검은장막 숲","검은장막 숲 남부삼림","f1f3/00","LoadingImage#3",3,"TerritoryIntendedUse#9","",False,5,False,0,True,False,False,False,"music/ffxiv/BGM_Boss_04.scd",,,,"QuestBattle#13","",-1,0,-1,False,"신생 에오르제아",0,0,0,"",False,True,0,False,False,True,False,False,True,0,False,False
233,"e0001","ffxiv/fst_f1/fld/f1f1/level/f1f1",1,"검은장막 숲","검은장막 숲","검은장막 숲 중부삼림","f1f1/00","LoadingImage#3",3,"TerritoryIntendedUse#9","",False,3,False,0,True,False,False,False,"music/ffxiv/BGM_Boss_02.scd",,,,"QuestBattle#11","",-1,0,-1,False,"신생 에오르제아",0,0,0,"",False,True,0,False,False,True,False,False,True,0,False,False
234,"e0005","ffxiv/fst_f1/fld/f1f2/level/f1f2",1,"검은장막 숲","검은장막 숲","검은장막 숲 동부삼림","f1f2/00","LoadingImage#3",3,"TerritoryIntendedUse#9","",False,4,False,0,True,False,False,False,"music/ffxiv/BGM_Boss_04.scd",,,,"QuestBattle#16","",-1,0,-1,False,"신생 에오르제아",0,0,0,"",False,True,0,False,False,True,False,False,True,0,False,False
235,"e0006","ffxiv/fst_f1/fld/f1f3/level/f1f3",1,"검은장막 숲","검은장막 숲","검은장막 숲 남부삼림","f1f3/00","LoadingImage#3",3,"TerritoryIntendedUse#9","",False,5,False,0,True,False,False,False,"music/ffxiv/BGM_Event_BattleCommon_02.scd",,,,"QuestBattle#17","",-1,0,-1,False,"신생 에오르제아",0,0,0,"",False,True,0,False,False,True,False,False,True,0,False,False
236,"e0011","ffxiv/fst_f1/fld/f1f3/level/f1f3",1,"검은장막 숲","검은장막 숲","검은장막 숲 남부삼림","f1f3/00","LoadingImage#3",3,"TerritoryIntendedUse#9","",False,5,False,0,True,False,False,False,"music/ffxiv/BGM_Event_BattleCommon_02.scd",,,,"QuestBattle#3","",-1,0,-1,False,"신생 에오르제아",0,0,0,"",False,True,0,False,False,True,False,False,True,0,False,False
237,"e0012","ffxiv/fst_f1/fld/f1f1/level/f1f1",1,"검은장막 숲","검은장막 숲","검은장막 숲 중부삼림","f1f1/00","LoadingImage#3",3,"TerritoryIntendedUse#9","",False,3,False,0,True,False,False,False,"music/ffxiv/BGM_Boss_02.scd",,,,"QuestBattle#7","",-1,0,-1,False,"신생 에오르제아",0,0,0,"",False,True,0,False,False,True,False,False,True,0,False,False
238,"e0013","ffxiv/fst_f1/twn/f1t2/level/f1t2",1,"검은장막 숲","그리다니아","그리다니아 구시가지","f1t2/00","LoadingImage#3",3,"TerritoryIntendedUse#9","",False,2,False,0,True,False,False,False,"music/ffxiv/BGM_Boss_04.scd",,,,"QuestBattle#8","",-1,0,-1,False,"신생 에오르제아",0,0,0,"",False,True,0,False,False,True,False,False,True,0,False,False
239,"e0014","ffxiv/fst_f1/fld/f1f1/level/f1f1",1,"검은장막 숲","검은장막 숲","검은장막 숲 중부삼림","f1f1/00","LoadingImage#3",3,"TerritoryIntendedUse#9","",False,3,False,0,True,False,False,False,"music/ffxiv/BGM_Boss_02.scd",,,,"QuestBattle#9","",-1,0,-1,False,"신생 에오르제아",0,0,0,"",False,True,0,False,False,True,False,False,True,0,False,False
240,"e0015","ffxiv/fst_f1/fld/f1f4/level/f1f4",1,"검은장막 숲","검은장막 숲","검은장막 숲 북부삼림","f1f4/00","LoadingImage#3",3,"TerritoryIntendedUse#9","",False,6,False,0,True,False,False,False,"music/ffxiv/BGM_Event_BattleCommon_02.scd",,,,"QuestBattle#10","",-1,0,-1,False,"신생 에오르제아",0,0,0,"",False,True,0,False,False,True,False,False,True,0,False,False
241,"s1b1","ffxiv/sea_s1/bah/s1b1/level/s1b1",1,"라노시아","라노시아","메테오 탐사갱 상부","s1b1/00","LoadingImage#2",2,"TerritoryIntendedUse#16","대미궁 바하무트: 해후편 1",False,0,False,0,True,False,False,False,"BGMSituation#1001",,,,"QuestBattle#0","",-1,0,-1,False,"신생 에오르제아",0,0,0,"",False,True,0,False,False,False,False,False,True,0,False,False
242,"s1b2","ffxiv/sea_s1/bah/s1b2/level/s1b2",1,"라노시아","라노시아","메테오 탐사갱 하부","s1b2/00","LoadingImage#2",2,"TerritoryIntendedUse#17","대미궁 바하무트: 해후편 2",False,0,False,0,True,False,False,False,"BGMSituation#1001",,,,"QuestBattle#0","",-1,11,-1,False,"신생 에오르제아",0,0,0,"",False,True,0,False,False,False,False,False,True,0,False,False
243,"s1b3","ffxiv/sea_s1/bah/s1b3/level/s1b3",1,"라노시아","라노시아","라그나로크급 구속함","s1b3/01","LoadingImage#2",2,"TerritoryIntendedUse#16","대미궁 바하무트: 해후편 3",False,0,False,0,True,False,False,False,"BGMSituation#1001",,,,"QuestBattle#0","",-1,0,-1,False,"신생 에오르제아",0,0,0,"",False,True,0,False,False,False,False,False,True,0,False,False
244,"s1b4","ffxiv/sea_s1/bah/s1b4/level/s1b4",1,"라노시아","라노시아","가동격벽","s1b4/00","LoadingImage#2",2,"TerritoryIntendedUse#17","대미궁 바하무트: 해후편 4",False,0,False,0,True,False,False,False,"BGMSituation#1001",,,,"QuestBattle#0","",-1,0,-1,False,"신생 에오르제아",0,0,0,"",False,True,0,False,False,False,False,False,True,0,False,False
245,"s1b5","ffxiv/sea_s1/bah/s1b5/level/s1b5",1,"라노시아","라노시아","중추구획","s1b5/00","LoadingImage#2",2,"TerritoryIntendedUse#16","대미궁 바하무트: 해후편 5",False,0,False,0,True,False,False,False,"BGMSituation#1001",,,,"QuestBattle#0","",-1,15,-1,False,"신생 에오르제아",0,0,0,"",False,True,0,False,False,False,False,False,True,0,False,False
246,"w1b5","ffxiv/wil_w1/bah/w1b5/level/w1b5",1,"다날란","다날란","라그나로크급 4번함 제1함교","default/00","LoadingImage#4",0,"TerritoryIntendedUse#12","",False,0,False,0,True,False,False,False,"BGMSituation#1001",,,"ArrayEventHandler#852738","QuestBattle#0","청린 정제소",-1,0,-1,False,"신생 에오르제아",0,0,0,"",False,True,0,False,False,False,False,False,True,0,False,False
247,"s1b7","ffxiv/sea_s1/bah/s1b7/level/s1b7",1,"라노시아","라노시아","제1함교","default/00","LoadingImage#2",0,"TerritoryIntendedUse#12","",False,0,False,0,True,False,False,False,"BGMSituation#1001",,,,"QuestBattle#0","청린 정제소",-1,0,-1,False,"신생 에오르제아",0,0,0,"",False,True,0,False,False,False,False,False,True,0,False,False
248,"e0017","ffxiv/wil_w1/fld/w1f2/level/w1f2",1,"다날란","다날란","중부 다날란","w1f2/00","LoadingImage#4",3,"TerritoryIntendedUse#9","",False,10,False,0,True,False,False,False,"music/ffxiv/BGM_Boss_02.scd",,,,"QuestBattle#18","",-1,0,-1,False,"신생 에오르제아",0,0,0,"",False,True,0,False,False,True,False,False,True,0,False,False
249,"e0018","ffxiv/sea_s1/fld/s1f2/level/s1f2",1,"라노시아","라노시아","저지 라노시아","s1f2/00","LoadingImage#2",3,"TerritoryIntendedUse#9","",False,17,False,0,True,False,False,False,"music/ffxiv/BGM_Event_Treacherous.scd",,,,"QuestBattle#24","",-1,0,-1,False,"신생 에오르제아",0,0,0,"",False,True,0,False,False,True,False,False,True,0,False,False
250,"s1p1","ffxiv/sea_s1/pvp/s1p1/level/s1p1",1,"라노시아","늑대우리","늑대우리 부두","s1p1/00","LoadingImage#2",0,"TerritoryIntendedUse#1","",False,29,False,0,True,False,False,False,"BGMSituation#1081",,,"ArrayEventHandler#853478","QuestBattle#0","늑대우리 부두",-1,0,27,True,"신생 에오르제아",0,0,0,"",False,True,0,False,False,False,False,False,True,0,False,False
251,"e0028","ffxiv/wil_w1/twn/w1t1/level/w1t1",1,"다날란","울다하","울다하 날 회랑","w1t1/01","LoadingImage#4",3,"TerritoryIntendedUse#9","",False,7,False,0,True,False,False,False,"music/ffxiv/BGM_Event_BattleCommon_02.scd",,,,"QuestBattle#34","",-1,0,-1,False,"신생 에오르제아",0,0,0,"",False,True,0,False,False,True,False,False,True,0,False,False
252,"e0038","ffxiv/sea_s1/fld/s1f1/level/s1f1",1,"라노시아","라노시아","중부 라노시아","s1f1/00","LoadingImage#2",3,"TerritoryIntendedUse#9","",False,16,False,0,True,False,False,False,"music/ffxiv/BGM_Boss_02.scd",,,,"QuestBattle#35","",-1,0,-1,False,"신생 에오르제아",0,0,0,"",False,True,0,False,False,True,False,False,True,0,False,False
253,"e0019","ffxiv/wil_w1/fld/w1f2/level/w1f2",1,"다날란","다날란","중부 다날란","w1f2/00","LoadingImage#4",3,"TerritoryIntendedUse#9","",False,10,False,0,True,False,False,False,"music/ffxiv/BGM_Boss_02.scd",,,,"QuestBattle#19","",-1,0,-1,False,"신생 에오르제아",0,0,0,"",False,True,0,False,False,True,False,False,True,0,False,False
254,"e0020","ffxiv/wil_w1/twn/w1t1/level/w1t1",1,"다날란","울다하","울다하 날 회랑","w1t1/01","LoadingImage#4",3,"TerritoryIntendedUse#9","",False,7,False,0,True,False,False,False,"music/ffxiv/BGM_Boss_02.scd",,,,"QuestBattle#20","",-1,0,-1,False,"신생 에오르제아",0,0,0,"",False,True,0,False,False,True,False,False,True,0,False,False
255,"e0021","ffxiv/wil_w1/fld/w1f1/level/w1f1",1,"다날란","다날란","서부 다날란","w1f1/00","LoadingImage#4",3,"TerritoryIntendedUse#9","",False,9,False,0,True,False,False,False,"music/ffxiv/BGM_Boss_02.scd",,,,"QuestBattle#21","",-1,0,-1,False,"신생 에오르제아",0,0,0,"",False,True,0,False,False,True,False,False,True,0,False,False
256,"e0022","ffxiv/wil_w1/fld/w1f3/level/w1f3",1,"다날란","다날란","동부 다날란","w1f3/00","LoadingImage#4",3,"TerritoryIntendedUse#9","",False,11,False,0,True,False,False,False,"music/ffxiv/BGM_Boss_04.scd",,,,"QuestBattle#22","",-1,0,-1,False,"신생 에오르제아",0,0,0,"",False,True,0,False,False,True,False,False,True,0,False,False
257,"e0023","ffxiv/wil_w1/fld/w1f3/level/w1f3",1,"다날란","다날란","동부 다날란","w1f3/00","LoadingImage#4",3,"TerritoryIntendedUse#9","",False,11,False,0,True,False,False,False,"music/ffxiv/BGM_Event_BattleCommon_02.scd",,,,"QuestBattle#23","",-1,0,-1,False,"신생 에오르제아",0,0,0,"",False,True,0,False,False,True,False,False,True,0,False,False
258,"e0024","ffxiv/wil_w1/fld/w1f2/level/w1f2",1,"다날란","다날란","중부 다날란","w1f2/00","LoadingImage#4",3,"TerritoryIntendedUse#9","",False,10,False,0,True,False,False,False,"music/ffxiv/BGM_Boss_02.scd",,,,"QuestBattle#30","",-1,0,-1,False,"신생 에오르제아",0,0,0,"",False,True,0,False,False,True,False,False,True,0,False,False
259,"e0025","ffxiv/wil_w1/twn/w1t1/level/w1t1",1,"다날란","울다하","울다하 날 회랑","w1t1/01","LoadingImage#4",3,"TerritoryIntendedUse#9","",False,7,False,0,True,False,False,False,"music/ffxiv/BGM_Event_Craft.scd",,,,"QuestBattle#31","",-1,0,-1,False,"신생 에오르제아",0,0,0,"",False,True,0,False,False,True,False,False,True,0,False,False
260,"e0026","ffxiv/wil_w1/fld/w1f4/level/w1f4",1,"다날란","다날란","남부 다날란","w1f4/01","LoadingImage#4",3,"TerritoryIntendedUse#9","",False,12,False,0,True,False,False,False,"music/ffxiv/BGM_Boss_02.scd",,,,"QuestBattle#32","",-1,0,-1,False,"신생 에오르제아",0,38,0,"",False,True,0,False,False,True,False,False,True,0,False,False
261,"e0027","ffxiv/wil_w1/fld/w1f4/level/w1f4",1,"다날란","다날란","남부 다날란","w1f4/01","LoadingImage#4",3,"TerritoryIntendedUse#9","",False,12,False,0,True,False,False,False,"music/ffxiv/BGM_Event_Craft.scd",,,,"QuestBattle#33","",-1,0,-1,False,"신생 에오르제아",0,0,0,"",False,True,0,False,False,True,False,False,True,0,False,False
262,"e0034","ffxiv/sea_s1/fld/s1f2/level/s1f2",1,"라노시아","라노시아","저지 라노시아","s1f2/00","LoadingImage#2",3,"TerritoryIntendedUse#9","",False,17,False,0,True,False,False,False,"music/ffxiv/BGM_Boss_04.scd",,,,"QuestBattle#25","",-1,0,-1,False,"신생 에오르제아",0,0,0,"",False,True,0,False,False,True,False,False,True,0,False,False
263,"e0035","ffxiv/sea_s1/fld/s1f4/level/s1f4",1,"라노시아","라노시아","서부 라노시아","s1f4/00","LoadingImage#2",3,"TerritoryIntendedUse#9","",False,19,False,0,True,False,False,False,"music/ffxiv/BGM_Boss_02.scd",,,,"QuestBattle#26","",-1,0,-1,False,"신생 에오르제아",0,0,0,"",False,True,0,False,False,True,False,False,True,0,False,False
264,"e0036","ffxiv/sea_s1/fld/s1f2/level/s1f2",1,"라노시아","라노시아","저지 라노시아","s1f2/00","LoadingImage#2",3,"TerritoryIntendedUse#9","",False,17,False,0,True,False,False,False,"music/ffxiv/BGM_Battle_Lim_01.scd",,,,"QuestBattle#27","",-1,0,-1,False,"신생 에오르제아",0,0,0,"",False,True,0,False,False,True,False,False,True,0,False,False
265,"e0037","ffxiv/sea_s1/fld/s1f2/level/s1f2",1,"라노시아","라노시아","저지 라노시아","s1f2/00","LoadingImage#2",3,"TerritoryIntendedUse#9","",False,17,False,0,True,False,False,False,"music/ffxiv/BGM_Event_BattleCommon_02.scd",,,,"QuestBattle#28","",-1,0,-1,False,"신생 에오르제아",0,0,0,"",False,True,0,False,False,True,False,False,True,0,False,False
266,"e0029","ffxiv/wil_w1/fld/w1f3/level/w1f3",1,"다날란","다날란","동부 다날란","w1f3/00","LoadingImage#4",3,"TerritoryIntendedUse#9","",False,11,False,0,True,False,False,False,"music/ffxiv/BGM_Event_Treacherous.scd",,,,"QuestBattle#40","",-1,0,-1,False,"신생 에오르제아",0,0,0,"",False,True,0,False,False,True,False,False,True,0,False,False
267,"e0030","ffxiv/wil_w1/fld/w1f1/level/w1f1",1,"다날란","다날란","서부 다날란","w1f1/00","LoadingImage#4",3,"TerritoryIntendedUse#9","",False,9,False,0,True,False,False,False,"music/ffxiv/BGM_Boss_02.scd",,,,"QuestBattle#41","",-1,0,-1,False,"신생 에오르제아",0,0,0,"",False,True,0,False,False,True,False,False,True,0,False,False
268,"e0031","ffxiv/wil_w1/fld/w1f3/level/w1f3",1,"다날란","다날란","동부 다날란","w1f3/00","LoadingImage#4",3,"TerritoryIntendedUse#9","",False,11,False,0,True,False,False,False,"music/ffxiv/BGM_Boss_04.scd",,,,"QuestBattle#42","",-1,0,-1,False,"신생 에오르제아",0,0,0,"",False,True,0,False,False,True,False,False,True,0,False,False
269,"e0032","ffxiv/wil_w1/fld/w1f1/level/w1f1",1,"다날란","다날란","서부 다날란","w1f1/00","LoadingImage#4",3,"TerritoryIntendedUse#9","",False,9,False,0,True,False,False,False,"music/ffxiv/BGM_Event_BattleCommon_02.scd",,,,"QuestBattle#43","",-1,0,-1,False,"신생 에오르제아",0,0,0,"",False,True,0,False,False,True,False,False,True,0,False,False
270,"e0041","ffxiv/wil_w1/fld/w1f2/level/w1f2",1,"다날란","다날란","중부 다날란","w1f2/00","LoadingImage#4",3,"TerritoryIntendedUse#9","",False,10,False,0,True,False,False,False,"music/ffxiv/BGM_Boss_02.scd",,,,"QuestBattle#37","",-1,0,-1,False,"신생 에오르제아",0,0,0,"",False,True,0,False,False,True,False,False,True,0,False,False
271,"e0042","ffxiv/wil_w1/fld/w1f2/level/w1f2",1,"다날란","다날란","중부 다날란","w1f2/00","LoadingImage#4",3,"TerritoryIntendedUse#9","",False,10,False,0,True,False,False,False,"music/ffxiv/BGM_Boss_01.scd",,,,"QuestBattle#38","",-1,0,-1,False,"신생 에오르제아",0,0,0,"",False,True,0,False,False,True,False,False,True,0,False,False
272,"e0039","ffxiv/sea_s1/fld/s1f1/level/s1f1",1,"라노시아","라노시아","중부 라노시아","s1f1/00","LoadingImage#2",3,"TerritoryIntendedUse#9","",False,16,False,0,True,False,False,False,"music/ffxiv/BGM_Boss_02.scd",,,,"QuestBattle#29","",-1,0,-1,False,"신생 에오르제아",0,0,0,"",False,True,0,False,False,True,False,False,True,0,False,False
273,"e0043","ffxiv/wil_w1/fld/w1f1/level/w1f1",1,"다날란","다날란","서부 다날란","w1f1/00","LoadingImage#4",3,"TerritoryIntendedUse#9","",False,9,False,0,True,False,False,False,"music/ffxiv/BGM_Boss_04.scd",,,,"QuestBattle#39","",-1,0,-1,False,"신생 에오르제아",0,0,0,"",False,True,0,False,False,True,False,False,True,0,False,False
274,"e0046","ffxiv/wil_w1/twn/w1t1/level/w1t1",1,"다날란","울다하","울다하 날 회랑","w1t1/01","LoadingImage#4",3,"TerritoryIntendedUse#9","",False,7,False,0,True,False,False,False,"music/ffxiv/BGM_Event_FF2BossBattle.scd",,,,"QuestBattle#44","",-1,0,-1,False,"신생 에오르제아",0,0,0,"",False,True,0,False,False,True,False,False,True,0,False,False
275,"e0047","ffxiv/wil_w1/fld/w1f3/level/w1f3",1,"다날란","다날란","동부 다날란","w1f3/00","LoadingImage#4",3,"TerritoryIntendedUse#9","",False,11,False,0,True,False,False,False,"music/ffxiv/BGM_Boss_02.scd",,,,"QuestBattle#45","",-1,0,-1,False,"신생 에오르제아",0,0,0,"",False,True,0,False,False,True,False,False,True,0,False,False
276,"z1e5","ffxiv/zon_z1/evt/z1e5/level/z1e5",1,"","","차원의 틈: 영빈실","default/00","LoadingImage#1",0,"TerritoryIntendedUse#7","",False,0,False,0,False,False,False,False,"BGMSituation#1001",,,,"QuestBattle#0","",-1,0,-1,False,"신생 에오르제아",0,0,0,"",False,True,0,False,False,False,False,False,True,0,False,False
277,"e0048","ffxiv/fst_f1/fld/f1f2/level/f1f2",1,"검은장막 숲","검은장막 숲","검은장막 숲 동부삼림","f1f2/00","LoadingImage#3",3,"TerritoryIntendedUse#9","",False,4,False,0,True,False,False,False,"music/ffxiv/BGM_Boss_04.scd",,,,"QuestBattle#46","",-1,0,-1,False,"신생 에오르제아",0,0,0,"",False,True,0,False,False,True,False,False,True,0,False,False
278,"e0049","ffxiv/wil_w1/fld/w1f1/level/w1f1",1,"다날란","다날란","서부 다날란","w1f1/00","LoadingImage#4",3,"TerritoryIntendedUse#9","",False,9,False,0,True,False,False,False,"music/ffxiv/BGM_Boss_04.scd",,,,"QuestBattle#47","",-1,0,-1,False,"신생 에오르제아",0,0,0,"",False,True,0,False,False,True,False,False,True,0,False,False
279,"e0050","ffxiv/sea_s1/fld/s1f2/level/s1f2",1,"라노시아","라노시아","저지 라노시아","s1f2/00","LoadingImage#2",3,"TerritoryIntendedUse#9","",False,17,False,0,True,False,False,False,"music/ffxiv/BGM_Boss_04.scd",,,,"QuestBattle#48","",-1,0,-1,False,"신생 에오르제아",0,0,0,"",False,True,0,False,False,True,False,False,True,0,False,False
280,"e0040","ffxiv/sea_s1/fld/s1f4/level/s1f4",1,"라노시아","라노시아","서부 라노시아","s1f4/00","LoadingImage#2",3,"TerritoryIntendedUse#9","",False,19,False,0,True,False,False,False,"music/ffxiv/BGM_Boss_01.scd",,,,"QuestBattle#36","",-1,0,-1,False,"신생 에오르제아",0,0,0,"",False,True,0,False,False,True,False,False,True,0,False,False
281,"o1fa","ffxiv/ocn_o1/fld/o1fa/level/o1fa",1,"라노시아","라노시아","대 리바이어선 쌍동선","o1fa/00","LoadingImage#2",2,"TerritoryIntendedUse#10","진 리바이어선 토벌전",False,38,False,0,True,False,False,False,"BGMSituation#1001",,,,"QuestBattle#0","",-1,36,-1,False,"신생 에오르제아",0,0,0,"",False,True,0,False,False,False,False,False,True,0,False,False
282,"s1i1","ffxiv/sea_s1/ind/s1i1/level/s1i1",1,"라노시아","라노시아","안갯빛 마을: 아담한 주택","s1i1/01","LoadingImage#2",0,"TerritoryIntendedUse#14","",False,0,False,0,True,False,False,False,"BGMSituation#1083",,,,"QuestBattle#0","림사 로민사 하층 갑판",-1,0,-1,False,"신생 에오르제아",0,0,0,"",False,True,0,False,False,False,False,False,True,0,False,False
283,"s1i2","ffxiv/sea_s1/ind/s1i2/level/s1i2",1,"라노시아","라노시아","안갯빛 마을: 일반 주택","s1i2/01","LoadingImage#2",0,"TerritoryIntendedUse#14","",False,0,False,0,True,False,False,False,"BGMSituation#1083",,,,"QuestBattle#0","림사 로민사 하층 갑판",-1,0,-1,False,"신생 에오르제아",0,0,0,"",False,True,0,False,False,False,False,False,True,0,False,False
284,"s1i3","ffxiv/sea_s1/ind/s1i3/level/s1i3",1,"라노시아","라노시아","안갯빛 마을: 대형 주택","s1i3/01","LoadingImage#2",0,"TerritoryIntendedUse#14","",False,0,False,0,True,False,False,False,"BGMSituation#1083",,,,"QuestBattle#0","림사 로민사 하층 갑판",-1,0,-1,False,"신생 에오르제아",0,0,0,"",False,True,0,False,False,False,False,False,True,0,False,False
285,"e0053","ffxiv/sea_s1/fld/s1f1/level/s1f1",1,"라노시아","라노시아","중부 라노시아","s1f1/00","LoadingImage#2",3,"TerritoryIntendedUse#9","",False,16,False,0,True,False,False,False,"music/ffxiv/BGM_Boss_04.scd",,,,"QuestBattle#50","",-1,0,-1,False,"신생 에오르제아",0,0,0,"",False,True,0,False,False,True,False,False,True,0,False,False
286,"e0054","ffxiv/ocn_o1/evt/o1e2/level/o1e2",1,"라노시아","라노시아","로타노 해","o1e2/00","LoadingImage#2",3,"TerritoryIntendedUse#9","",False,0,False,0,True,False,False,False,"music/ffxiv/BGM_Boss_04.scd",,,,"QuestBattle#51","",-1,0,-1,False,"신생 에오르제아",0,0,0,"",False,True,0,False,False,True,False,False,True,0,False,False
287,"e0055","ffxiv/sea_s1/fld/s1f2/level/s1f2",1,"라노시아","라노시아","저지 라노시아","s1f2/00","LoadingImage#2",3,"TerritoryIntendedUse#9","",False,17,False,0,True,False,False,False,"music/ffxiv/BGM_Boss_04.scd",,,,"QuestBattle#52","",-1,0,-1,False,"신생 에오르제아",0,0,0,"",False,True,0,False,False,True,False,False,True,0,False,False
288,"e0056","ffxiv/ocn_o1/evt/o1e2/level/o1e2",1,"라노시아","라노시아","로타노 해","o1e2/00","LoadingImage#2",3,"TerritoryIntendedUse#9","",False,0,False,0,True,False,False,False,"music/ffxiv/BGM_Boss_04.scd",,,,"QuestBattle#53","",300,0,-1,False,"신생 에오르제아",0,0,0,"",False,True,0,False,False,True,False,False,True,0,False,False
289,"e0057","ffxiv/fst_f1/fld/f1f2/level/f1f2",1,"검은장막 숲","검은장막 숲","검은장막 숲 동부삼림","f1f2/00","LoadingImage#3",3,"TerritoryIntendedUse#9","",False,4,False,0,True,False,False,False,"music/ffxiv/BGM_Boss_02.scd",,,,"QuestBattle#54","",-1,0,-1,False,"신생 에오르제아",0,0,0,"",False,True,0,False,False,True,False,False,True,0,False,False
290,"e0063","ffxiv/fst_f1/fld/f1f2/level/f1f2",1,"검은장막 숲","검은장막 숲","검은장막 숲 동부삼림","f1f2/00","LoadingImage#3",3,"TerritoryIntendedUse#9","",False,4,False,0,True,False,False,False,"music/ffxiv/BGM_Boss_02.scd",,,,"QuestBattle#55","",-1,0,-1,False,"신생 에오르제아",0,0,0,"",False,True,0,False,False,True,False,False,True,0,False,False
291,"e0064","ffxiv/fst_f1/fld/f1f3/level/f1f3",1,"검은장막 숲","검은장막 숲","검은장막 숲 남부삼림","f1f3/00","LoadingImage#3",3,"TerritoryIntendedUse#9","",False,5,False,0,True,False,False,False,"music/ffxiv/BGM_Boss_02.scd",,,,"QuestBattle#56","",1300,0,-1,False,"신생 에오르제아",0,0,0,"",False,True,0,False,False,True,False,False,True,0,False,False
292,"w1fa_2","ffxiv/wil_w1/fld/w1fa/level/w1fa",1,"다날란","다날란","불꽃신의 제단","w1fa/00","LoadingImage#4",2,"TerritoryIntendedUse#10","진 이프리트 토벌전",False,25,False,0,True,False,False,False,"BGMSituation#1001",,,,"QuestBattle#0","",-1,5,-1,False,"신생 에오르제아",0,0,0,"",False,True,0,False,False,False,False,False,True,0,False,False
293,"s1fa_2","ffxiv/sea_s1/fld/s1fa/level/s1fa",1,"라노시아","라노시아","오고모로 화산구 신전","s1fa/00","LoadingImage#2",2,"TerritoryIntendedUse#10","진 타이탄 토벌전",False,23,False,0,True,False,False,False,"BGMSituation#1001",,,,"QuestBattle#0","",-1,6,-1,False,"신생 에오르제아",0,0,0,"",False,True,0,False,False,False,False,False,True,0,False,False
294,"r1fa_2","ffxiv/roc_r1/fld/r1fa/level/r1fa",1,"커르다스","커르다스","울부짖는 눈 석탑군","r1fa/01","LoadingImage#5",2,"TerritoryIntendedUse#10","진 가루다 토벌전",False,26,False,0,True,False,False,False,"BGMSituation#1001",,,,"QuestBattle#0","",-1,10,-1,False,"신생 에오르제아",0,0,0,"",False,True,0,False,False,False,False,False,True,0,False,False
295,"w1fa_3","ffxiv/wil_w1/fld/w1fa/level/w1fa",1,"다날란","다날란","불꽃신의 제단","w1fa/00","LoadingImage#4",2,"TerritoryIntendedUse#10","극 이프리트 토벌전",False,25,False,0,True,False,False,False,"BGMSituation#1001",,,,"QuestBattle#0","",-1,23,-1,False,"신생 에오르제아",0,0,0,"",False,True,0,False,False,False,False,False,True,0,False,False
296,"s1fa_3","ffxiv/sea_s1/fld/s1fa/level/s1fa",1,"라노시아","라노시아","오고모로 화산구 신전","s1fa/00","LoadingImage#2",2,"TerritoryIntendedUse#10","극 타이탄 토벌전",False,23,False,0,True,False,False,False,"BGMSituation#1001",,,,"QuestBattle#0","",-1,16,-1,False,"신생 에오르제아",0,0,0,"",False,True,0,False,False,False,False,False,True,0,False,False
297,"r1fa_3","ffxiv/roc_r1/fld/r1fa/level/r1fa",1,"커르다스","커르다스","울부짖는 눈 석탑군","r1fa/01","LoadingImage#5",2,"TerritoryIntendedUse#10","극 가루다 토벌전",False,26,False,0,True,False,False,False,"BGMSituation#1001",,,,"QuestBattle#0","",-1,0,-1,False,"신생 에오르제아",0,0,0,"",False,True,0,False,False,False,False,False,True,0,False,False
298,"go012","ffxiv/roc_r1/fld/r1f1/level/r1f1",1,"커르다스","커르다스","커르다스 중앙고지","r1f1/00","LoadingImage#5",2,"TerritoryIntendedUse#3","봄을 거느린 '봄 여왕'을 쓰러뜨려라!",False,21,False,2,True,False,False,False,"BGMSituation#1001",,,,"QuestBattle#0","",-1,0,-1,False,"신생 에오르제아",0,0,0,"",False,True,0,False,False,False,False,False,True,0,False,False
299,"go013","ffxiv/lak_l1/fld/l1f1/level/l1f1",1,"모르도나","모르도나","모르도나","l1f1/01","LoadingImage#6",2,"TerritoryIntendedUse#3","불길한 진형을 짜는 요마를 섬멸하라!",False,22,False,0,True,False,False,False,"BGMSituation#1001",,,,"QuestBattle#0","",-1,0,-1,False,"신생 에오르제아",0,0,0,"",False,True,0,False,False,False,False,False,True,0,False,False
300,"go014","ffxiv/lak_l1/fld/l1f1/level/l1f1",1,"모르도나","모르도나","모르도나","l1f1/01","LoadingImage#6",2,"TerritoryIntendedUse#3","세 거인족을 제압하여 유물을 지켜내라!",False,22,False,0,True,False,False,False,"BGMSituation#1001",,,,"QuestBattle#0","",-1,0,-1,False,"신생 에오르제아",0,0,0,"",False,True,0,False,False,False,False,False,True,0,False,False
301,"e0051","ffxiv/roc_r1/fld/r1f1/level/r1f1",1,"커르다스","커르다스","커르다스 중앙고지","r1f1/00","LoadingImage#5",3,"TerritoryIntendedUse#9","",False,21,False,2,True,False,False,False,"music/ffxiv/BGM_Boss_02.scd",,,,"QuestBattle#60","",-1,0,-1,False,"신생 에오르제아",0,0,0,"",False,True,0,False,False,True,False,False,True,0,False,False
302,"e0052","ffxiv/roc_r1/fld/r1f1/level/r1f1",1,"커르다스","커르다스","커르다스 중앙고지","r1f1/00","LoadingImage#5",3,"TerritoryIntendedUse#9","",False,21,False,2,True,False,False,False,"music/ffxiv/BGM_Event_BattleCommon_02.scd",,,,"QuestBattle#61","",-1,0,-1,False,"신생 에오르제아",0,0,0,"",False,True,0,False,False,True,False,False,True,0,False,False
303,"e0058","ffxiv/fst_f1/fld/f1f2/level/f1f2",1,"검은장막 숲","검은장막 숲","검은장막 숲 동부삼림","f1f2/00","LoadingImage#3",3,"TerritoryIntendedUse#9","",False,4,False,0,True,False,False,False,"music/ffxiv/BGM_Boss_04.scd",,,,"QuestBattle#57","",-1,0,-1,False,"신생 에오르제아",0,0,0,"",False,True,0,False,False,True,False,False,True,0,False,False
304,"e0059","ffxiv/roc_r1/fld/r1f1/level/r1f1",1,"커르다스","커르다스","커르다스 중앙고지","r1f1/00","LoadingImage#5",3,"TerritoryIntendedUse#9","",False,21,False,2,True,False,False,False,"music/ffxiv/BGM_Event_BattleCommon_02.scd",,,,"QuestBattle#62","",-1,0,-1,False,"신생 에오르제아",0,0,0,"",False,True,0,False,False,True,False,False,True,0,False,False
305,"e0060","ffxiv/lak_l1/fld/l1f1/level/l1f1",1,"모르도나","모르도나","모르도나","l1f1/01","LoadingImage#6",3,"TerritoryIntendedUse#9","",False,22,False,0,True,False,False,False,"music/ffxiv/BGM_Event_Treacherous.scd",,,,"QuestBattle#65","",-1,0,-1,False,"신생 에오르제아",0,0,0,"",False,True,0,False,False,True,False,False,True,0,False,False
306,"e0061","ffxiv/wil_w1/fld/w1f4/level/w1f4",1,"다날란","다날란","남부 다날란","w1f4/01","LoadingImage#4",3,"TerritoryIntendedUse#9","",False,12,False,0,True,False,False,False,"music/ffxiv/BGM_Event_BattleCommon_02.scd",,,,"QuestBattle#58","",-1,0,-1,False,"신생 에오르제아",0,0,0,"",False,True,0,False,False,True,False,False,True,0,False,False
307,"e0062","ffxiv/sea_s1/fld/s1f2/level/s1f2",1,"라노시아","라노시아","저지 라노시아","s1f2/00","LoadingImage#2",3,"TerritoryIntendedUse#9","",False,17,False,0,True,False,False,False,"music/ffxiv/BGM_Event_FF2BossBattle.scd",,,,"QuestBattle#59","",-1,0,-1,False,"신생 에오르제아",0,0,0,"",False,True,0,False,False,True,False,False,True,0,False,False
308,"e0065","ffxiv/lak_l1/fld/l1f1/level/l1f1",1,"모르도나","모르도나","모르도나","l1f1/01","LoadingImage#6",3,"TerritoryIntendedUse#9","",False,22,False,0,True,False,False,False,"music/ffxiv/BGM_Event_Teikoku.scd",,,,"QuestBattle#63","",-1,0,-1,False,"신생 에오르제아",0,0,0,"",False,True,0,False,False,True,False,False,True,0,False,False
309,"e0066","ffxiv/lak_l1/fld/l1f1/level/l1f1",1,"모르도나","모르도나","모르도나","l1f1/01","LoadingImage#6",3,"TerritoryIntendedUse#9","",False,22,False,0,True,False,False,False,"music/ffxiv/BGM_Boss_04.scd",,,,"QuestBattle#64","",-1,0,-1,False,"신생 에오르제아",0,0,0,"",False,True,0,False,False,True,False,False,True,0,False,False
310,"e0067","ffxiv/sea_s1/fld/s1f3/level/s1f3",1,"라노시아","라노시아","동부 라노시아","s1f3/01","LoadingImage#2",3,"TerritoryIntendedUse#9","",False,18,False,0,True,False,False,False,"music/ffxiv/BGM_Boss_02.scd",,,,"QuestBattle#66","",-1,0,-1,False,"신생 에오르제아",0,0,0,"",False,True,0,False,False,True,False,False,True,0,False,False
311,"e0068","ffxiv/sea_s1/fld/s1f3/level/s1f3",1,"라노시아","라노시아","동부 라노시아","s1f3/01","LoadingImage#2",3,"TerritoryIntendedUse#9","",False,18,False,0,True,False,False,False,"music/ffxiv/BGM_Boss_04.scd",,,,"QuestBattle#67","",-1,0,-1,False,"신생 에오르제아",0,0,0,"",False,True,0,False,False,True,False,False,True,0,False,False
312,"e0069","ffxiv/wil_w1/fld/w1f4/level/w1f4",1,"다날란","다날란","남부 다날란","w1f4/01","LoadingImage#4",3,"TerritoryIntendedUse#9","",False,12,False,0,True,False,False,False,"music/ffxiv/BGM_Boss_02.scd",,,,"QuestBattle#68","",-1,0,-1,False,"신생 에오르제아",0,38,0,"",False,True,0,False,False,True,False,False,True,0,False,False
313,"e0070","ffxiv/roc_r1/fld/r1f1/level/r1f1",1,"커르다스","커르다스","커르다스 중앙고지","r1f1/00","LoadingImage#5",3,"TerritoryIntendedUse#9","",False,21,False,2,True,False,False,False,"music/ffxiv/BGM_Boss_04.scd",,,,"QuestBattle#69","",-1,0,-1,False,"신생 에오르제아",0,0,0,"",False,True,0,False,False,True,False,False,True,0,False,False
314,"e0071","ffxiv/wil_w1/fld/w1f2/level/w1f2",1,"다날란","다날란","중부 다날란","w1f2/00","LoadingImage#4",3,"TerritoryIntendedUse#9","",False,10,False,0,True,False,False,False,"music/ffxiv/BGM_Boss_02.scd",,,,"QuestBattle#70","",-1,0,-1,False,"신생 에오르제아",0,0,0,"",False,True,0,False,False,True,False,False,True,0,False,False
315,"e0072","ffxiv/lak_l1/fld/l1f1/level/l1f1",1,"모르도나","모르도나","모르도나","l1f1/01","LoadingImage#6",3,"TerritoryIntendedUse#9","",False,22,False,0,True,False,False,False,"music/ffxiv/BGM_Event_JobShiren.scd",,,,"QuestBattle#71","",-1,0,-1,False,"신생 에오르제아",0,0,0,"",False,True,0,False,False,True,False,False,True,0,False,False
316,"e0073","ffxiv/roc_r1/fld/r1f1/level/r1f1",1,"커르다스","커르다스","커르다스 중앙고지","r1f1/00","LoadingImage#5",3,"TerritoryIntendedUse#9","",False,21,False,2,True,False,False,False,"music/ffxiv/BGM_Event_JobShiren.scd",,,,"QuestBattle#72","",-1,0,-1,False,"신생 에오르제아",0,0,0,"",False,True,0,False,False,True,False,False,True,0,False,False
317,"e0074","ffxiv/fst_f1/fld/f1f3/level/f1f3",1,"검은장막 숲","검은장막 숲","검은장막 숲 남부삼림","f1f3/00","LoadingImage#3",3,"TerritoryIntendedUse#9","",False,5,False,0,True,False,False,False,"music/ffxiv/BGM_Boss_02.scd",,,,"QuestBattle#73","",-1,0,-1,False,"신생 에오르제아",0,0,0,"",False,True,0,False,False,True,False,False,True,0,False,False
318,"e0075","ffxiv/wil_w1/fld/w1f4/level/w1f4",1,"다날란","다날란","남부 다날란","w1f4/01","LoadingImage#4",3,"TerritoryIntendedUse#9","",False,12,False,0,True,False,False,False,"music/ffxiv/BGM_Event_JobShiren.scd",,,,"QuestBattle#74","",-1,0,-1,False,"신생 에오르제아",0,0,0,"",False,True,0,False,False,True,False,False,True,0,False,False
319,"e0076","ffxiv/fst_f1/fld/f1f1/level/f1f1",1,"검은장막 숲","검은장막 숲","검은장막 숲 중부삼림","f1f1/00","LoadingImage#3",3,"TerritoryIntendedUse#9","",False,3,False,0,True,False,False,False,"music/ffxiv/BGM_Boss_02.scd",,,,"QuestBattle#75","",-1,0,-1,False,"신생 에오르제아",0,0,0,"",False,True,0,False,False,True,False,False,True,0,False,False
320,"e0077","ffxiv/fst_f1/fld/f1f1/level/f1f1",1,"검은장막 숲","검은장막 숲","검은장막 숲 중부삼림","f1f1/00","LoadingImage#3",3,"TerritoryIntendedUse#9","",False,3,False,0,True,False,False,False,"music/ffxiv/BGM_Event_JobShiren.scd",,,,"QuestBattle#76","",-1,0,-1,False,"신생 에오르제아",0,0,0,"",False,True,0,False,False,True,False,False,True,0,False,False
321,"e0078","ffxiv/fst_f1/fld/f1f4/level/f1f4",1,"검은장막 숲","검은장막 숲","검은장막 숲 북부삼림","f1f4/00","LoadingImage#3",3,"TerritoryIntendedUse#9","",False,6,False,0,True,False,False,False,"music/ffxiv/BGM_Boss_02.scd",,,,"QuestBattle#77","",-1,0,-1,False,"신생 에오르제아",0,0,0,"",False,True,0,False,False,True,False,False,True,0,False,False
322,"e0079","ffxiv/roc_r1/fld/r1f1/level/r1f1",1,"커르다스","커르다스","커르다스 중앙고지","r1f1/00","LoadingImage#5",3,"TerritoryIntendedUse#9","",False,21,False,2,True,False,False,False,"music/ffxiv/BGM_Event_JobShiren.scd",,,,"QuestBattle#78","",-1,0,-1,False,"신생 에오르제아",0,0,0,"",False,True,0,False,False,True,False,False,True,0,False,False
323,"e0080","ffxiv/wil_w1/fld/w1f4/level/w1f4",1,"다날란","다날란","남부 다날란","w1f4/01","LoadingImage#4",3,"TerritoryIntendedUse#9","",False,12,False,0,True,False,False,False,"music/ffxiv/BGM_Ban_Ifrit.scd",,,,"QuestBattle#79","",-1,0,-1,False,"신생 에오르제아",0,38,0,"",False,True,0,False,False,True,False,False,True,0,False,False
324,"e0081","ffxiv/fst_f1/fld/f1f4/level/f1f4",1,"검은장막 숲","검은장막 숲","검은장막 숲 북부삼림","f1f4/00","LoadingImage#3",3,"TerritoryIntendedUse#9","",False,6,False,0,True,False,False,False,"music/ffxiv/BGM_Ban_Titan_pre1.scd",,,,"QuestBattle#80","",-1,0,-1,False,"신생 에오르제아",0,0,0,"",False,True,0,False,False,True,False,False,True,0,False,False
325,"e0082","ffxiv/sea_s1/fld/s1f6/level/s1f6",1,"라노시아","라노시아","외지 라노시아","s1f6/00","LoadingImage#2",3,"TerritoryIntendedUse#9","",False,24,False,0,True,False,False,False,"music/ffxiv/BGM_Ban_Garuda.scd",,,,"QuestBattle#81","",-1,0,-1,False,"신생 에오르제아",0,37,0,"",False,True,0,False,False,True,False,False,True,0,False,False
326,"e0083","ffxiv/lak_l1/fld/l1f1/level/l1f1",1,"모르도나","모르도나","모르도나","l1f1/01","LoadingImage#6",3,"TerritoryIntendedUse#9","",False,22,False,0,True,False,False,False,"music/ffxiv/BGM_Event_JobShiren.scd",,,,"QuestBattle#82","",-1,0,-1,False,"신생 에오르제아",0,0,0,"",False,True,0,False,False,True,False,False,True,0,False,False
327,"e0084","ffxiv/sea_s1/fld/s1f3/level/s1f3",1,"라노시아","라노시아","동부 라노시아","s1f3/01","LoadingImage#2",3,"TerritoryIntendedUse#9","",False,18,False,0,True,False,False,False,"music/ffxiv/BGM_Boss_04.scd",,,,"QuestBattle#83","",-1,0,-1,False,"신생 에오르제아",0,0,0,"",False,True,0,False,False,True,False,False,True,0,False,False
328,"e0085","ffxiv/sea_s1/fld/s1f5/level/s1f5",1,"라노시아","라노시아","고지 라노시아","s1f5/00","LoadingImage#2",3,"TerritoryIntendedUse#9","",False,20,False,0,True,False,False,False,"music/ffxiv/BGM_Boss_04.scd",,,,"QuestBattle#84","",-1,0,-1,False,"신생 에오르제아",0,0,0,"",False,True,0,False,False,True,False,False,True,0,False,False
329,"e0086","ffxiv/sea_s1/dun/s1d3/level/s1d3",1,"라노시아","라노시아","방랑자의 궁전","s1d3/00","LoadingImage#2",3,"TerritoryIntendedUse#9","",False,0,False,0,True,False,False,False,"music/ffxiv/BGM_Event_JobShiren.scd",,,,"QuestBattle#85","",-1,0,-1,False,"신생 에오르제아",0,0,0,"",False,True,0,False,False,True,False,False,True,0,False,False
330,"e0087","ffxiv/sea_s1/fld/s1f4/level/s1f4",1,"라노시아","라노시아","서부 라노시아","s1f4/00","LoadingImage#2",3,"TerritoryIntendedUse#9","",False,19,False,0,True,False,False,False,"music/ffxiv/BGM_Event_DarknessLullaby.scd",,,,"QuestBattle#86","",100,0,-1,False,"신생 에오르제아",0,0,0,"",False,True,0,False,False,True,False,False,True,0,False,False
331,"r1fa_event","ffxiv/roc_r1/fld/r1fa/level/r1fa",1,"커르다스","커르다스","울부짖는 눈 테두리","r1fa/02","LoadingImage#5",0,"TerritoryIntendedUse#7","",False,26,False,0,True,False,False,False,"BGMSituation#1001",,,"ArrayEventHandler#853854","QuestBattle#0","용머리 전진기지",-1,0,-1,False,"신생 에오르제아",0,0,0,"",False,True,0,False,False,False,False,False,True,0,False,False
332,"","",0,"","","","","LoadingImage#0",0,"TerritoryIntendedUse#0","",False,0,False,0,False,False,False,False,"",,,,"QuestBattle#0","",0,0,0,False,"신생 에오르제아",0,0,0,"",False,False,0,False,False,False,False,False,False,0,False,False
333,"","",0,"","","","","LoadingImage#0",0,"TerritoryIntendedUse#0","",False,0,False,0,False,False,False,False,"",,,,"QuestBattle#0","",0,0,0,False,"신생 에오르제아",0,0,0,"",False,False,0,False,False,False,False,False,False,0,False,False
334,"","",0,"","","","","LoadingImage#0",0,"TerritoryIntendedUse#0","",False,0,False,0,False,False,False,False,"",,,,"QuestBattle#0","",0,0,0,False,"신생 에오르제아",0,0,0,"",False,False,0,False,False,False,False,False,False,0,False,False
335,"l1f1_event","ffxiv/lak_l1/fld/l1f1/level/l1f1",1,"모르도나","모르도나","모르도나","l1f1/01","LoadingImage#6",0,"TerritoryIntendedUse#15","",False,22,False,0,True,False,False,False,"music/ffxiv/BGM_Con_Teikoku_01.scd",,,,"QuestBattle#0","망자의 종소리",-1,0,-1,False,"신생 에오르제아",0,0,0,"",False,True,0,False,False,False,False,False,True,0,False,False
336,"","",0,"","","","","LoadingImage#0",0,"TerritoryIntendedUse#0","",False,0,False,0,False,False,False,False,"",,,,"QuestBattle#0","",0,0,0,False,"신생 에오르제아",0,0,0,"",False,False,0,False,False,False,False,False,False,0,False,False
337,"","",0,"","","","","LoadingImage#0",0,"TerritoryIntendedUse#0","",False,0,False,0,False,False,False,False,"",,,,"QuestBattle#0","",0,0,0,False,"신생 에오르제아",0,0,0,"",False,False,0,False,False,False,False,False,False,0,False,False
338,"s1b7_2","ffxiv/sea_s1/bah/s1b7/level/s1b7",1,"다날란","다날란","에오르제아 지하공간","default/00","LoadingImage#4",0,"TerritoryIntendedUse#12","",False,0,False,0,True,False,False,False,"music/ffxiv/BGM_Con_Bahamut.scd",,,,"QuestBattle#0","청린 정제소",-1,0,-1,False,"신생 에오르제아",0,0,0,"",False,True,0,False,False,False,False,False,True,0,False,False
339,"s1h1","ffxiv/sea_s1/hou/s1h1/level/s1h1",1,"라노시아","라노시아","안갯빛 마을","s1h1/01","LoadingImage#2",0,"TerritoryIntendedUse#13","",False,32,True,0,True,False,True,False,"BGMSituation#1083",,,"ArrayEventHandler#852431","QuestBattle#0","림사 로민사 하층 갑판",-1,78,-1,False,"신생 에오르제아",0,0,0,"알테마 웨폰 파괴작전",False,True,0,False,False,False,False,False,True,0,False,False
340,"f1h1","ffxiv/fst_f1/hou/f1h1/level/f1h1",1,"검은장막 숲","검은장막 숲","라벤더 안식처","f1h1/01","LoadingImage#3",0,"TerritoryIntendedUse#13","",False,34,True,0,True,False,True,False,"BGMSituation#1110",,,"ArrayEventHandler#852427","QuestBattle#0","그리다니아 신시가지",-1,78,-1,False,"신생 에오르제아",0,0,0,"알테마 웨폰 파괴작전",False,True,0,False,False,False,False,False,True,0,False,False
341,"w1h1","ffxiv/wil_w1/hou/w1h1/level/w1h1",1,"다날란","다날란","하늘잔 마루","w1h1/01","LoadingImage#4",0,"TerritoryIntendedUse#13","",False,33,True,0,True,False,True,False,"BGMSituation#1109",,,"ArrayEventHandler#852430","QuestBattle#0","울다하 날 회랑",-1,78,-1,False,"신생 에오르제아",0,0,0,"알테마 웨폰 파괴작전",False,True,0,False,False,False,False,False,True,0,False,False
342,"f1i1","ffxiv/fst_f1/ind/f1i1/level/f1i1",1,"검은장막 숲","검은장막 숲","라벤더 안식처: 아담한 주택","f1i1/01","LoadingImage#3",0,"TerritoryIntendedUse#14","",False,0,False,0,True,False,False,False,"BGMSituation#1110",,,,"QuestBattle#0","그리다니아 신시가지",-1,0,-1,False,"신생 에오르제아",0,0,0,"",False,True,0,False,False,False,False,False,True,0,False,False
343,"f1i2","ffxiv/fst_f1/ind/f1i2/level/f1i2",1,"검은장막 숲","검은장막 숲","라벤더 안식처: 일반 주택","f1i2/01","LoadingImage#3",0,"TerritoryIntendedUse#14","",False,0,False,0,True,False,False,False,"BGMSituation#1110",,,,"QuestBattle#0","그리다니아 신시가지",-1,0,-1,False,"신생 에오르제아",0,0,0,"",False,True,0,False,False,False,False,False,True,0,False,False
344,"f1i3","ffxiv/fst_f1/ind/f1i3/level/f1i3",1,"검은장막 숲","검은장막 숲","라벤더 안식처: 대형 주택","f1i3/01","LoadingImage#3",0,"TerritoryIntendedUse#14","",False,0,False,0,True,False,False,False,"BGMSituation#1110",,,,"QuestBattle#0","그리다니아 신시가지",-1,0,-1,False,"신생 에오르제아",0,0,0,"",False,True,0,False,False,False,False,False,True,0,False,False
345,"w1i1","ffxiv/wil_w1/ind/w1i1/level/w1i1",1,"다날란","다날란","하늘잔 마루: 아담한 주택","w1i1/01","LoadingImage#4",0,"TerritoryIntendedUse#14","",False,0,False,0,True,False,False,False,"BGMSituation#1109",,,,"QuestBattle#0","울다하 날 회랑",-1,0,-1,False,"신생 에오르제아",0,0,0,"",False,True,0,False,False,False,False,False,True,0,False,False
346,"w1i2","ffxiv/wil_w1/ind/w1i2/level/w1i2",1,"다날란","다날란","하늘잔 마루: 일반 주택","w1i2/01","LoadingImage#4",0,"TerritoryIntendedUse#14","",False,0,False,0,True,False,False,False,"BGMSituation#1109",,,,"QuestBattle#0","울다하 날 회랑",-1,0,-1,False,"신생 에오르제아",0,0,0,"",False,True,0,False,False,False,False,False,True,0,False,False
347,"w1i3","ffxiv/wil_w1/ind/w1i3/level/w1i3",1,"다날란","다날란","하늘잔 마루: 대형 주택","w1i3/01","LoadingImage#4",0,"TerritoryIntendedUse#14","",False,0,False,0,True,False,False,False,"BGMSituation#1109",,,,"QuestBattle#0","울다하 날 회랑",-1,0,-1,False,"신생 에오르제아",0,0,0,"",False,True,0,False,False,False,False,False,True,0,False,False
348,"w1fb","ffxiv/wil_w1/fld/w1fb/level/w1fb",1,"다날란","다날란","후방 출입구","w1fb/00","LoadingImage#4",2,"TerritoryIntendedUse#10","궁극의 환상 알테마 웨폰 파괴작전",False,31,False,0,True,False,False,False,"BGMSituation#1001",,,,"QuestBattle#0","",-1,17,-1,False,"신생 에오르제아",0,0,0,"",False,True,0,False,False,False,False,False,True,0,False,False
349,"w1d6","ffxiv/wil_w1/dun/w1d6/level/w1d6",1,"다날란","다날란","구리종 광산","w1d6/01","LoadingImage#4",2,"TerritoryIntendedUse#3","구리종 광산(어려움)",False,0,False,0,True,False,False,False,"BGMSituation#1001",,,,"QuestBattle#0","",-1,0,-1,False,"신생 에오르제아",0,0,0,"",False,True,0,False,False,False,False,False,True,0,False,False
350,"f1d4","ffxiv/fst_f1/dun/f1d4/level/f1d4",1,"검은장막 숲","검은장막 숲","하우케타 별궁","f1d4/01","LoadingImage#3",2,"TerritoryIntendedUse#3","하우케타 별궁(어려움)",False,0,False,0,True,False,False,False,"BGMSituation#1001",,,,"QuestBattle#0","",-1,0,-1,False,"신생 에오르제아",0,0,0,"",False,True,0,False,False,False,False,False,True,0,False,False
351,"l1e1","ffxiv/lak_l1/evt/l1e1/level/l1e1",1,"모르도나","모르도나","돌의 집","l1e1/01","LoadingImage#6",0,"TerritoryIntendedUse#15","",False,0,False,0,True,False,False,False,"BGMSituation#1114",,,"ArrayEventHandler#852110","QuestBattle#0","망자의 종소리",-1,0,-1,False,"신생 에오르제아",0,0,0,"",False,True,0,False,False,False,False,False,True,0,False,False
352,"","",0,"","","","","LoadingImage#0",0,"TerritoryIntendedUse#0","",False,0,False,0,False,False,False,False,"",,,,"QuestBattle#0","",0,0,0,False,"신생 에오르제아",0,0,0,"",False,False,0,False,False,False,False,False,False,0,False,False
353,"z1z1","ex2/02_est_e3/fld/e3ff/level/e3ff",1,"오사드","오사드","쿠가네 대교","e3ff/00","LoadingImage#10",2,"TerritoryIntendedUse#10","이벤트용 임무: 1",False,0,False,0,True,False,False,False,"BGMSituation#1001",,,,"QuestBattle#0","",-1,327,-1,False,"홍련의 해방자",0,0,0,"",False,True,0,False,False,False,False,False,True,0,False,False
354,"z1z2","ex3/01_nvt_n4/fld/n4fa/level/n4fa",1,"노르브란트","노르브란트","요정왕의 무도회장","n4fa/00","LoadingImage#16",2,"TerritoryIntendedUse#10","이벤트용 임무: 2",False,103,False,0,True,False,False,False,"BGMSituation#1001",,,,"QuestBattle#0","",-1,418,-1,False,"칠흑의 반역자",0,0,0,"",False,True,0,False,False,False,False,False,True,0,False,False
355,"f1b1","ffxiv/fst_f1/bah/f1b1/level/f1b1",1,"검은장막 숲","검은장막 숲","메테오의 그림자","f1b1/00","LoadingImage#3",2,"TerritoryIntendedUse#16","대미궁 바하무트: 침공편 1",False,0,False,0,True,False,False,False,"BGMSituation#1001",,,,"QuestBattle#0","",-1,39,-1,False,"신생 에오르제아",0,0,0,"",False,True,0,False,False,False,False,False,True,0,False,False
356,"f1b2","ffxiv/fst_f1/bah/f1b2/level/f1b2",1,"검은장막 숲","검은장막 숲","구속의 고리","f1b2/01","LoadingImage#3",2,"TerritoryIntendedUse#16","대미궁 바하무트: 침공편 2",False,28,False,0,True,False,False,False,"BGMSituation#1001",,,,"QuestBattle#0","",-1,40,-1,False,"신생 에오르제아",0,0,0,"",False,True,0,False,False,False,False,False,True,0,False,False
357,"f1b3","ffxiv/fst_f1/bah/f1b3/level/f1b3",1,"검은장막 숲","검은장막 숲","라그나로크급 3번함 함체 중앙부","f1b3/01","LoadingImage#3",2,"TerritoryIntendedUse#16","대미궁 바하무트: 침공편 3",False,0,False,0,True,False,False,False,"BGMSituation#1001",,,,"QuestBattle#0","",-1,41,-1,False,"신생 에오르제아",0,0,0,"",False,True,0,False,False,False,False,False,True,0,False,False
358,"f1b4","ffxiv/fst_f1/bah/f1b4/level/f1b4",1,"검은장막 숲","검은장막 숲","라그나로크급 3번함 작전실","f1b4/00","LoadingImage#3",2,"TerritoryIntendedUse#17","대미궁 바하무트: 침공편 4",False,0,False,0,True,False,False,False,"BGMSituation#1001",,,,"QuestBattle#0","",-1,42,-1,False,"신생 에오르제아",0,0,0,"",False,True,0,False,False,False,False,False,True,0,False,False
359,"o1fa_2","ffxiv/ocn_o1/fld/o1fa/level/o1fa",1,"라노시아","라노시아","대 리바이어선 쌍동선","o1fa/00","LoadingImage#2",2,"TerritoryIntendedUse#10","극 리바이어선 토벌전",False,38,False,0,True,False,False,False,"BGMSituation#1001",,,,"QuestBattle#0","",-1,37,-1,False,"신생 에오르제아",0,0,0,"",False,True,0,False,False,False,False,False,True,0,False,False
360,"w1d7","ffxiv/wil_w1/dun/w1d7/level/w1d7",1,"다날란","다날란","할라탈리 수련장","w1d7/00","LoadingImage#4",2,"TerritoryIntendedUse#3","할라탈리 수련장(어려움)",False,0,False,0,True,False,False,False,"BGMSituation#1001",,,,"QuestBattle#0","",-1,0,-1,False,"신생 에오르제아",0,0,0,"",False,True,0,False,False,False,False,False,True,0,False,False
361,"s1d5","ffxiv/sea_s1/dun/s1d5/level/s1d5",1,"라노시아","라노시아","난파선의 섬","s1d5/00","LoadingImage#2",2,"TerritoryIntendedUse#3","난파선의 섬",False,0,False,0,True,False,False,False,"BGMSituation#1001",,,,"QuestBattle#0","",-1,50,-1,False,"신생 에오르제아",0,0,0,"",False,True,0,False,False,False,False,False,True,0,False,False
362,"s1d6","ffxiv/sea_s1/dun/s1d6/level/s1d6",1,"라노시아","라노시아","브레이플록스의 야영지","s1d6/00","LoadingImage#2",2,"TerritoryIntendedUse#3","브레이플록스의 야영지(어려움)",False,37,False,0,True,False,False,False,"BGMSituation#1001",,,,"QuestBattle#0","",-1,43,-1,False,"신생 에오르제아",0,0,0,"",False,True,0,False,False,False,False,False,True,0,False,False
363,"f1d5","ffxiv/fst_f1/dun/f1d5/level/f1d5",1,"검은장막 숲","검은장막 숲","옛 암다포르 시가지","f1d5/01","LoadingImage#3",2,"TerritoryIntendedUse#3","옛 암다포르 시가지",False,40,False,0,True,False,False,False,"BGMSituation#1001",,,,"QuestBattle#0","",-1,38,-1,False,"신생 에오르제아",0,0,0,"",False,True,0,False,False,False,False,False,True,0,False,False
364,"f1fa_2","ffxiv/fst_f1/fld/f1fa/level/f1fa",1,"검은장막 숲","검은장막 숲","가시 정원","f1fa/00","LoadingImage#3",2,"TerritoryIntendedUse#10","극왕 모그루 모그 XII세 토벌전",False,30,False,0,True,False,False,False,"BGMSituation#1001",,,,"QuestBattle#0","",-1,0,-1,False,"신생 에오르제아",0,0,0,"",False,True,0,False,False,False,False,False,True,0,False,False
365,"r1d2","ffxiv/roc_r1/dun/r1d2/level/r1d2",1,"커르다스","커르다스","돌방패 경계초소","r1d2/00","LoadingImage#5",2,"TerritoryIntendedUse#3","돌방패 경계초소(어려움)",False,42,False,2,True,False,False,False,"BGMSituation#1001",,,,"QuestBattle#0","",-1,45,-1,False,"신생 에오르제아",0,0,0,"",False,True,0,False,False,False,False,False,True,0,False,False
366,"r1fb","ffxiv/roc_r1/fld/r1fb/level/r1fb",1,"커르다스","커르다스","그리핀 대교","r1fb/00","LoadingImage#5",2,"TerritoryIntendedUse#3","길가메시 토벌전",False,0,False,2,True,False,False,False,"BGMSituation#1001",,,,"QuestBattle#0","",-1,44,-1,False,"신생 에오르제아",0,0,0,"",False,True,0,False,False,False,False,False,True,0,False,False
367,"w1d8","ffxiv/wil_w1/dun/w1d8/level/w1d8",1,"다날란","다날란","카른의 무너진 사원","w1d8/01","LoadingImage#4",2,"TerritoryIntendedUse#3","카른의 무너진 사원(어려움)",False,41,False,0,True,False,False,False,"BGMSituation#1001",,,,"QuestBattle#0","",-1,0,-1,False,"신생 에오르제아",0,0,0,"",False,True,0,False,False,False,False,False,True,0,False,False
368,"r1f1_battle","ffxiv/roc_r1/fld/r1f1/level/r1f1",1,"커르다스","커르다스","성 다니펜의 눈물","r1f1/00","LoadingImage#5",2,"TerritoryIntendedUse#10","도름 키마이라 토벌전",False,21,False,2,True,False,False,False,"BGMSituation#1001",,,,"QuestBattle#0","",-1,0,-1,False,"신생 에오르제아",0,0,0,"",False,True,0,False,False,False,False,False,True,0,False,False
369,"w1d2_battle","ffxiv/wil_w1/dun/w1d2/level/w1d2",1,"다날란","다날란","수투 훈련장","w1d2/00","LoadingImage#4",2,"TerritoryIntendedUse#10","하이드라 토벌전",False,0,False,0,True,False,False,False,"BGMSituation#1001",,,,"QuestBattle#0","",-1,0,-1,False,"신생 에오르제아",0,0,0,"",False,True,0,False,False,False,False,False,True,0,False,False
370,"f1b5","ffxiv/fst_f1/bah/f1b5/level/f1b5",1,"검은장막 숲","검은장막 숲","라그나로크급 3번함 제1함교","default/00","LoadingImage#3",0,"TerritoryIntendedUse#12","",False,0,False,0,True,False,False,False,"BGMSituation#1001",,,"ArrayEventHandler#852619","QuestBattle#0","청린 정제소",-1,0,-1,False,"신생 에오르제아",0,0,0,"",False,True,0,False,False,False,False,False,True,0,False,False
371,"","",0,"","","","","LoadingImage#0",0,"TerritoryIntendedUse#0","",False,0,False,0,False,False,False,False,"",,,,"QuestBattle#0","",0,0,0,False,"신생 에오르제아",0,0,0,"",False,False,0,False,False,False,False,False,False,0,False,False
372,"l1r2","ffxiv/lak_l1/rad/l1r2/level/l1r2",1,"모르도나","모르도나","시르쿠스 탑","l1r2/01","LoadingImage#6",2,"TerritoryIntendedUse#8","크리스탈 타워: 시르쿠스 탑",False,0,False,0,True,False,False,False,"BGMSituation#1001",,,,"QuestBattle#0","",-1,51,-1,False,"신생 에오르제아",0,0,0,"",False,True,0,False,False,False,False,False,True,0,False,False
373,"f1d6","ffxiv/fst_f1/dun/f1d6/level/f1d6",1,"검은장막 숲","검은장막 숲","탐타라 묘소","f1d6/00","LoadingImage#3",2,"TerritoryIntendedUse#3","탐타라 묘소(어려움)",False,0,False,0,True,False,False,False,"BGMSituation#1001",,,,"QuestBattle#0","",-1,0,-1,False,"신생 에오르제아",0,0,0,"",False,True,0,False,False,False,False,False,True,0,False,False
374,"f1fb","ffxiv/fst_f1/fld/f1fb/level/f1fb",1,"검은장막 숲","검은장막 숲","심판의 나무","f1fb/00","LoadingImage#3",2,"TerritoryIntendedUse#10","진 라무 토벌전",False,43,False,0,True,False,False,False,"BGMSituation#1001",,,,"QuestBattle#0","",-1,0,-1,False,"신생 에오르제아",0,0,0,"",False,True,0,False,False,False,False,False,True,0,False,False
375,"f1fb_2","ffxiv/fst_f1/fld/f1fb/level/f1fb",1,"검은장막 숲","검은장막 숲","심판의 나무","f1fb/00","LoadingImage#3",2,"TerritoryIntendedUse#10","극 라무 토벌전",False,43,False,0,True,False,False,False,"BGMSituation#1001",,,,"QuestBattle#0","",-1,0,-1,False,"신생 에오르제아",0,0,0,"",False,True,0,False,False,False,False,False,True,0,False,False
376,"l1p1","ffxiv/lak_l1/pvp/l1p1/level/l1p1",4,"모르도나","늑대우리","카르테노 평원: 외곽 유적지대","l1p3/00","LoadingImage#6",2,"TerritoryIntendedUse#18","외곽 유적지대(제압전)",False,0,False,0,True,False,True,True,"BGMSituation#1001",,,,"QuestBattle#0","",-1,58,-1,True,"신생 에오르제아",0,0,0,"",False,True,0,False,False,False,False,False,True,0,False,False
377,"r1fc","ffxiv/roc_r1/fld/r1fc/level/r1fc",1,"커르다스","커르다스","아크 아파 원형극장","r1fc/00","LoadingImage#5",2,"TerritoryIntendedUse#10","진 시바 토벌전",False,46,False,2,True,False,False,False,"BGMSituation#1001",,,,"QuestBattle#0","",-1,65,-1,False,"신생 에오르제아",0,0,0,"",False,True,0,False,False,False,False,False,True,0,False,False
378,"r1fc_2","ffxiv/roc_r1/fld/r1fc/level/r1fc",1,"커르다스","커르다스","아크 아파 원형극장","r1fc/00","LoadingImage#5",2,"TerritoryIntendedUse#10","극 시바 토벌전",False,46,False,2,True,False,False,False,"BGMSituation#1001",,,,"QuestBattle#0","",-1,66,-1,False,"신생 에오르제아",0,0,0,"",False,True,0,False,False,False,False,False,True,0,False,False
379,"e0090","ffxiv/lak_l1/fld/l1f1/level/l1f1",1,"모르도나","모르도나","모르도나","l1f1/01","LoadingImage#6",3,"TerritoryIntendedUse#9","",False,0,False,0,True,False,False,False,"music/ffxiv/BGM_Event_FF2BossBattle.scd",,,,"QuestBattle#89","",-1,0,-1,False,"신생 에오르제아",0,0,0,"",False,True,0,False,False,True,False,False,True,0,False,False
380,"f1b1_2","ffxiv/fst_f1/bah/f1b1/level/f1b1",1,"검은장막 숲","검은장막 숲","메테오의 그림자","f1b1/00","LoadingImage#3",2,"TerritoryIntendedUse#16","대미궁 바하무트: 침공편(영웅) 1",False,0,False,0,True,False,False,False,"BGMSituation#1001",,,,"QuestBattle#0","",-1,46,-1,False,"신생 에오르제아",0,0,0,"",False,True,0,False,False,False,False,False,True,0,False,False
381,"f1b2_2","ffxiv/fst_f1/bah/f1b2/level/f1b2",1,"검은장막 숲","검은장막 숲","구속의 고리","f1b2/01","LoadingImage#3",2,"TerritoryIntendedUse#16","대미궁 바하무트: 침공편(영웅) 2",False,28,False,0,True,False,False,False,"BGMSituation#1001",,,,"QuestBattle#0","",-1,47,-1,False,"신생 에오르제아",0,0,0,"",False,True,0,False,False,False,False,False,True,0,False,False
382,"f1b3_2","ffxiv/fst_f1/bah/f1b3/level/f1b3",1,"검은장막 숲","검은장막 숲","라그나로크급 3번함 함체 중앙부","f1b3/01","LoadingImage#3",2,"TerritoryIntendedUse#16","대미궁 바하무트: 침공편(영웅) 3",False,0,False,0,True,False,False,False,"BGMSituation#1001",,,,"QuestBattle#0","",-1,48,-1,False,"신생 에오르제아",0,0,0,"",False,True,0,False,False,False,False,False,True,0,False,False
383,"f1b4_2","ffxiv/fst_f1/bah/f1b4/level/f1b4",1,"검은장막 숲","검은장막 숲","라그나로크급 3번함 작전실","f1b4/00","LoadingImage#3",2,"TerritoryIntendedUse#17","대미궁 바하무트: 침공편(영웅) 4",False,0,False,0,True,False,False,False,"BGMSituation#1001",,,,"QuestBattle#0","",-1,49,-1,False,"신생 에오르제아",0,0,0,"",False,True,0,False,False,False,False,False,True,0,False,False
384,"s1i4","ffxiv/sea_s1/ind/s1i4/level/s1i4",1,"라노시아","라노시아","안갯빛 마을: 개인실","s1i4/00","LoadingImage#2",0,"TerritoryIntendedUse#14","",False,0,False,0,True,False,False,False,"BGMSituation#1083",,,,"QuestBattle#0","림사 로민사 하층 갑판",-1,0,-1,False,"신생 에오르제아",0,0,0,"",False,True,0,False,False,False,False,False,True,0,False,False
385,"f1i4","ffxiv/fst_f1/ind/f1i4/level/f1i4",1,"검은장막 숲","검은장막 숲","라벤더 안식처: 개인실","f1i4/00","LoadingImage#3",0,"TerritoryIntendedUse#14","",False,0,False,0,True,False,False,False,"BGMSituation#1110",,,,"QuestBattle#0","그리다니아 신시가지",-1,0,-1,False,"신생 에오르제아",0,0,0,"",False,True,0,False,False,False,False,False,True,0,False,False
386,"w1i4","ffxiv/wil_w1/ind/w1i4/level/w1i4",1,"다날란","다날란","하늘잔 마루: 개인실","w1i4/00","LoadingImage#4",0,"TerritoryIntendedUse#14","",False,0,False,0,True,False,False,False,"BGMSituation#1109",,,,"QuestBattle#0","울다하 날 회랑",-1,0,-1,False,"신생 에오르제아",0,0,0,"",False,True,0,False,False,False,False,False,True,0,False,False
387,"s1d7","ffxiv/sea_s1/dun/s1d7/level/s1d7",1,"라노시아","라노시아","사스타샤 침식 동굴","s1d7/00","LoadingImage#2",2,"TerritoryIntendedUse#3","사스타샤 침식 동굴(어려움)",False,0,False,0,True,False,False,False,"BGMSituation#1001",,,,"QuestBattle#0","",-1,69,-1,False,"신생 에오르제아",0,0,0,"",False,True,0,False,False,False,False,False,True,0,False,False
388,"w1ed","ffxiv/wil_w1/evt/w1ed/level/w1ed",1,"다날란","골드 소서","초코보 광장","w1ed/00","LoadingImage#4",0,"TerritoryIntendedUse#23","",False,0,False,0,True,False,False,False,"BGMSituation#1143",,,,"QuestBattle#0","골드 소서",-1,0,-1,False,"신생 에오르제아",0,0,0,"",False,True,0,False,False,False,False,False,True,0,False,False
389,"s1fb","ffxiv/sea_s1/fld/s1fb/level/s1fb",1,"라노시아","골드 소서","초코보 광장","s1fb/00","LoadingImage#4",3,"TerritoryIntendedUse#20","",False,0,False,0,True,False,False,False,"BGMSituation#1001",,,,"QuestBattle#0","",-1,85,-1,False,"신생 에오르제아",0,0,0,"",False,True,0,False,False,False,False,False,True,0,False,False
390,"w1fc","ffxiv/wil_w1/fld/w1fc/level/w1fc",1,"다날란","골드 소서","초코보 광장","w1fc/01","LoadingImage#4",3,"TerritoryIntendedUse#20","",False,0,False,0,True,False,False,False,"BGMSituation#1001",,,,"QuestBattle#0","",-1,84,-1,False,"신생 에오르제아",0,0,0,"",False,True,0,False,False,False,False,False,True,0,False,False
391,"f1fc","ffxiv/fst_f1/fld/f1fc/level/f1fc",1,"검은장막 숲","골드 소서","초코보 광장","f1fc/00","LoadingImage#4",3,"TerritoryIntendedUse#20","",False,0,False,0,True,False,False,False,"BGMSituation#1001",,,,"QuestBattle#0","",-1,86,-1,False,"신생 에오르제아",0,0,0,"",False,True,0,False,False,False,False,False,True,0,False,False
392,"f1e6","ffxiv/fst_f1/evt/f1e6/level/f1e6",1,"검은장막 숲","검은장막 숲","열두 신 대성당","f1e6/00","LoadingImage#3",0,"TerritoryIntendedUse#22","",False,0,False,0,True,False,False,False,"BGMSituation#1001",,,,"QuestBattle#0","그리다니아 신시가지",-1,0,-1,False,"신생 에오르제아",0,0,0,"",False,True,0,False,False,False,False,False,True,0,False,False
393,"f1e6_prv","ffxiv/fst_f1/evt/f1e6/level/f1e6",1,"검은장막 숲","검은장막 숲","열두 신 대성당","f1e6/00","LoadingImage#3",0,"TerritoryIntendedUse#22","",False,0,False,0,True,False,False,False,"BGMSituation#1142",,,"ArrayEventHandler#852711","QuestBattle#0","그리다니아 신시가지",-1,0,-1,False,"신생 에오르제아",0,0,0,"",False,True,0,False,False,False,False,False,True,0,False,False
394,"f1f3_battle","ffxiv/fst_f1/fld/f1f3/level/f1f3",1,"검은장막 숲","검은장막 숲","검은장막 숲 남부삼림","default/00","LoadingImage#3",2,"TerritoryIntendedUse#10","투신 오딘 토벌전",False,45,False,0,True,False,False,False,"BGMSituation#1001",,,,"QuestBattle#0","",-1,59,-1,False,"신생 에오르제아",0,0,0,"",False,True,0,False,False,False,False,False,True,0,False,False
395,"r1e2","ffxiv/roc_r1/evt/r1e2/level/r1e2",1,"커르다스","커르다스","응접실","r1e2/00","LoadingImage#5",0,"TerritoryIntendedUse#15","",False,0,False,0,True,False,False,False,"BGMSituation#1072",,,"ArrayEventHandler#852773","QuestBattle#0","용머리 전진기지",-1,0,-1,False,"신생 에오르제아",0,0,0,"",False,True,0,False,False,False,False,False,True,0,False,False
396,"f1d3_battle","ffxiv/fst_f1/dun/f1d3/level/f1d3",1,"검은장막 숲","검은장막 숲","옛 암다포르 성","default/00","LoadingImage#3",2,"TerritoryIntendedUse#3","진 길가메시 토벌전",False,28,False,0,True,False,False,False,"BGMSituation#1001",,,,"QuestBattle#0","",-1,80,-1,False,"신생 에오르제아",0,0,0,"",False,True,0,False,False,False,False,False,True,0,False,False
397,"r2f1","ex1/01_roc_r2/fld/r2f1/level/r2f1",1,"커르다스","커르다스","커르다스 서부고지","r2f1/00","LoadingImage#5",0,"TerritoryIntendedUse#1","",False,49,False,1,True,True,True,False,"BGMSituation#1150",,,"ArrayEventHandler#852807","QuestBattle#0","매의 보금자리",-1,0,-1,False,"창천의 이슈가르드",0,4,1,"원형극장의 혈투",False,True,0,False,False,False,False,False,True,18,False,False
398,"d2f1","ex1/02_dra_d2/fld/d2f1/level/d2f1",1,"드라바니아","드라바니아","고지 드라바니아","d2f1/00","LoadingImage#8",0,"TerritoryIntendedUse#1","",False,50,False,0,True,True,True,False,"BGMSituation#1151",,,"ArrayEventHandler#852806","QuestBattle#0","꼬리깃 마을",-1,0,-1,False,"창천의 이슈가르드",0,2,2,"무신 강림",False,True,0,False,False,False,False,False,True,19,False,False
399,"d2f2","ex1/02_dra_d2/fld/d2f2/level/d2f2",1,"드라바니아","드라바니아","저지 드라바니아","d2f2/00","LoadingImage#8",0,"TerritoryIntendedUse#1","",False,51,False,0,True,True,True,False,"BGMSituation#1152",,,"ArrayEventHandler#852826","QuestBattle#0","이딜샤이어",-1,0,-1,False,"창천의 이슈가르드",0,3,3,"은자 마토야",False,True,0,False,False,False,False,False,True,20,False,False
400,"d2f3","ex1/02_dra_d2/fld/d2f3/level/d2f3",1,"드라바니아","드라바니아","드라바니아 구름바다","d2f3/00","LoadingImage#8",0,"TerritoryIntendedUse#1","",False,52,False,0,True,True,True,False,"BGMSituation#1153",,,"ArrayEventHandler#852816","QuestBattle#0","모그모그 고향",-1,0,-1,False,"창천의 이슈가르드",2,9,4,"각자의 생각",False,True,0,False,False,False,False,False,True,21,False,False
401,"a2f1","ex1/03_abr_a2/fld/a2f1/level/a2f1",1,"아발라시아","아발라시아","아발라시아 구름바다","a2f1/00","LoadingImage#7",0,"TerritoryIntendedUse#1","",False,53,False,0,True,True,True,False,"BGMSituation#1154",,,"ArrayEventHandler#852817","QuestBattle#0","구름마루 초소",-1,0,-1,False,"창천의 이슈가르드",1,8,5,"마대륙의 열쇠",False,True,0,False,False,False,False,False,True,22,False,False
402,"a2f2","ex1/03_abr_a2/fld/a2f2/level/a2f2",1,"아발라시아","아발라시아","아지스 라","a2f2/00","LoadingImage#7",0,"TerritoryIntendedUse#1","",False,54,False,0,True,True,True,False,"BGMSituation#1155",,,"ArrayEventHandler#852856","QuestBattle#0","나선 발착장",-1,0,-1,False,"창천의 이슈가르드",0,1,6,"푸른 갑주의 용사",False,True,0,False,False,False,False,False,True,23,False,False
403,"ec008","ex2/01_gyr_g3/dun/g3d2/level/g3d2",1,"기라바니아","기라바니아","알라미고","g3d2/02","LoadingImage#12",1,"TerritoryIntendedUse#29","영웅의 귀환",False,0,False,0,True,False,False,False,"BGMSituation#1001",,,,"QuestBattle#0","",-1,263,-1,False,"홍련의 해방자",0,0,0,"",False,True,0,False,False,True,False,False,True,0,False,False
404,"e0091","ffxiv/sea_s1/twn/s1t2/level/s1t2",1,"라노시아","림사 로민사","림사 로민사 하층 갑판","s1t2/01","LoadingImage#2",3,"TerritoryIntendedUse#9","",False,15,True,0,True,False,False,False,"music/ffxiv/BGM_Event_BattleOverture.scd",,,,"QuestBattle#90","",-1,0,-1,False,"신생 에오르제아",0,0,0,"",False,True,0,False,False,True,False,False,True,0,False,False
405,"e0092","ffxiv/sea_s1/fld/s1f4/level/s1f4",1,"라노시아","라노시아","서부 라노시아","s1f4/00","LoadingImage#2",3,"TerritoryIntendedUse#9","",False,19,False,0,True,False,False,False,"BGMSituation#1021",,,,"QuestBattle#91","",300,0,-1,False,"신생 에오르제아",0,0,0,"",False,True,0,False,False,True,False,False,True,0,False,False
406,"e0093","ffxiv/sea_s1/fld/s1f4/level/s1f4",1,"라노시아","라노시아","서부 라노시아","s1f4/00","LoadingImage#2",3,"TerritoryIntendedUse#9","",False,19,False,0,True,False,False,False,"music/ffxiv/BGM_Boss_04.scd",,,,"QuestBattle#92","",-1,0,-1,False,"신생 에오르제아",0,0,0,"",False,True,0,False,False,True,False,False,True,0,False,False
407,"e0094","ffxiv/ocn_o1/evt/o1e2/level/o1e2",1,"라노시아","라노시아","로타노 해","o1e2/00","LoadingImage#2",3,"TerritoryIntendedUse#9","",False,40,False,0,True,False,False,False,"music/ffxiv/BGM_Boss_04.scd",,,,"QuestBattle#93","",-1,0,-1,False,"신생 에오르제아",0,0,0,"",False,True,0,False,False,True,False,False,True,0,False,False
408,"e0095","ffxiv/sea_s1/fld/s1f3/level/s1f3",1,"라노시아","라노시아","동부 라노시아","s1f3/01","LoadingImage#2",3,"TerritoryIntendedUse#9","",False,18,False,0,True,False,False,False,"music/ffxiv/BGM_Boss_04.scd",,,,"QuestBattle#94","",-1,0,-1,False,"신생 에오르제아",0,0,0,"",False,True,0,False,False,True,False,False,True,0,False,False
409,"e0096","ffxiv/sea_s1/twn/s1t1/level/s1t1",1,"라노시아","림사 로민사","림사 로민사 상층 갑판","s1t1/01","LoadingImage#2",3,"TerritoryIntendedUse#9","",False,40,False,0,True,False,False,False,"music/ffxiv/BGM_Event_BattleCommon_02.scd",,,,"QuestBattle#95","",300,0,-1,False,"신생 에오르제아",0,0,0,"",False,True,0,False,False,True,False,False,True,0,False,False
410,"e0097","ffxiv/wil_w1/fld/w1f5/level/w1f5",1,"다날란","다날란","북부 다날란","w1f5/00","LoadingImage#4",3,"TerritoryIntendedUse#9","",False,13,False,0,True,False,False,False,"music/ffxiv/BGM_Con_Teikoku_Boss.scd",,,,"QuestBattle#101","",-1,0,-1,False,"신생 에오르제아",0,0,0,"",False,True,0,False,False,True,False,False,True,0,False,False
411,"e0098","ffxiv/sea_s1/fld/s1f3/level/s1f3",1,"라노시아","라노시아","동부 라노시아","s1f3/01","LoadingImage#2",3,"TerritoryIntendedUse#9","",False,18,False,0,True,False,False,False,"music/ffxiv/BGM_Boss_04.scd",,,,"QuestBattle#96","",-1,0,-1,False,"신생 에오르제아",0,0,0,"",False,True,0,False,False,True,False,False,True,0,False,False
412,"e0099","ffxiv/sea_s1/fld/s1f5/level/s1f5",1,"라노시아","라노시아","고지 라노시아","s1f5/00","LoadingImage#2",3,"TerritoryIntendedUse#9","",False,20,False,0,True,False,False,False,"music/ffxiv/BGM_Boss_04.scd",,,,"QuestBattle#97","",-1,0,-1,False,"신생 에오르제아",0,0,0,"",False,True,0,False,False,True,False,False,True,0,False,False
413,"e0100","ffxiv/sea_s1/fld/s1f4/level/s1f4",1,"라노시아","라노시아","서부 라노시아","s1f4/00","LoadingImage#2",3,"TerritoryIntendedUse#9","",False,19,False,0,True,False,False,False,"BGMSituation#1021",,,,"QuestBattle#98","",100,0,-1,False,"신생 에오르제아",0,0,0,"",False,True,0,False,False,True,False,False,True,0,False,False
414,"e0101","ffxiv/sea_s1/fld/s1f3/level/s1f3",1,"라노시아","라노시아","동부 라노시아","s1f3/01","LoadingImage#2",3,"TerritoryIntendedUse#9","",False,18,False,0,True,False,False,False,"music/ffxiv/BGM_Boss_04.scd",,,,"QuestBattle#99","",-1,0,-1,False,"신생 에오르제아",0,0,0,"",False,True,0,False,False,True,False,False,True,0,False,False
415,"e0102","ffxiv/sea_s1/fld/s1f2/level/s1f2",1,"라노시아","라노시아","저지 라노시아","s1f2/00","LoadingImage#2",3,"TerritoryIntendedUse#9","",False,36,False,0,True,False,False,False,"music/ffxiv/BGM_Event_JobShiren.scd",,,,"QuestBattle#100","",100,0,-1,False,"신생 에오르제아",0,0,0,"",False,True,0,False,False,True,False,False,True,0,False,False
416,"","",0,"","","","","LoadingImage#0",0,"TerritoryIntendedUse#0","",False,0,False,0,False,False,False,False,"",,,,"QuestBattle#0","",0,0,0,False,"신생 에오르제아",0,0,0,"",False,False,0,False,False,False,False,False,False,0,False,False
417,"w1fc_tutorial","ffxiv/wil_w1/fld/w1fc/level/w1fc",1,"다날란","골드 소서","초코보 광장","w1fc/02","LoadingImage#4",3,"TerritoryIntendedUse#20","",False,0,False,0,True,False,False,False,"music/ffxiv/BGM_GlodSaucer_Race.scd",,,,"QuestBattle#0","",-1,83,-1,False,"신생 에오르제아",0,0,0,"",False,True,0,False,False,False,False,False,True,0,False,False
418,"r2t1","ex1/01_roc_r2/twn/r2t1/level/r2t1",1,"커르다스","이슈가르드","이슈가르드 하층","r2t1/00","LoadingImage#5",0,"TerritoryIntendedUse#0","",False,47,False,1,True,False,False,False,"BGMSituation#1149",,,"ArrayEventHandler#852799","QuestBattle#0","이슈가르드 하층",-1,0,-1,False,"창천의 이슈가르드",0,5,0,"",False,True,0,False,False,False,False,False,True,0,False,False
419,"r2t2","ex1/01_roc_r2/twn/r2t2/level/r2t2",1,"커르다스","이슈가르드","이슈가르드 상층","r2t2/00","LoadingImage#5",0,"TerritoryIntendedUse#0","",False,48,False,1,True,False,False,False,"BGMSituation#1148",,,"ArrayEventHandler#852841","QuestBattle#0","이슈가르드 하층",-1,0,-1,False,"창천의 이슈가르드",0,6,0,"",False,True,0,False,False,False,False,False,True,0,False,False
420,"a2d2","ex1/03_abr_a2/dun/a2d2/level/a2d2",1,"아발라시아","아발라시아","거두지 않는 섬","a2d2/00","LoadingImage#7",2,"TerritoryIntendedUse#3","거두지 않는 섬",False,0,False,0,True,False,False,False,"BGMSituation#1001",,,,"QuestBattle#0","",-1,109,-1,False,"창천의 이슈가르드",0,0,0,"",False,True,0,False,False,False,False,False,True,0,False,False
421,"","",0,"","","","","LoadingImage#0",0,"TerritoryIntendedUse#0","",False,0,False,0,False,False,False,False,"",,,,"QuestBattle#0","",0,0,0,False,"신생 에오르제아",0,0,0,"",False,False,0,False,False,False,False,False,False,0,False,False
422,"","",0,"","","","","LoadingImage#0",0,"TerritoryIntendedUse#0","",False,0,False,0,False,False,False,False,"",,,,"QuestBattle#0","",0,0,0,False,"신생 에오르제아",0,0,0,"",False,False,0,False,False,False,False,False,False,0,False,False
423,"s1i5","ffxiv/sea_s1/ind/s1i5/level/s1i5",1,"라노시아","라노시아","안갯빛 마을: 지하공방","s1i5/00","LoadingImage#2",0,"TerritoryIntendedUse#14","",False,0,False,0,True,False,False,False,"music/ffxiv/BGM_Field_Workshop.scd",,,,"QuestBattle#0","림사 로민사 하층 갑판",-1,0,-1,False,"신생 에오르제아",0,0,0,"",False,True,0,False,False,False,False,False,True,0,False,False
424,"w1i5","ffxiv/wil_w1/ind/w1i5/level/w1i5",1,"다날란","다날란","하늘잔 마루: 지하공방","w1i5/00","LoadingImage#4",0,"TerritoryIntendedUse#14","",False,0,False,0,True,False,False,False,"music/ffxiv/BGM_Field_Workshop.scd",,,,"QuestBattle#0","울다하 날 회랑",-1,0,-1,False,"신생 에오르제아",0,0,0,"",False,True,0,False,False,False,False,False,True,0,False,False
425,"f1i5","ffxiv/fst_f1/ind/f1i5/level/f1i5",1,"검은장막 숲","검은장막 숲","라벤더 안식처: 지하공방","f1i5/00","LoadingImage#3",0,"TerritoryIntendedUse#14","",False,0,False,0,True,False,False,False,"music/ffxiv/BGM_Field_Workshop.scd",,,,"QuestBattle#0","그리다니아 신시가지",-1,0,-1,False,"신생 에오르제아",0,0,0,"",False,True,0,False,False,False,False,False,True,0,False,False
426,"z1e9","ffxiv/zon_z1/evt/z1e9/level/z1e9",1,"모르도나","모르도나","계율의 고치","z1e9/00","LoadingImage#6",2,"TerritoryIntendedUse#10","아씨엔 나브리알레스 토벌전",False,0,False,0,True,False,False,False,"BGMSituation#1001",,,,"QuestBattle#0","",-1,82,-1,False,"신생 에오르제아",0,0,0,"",False,True,0,False,False,False,False,False,True,0,False,False
427,"r2e1","ex1/01_roc_r2/evt/r2e1/level/r2e1",1,"커르다스","이슈가르드","성 앙달림 신학원","r2e1/00","LoadingImage#5",0,"TerritoryIntendedUse#15","",False,0,False,1,True,False,False,False,"BGMSituation#1166",,,"ArrayEventHandler#853195","QuestBattle#0","이슈가르드 하층",-1,0,-1,False,"창천의 이슈가르드",0,0,0,"",False,True,0,False,False,False,False,False,True,0,False,False
428,"r2e3","ex1/01_roc_r2/evt/r2e3/level/r2e3",1,"커르다스","이슈가르드","신전기사단 총장실","r2e3/00","LoadingImage#5",0,"TerritoryIntendedUse#15","",False,0,False,1,True,False,False,False,"BGMSituation#1166",,,"ArrayEventHandler#852800","QuestBattle#0","이슈가르드 하층",-1,0,-1,False,"창천의 이슈가르드",0,0,0,"",False,True,0,False,False,False,False,False,True,0,False,False
429,"r2ti","ex1/01_roc_r2/twn/r2ti/level/r2ti",1,"커르다스","이슈가르드","여인숙 '아홉 구름'","r2ti/00","LoadingImage#5",0,"TerritoryIntendedUse#2","",False,0,False,0,True,False,False,False,"music/ffxiv/BGM_Town_Rest_01.scd",,,"ArrayEventHandler#852857","QuestBattle#0","이슈가르드 하층",-1,0,-1,False,"창천의 이슈가르드",0,0,0,"",False,True,0,False,False,False,False,False,True,0,False,False
430,"a2d3","ex1/03_abr_a2/dun/a2d3/level/a2d3",1,"아발라시아","아발라시아","무한연속 박물함","a2d3/01","LoadingImage#7",2,"TerritoryIntendedUse#3","무한연속 박물함",False,0,False,0,True,False,False,False,"BGMSituation#1001",,,,"QuestBattle#0","",-1,92,-1,False,"창천의 이슈가르드",0,0,0,"",False,True,0,False,False,False,False,False,True,0,False,False
431,"s2p1","ffxiv/pvp_xx/pvp/s2p1/level/s2p1",4,"라노시아","늑대우리","봉인된 바위섬","s2p1/00","LoadingImage#2",2,"TerritoryIntendedUse#18","봉인된 바위섬(쟁탈전)",False,59,False,0,True,False,True,True,"BGMSituation#1001",,,,"QuestBattle#0","",-1,58,-1,True,"신생 에오르제아",0,0,0,"",False,True,0,False,False,False,False,False,True,0,False,False
432,"d2fa","ex1/02_dra_d2/fld/d2fa/level/d2fa",1,"드라바니아","드라바니아","무신의 투기장","d2fa/00","LoadingImage#8",2,"TerritoryIntendedUse#10","진 라바나 토벌전",False,57,False,0,True,False,False,False,"BGMSituation#1001",,,,"QuestBattle#0","",-1,106,-1,False,"창천의 이슈가르드",0,0,0,"",False,True,0,False,False,False,False,False,True,0,False,False
433,"r2e4","ex1/01_roc_r2/evt/r2e4/level/r2e4",1,"커르다스","이슈가르드","포르탕 저택","r2e4/00","LoadingImage#5",0,"TerritoryIntendedUse#15","",False,0,False,1,True,False,False,False,"BGMSituation#1164",,,"ArrayEventHandler#852838","QuestBattle#0","이슈가르드 하층",-1,0,-1,False,"창천의 이슈가르드",0,0,0,"",False,True,0,False,False,False,False,False,True,0,False,False
434,"","",0,"","","","","LoadingImage#0",0,"TerritoryIntendedUse#0","",False,0,False,0,False,False,False,False,"",,,,"QuestBattle#0","",0,0,0,False,"신생 에오르제아",0,0,0,"",False,False,0,False,False,False,False,False,False,0,False,False
435,"","",0,"","","","","LoadingImage#0",0,"TerritoryIntendedUse#0","",False,0,False,0,False,False,False,False,"",,,,"QuestBattle#0","",0,0,0,False,"신생 에오르제아",0,0,0,"",False,False,0,False,False,False,False,False,False,0,False,False
436,"a2fa","ex1/03_abr_a2/fld/a2fa/level/a2fa",1,"아발라시아","아발라시아","쪽빛 성역","a2fa/00","LoadingImage#7",2,"TerritoryIntendedUse#10","진 비스마르크 토벌전",False,28,False,0,True,False,False,False,"BGMSituation#1001",,,,"QuestBattle#0","",-1,104,-1,False,"창천의 이슈가르드",0,0,0,"",False,True,0,False,False,False,False,False,True,0,False,False
437,"a2fb","ex1/03_abr_a2/fld/a2fb/level/a2fb",1,"아발라시아","아발라시아","특이점 반응기관","a2fb/00","LoadingImage#7",2,"TerritoryIntendedUse#10","나이츠 오브 라운드 토벌전",False,56,False,0,True,False,False,False,"BGMSituation#1001",,,,"QuestBattle#0","",-1,94,-1,False,"창천의 이슈가르드",0,0,0,"",False,True,0,False,False,False,False,False,True,0,False,False
438,"","",0,"","","","","LoadingImage#0",0,"TerritoryIntendedUse#0","",False,0,False,0,False,False,False,False,"",,,,"QuestBattle#0","",0,0,0,False,"신생 에오르제아",0,0,0,"",False,False,0,False,False,False,False,False,False,0,False,False
439,"r2e5","ex1/01_roc_r2/evt/r2e5/level/r2e5",1,"커르다스","이슈가르드","나풀깃 투기장","r2e5/00","LoadingImage#5",0,"TerritoryIntendedUse#15","",False,0,False,1,True,False,False,False,"BGMSituation#1166",,,,"QuestBattle#0","이슈가르드 하층",-1,0,-1,False,"창천의 이슈가르드",0,0,0,"",False,True,0,False,False,False,False,False,True,0,False,False
440,"r2e6","ex1/01_roc_r2/evt/r2e6/level/r2e6",1,"커르다스","이슈가르드","결투재판장","r2e6/00","LoadingImage#5",0,"TerritoryIntendedUse#15","",False,0,False,1,True,False,False,False,"BGMSituation#1166",,,,"QuestBattle#0","이슈가르드 하층",-1,0,-1,False,"창천의 이슈가르드",0,0,0,"",False,True,0,False,False,False,False,False,True,0,False,False
441,"","",0,"","","","","LoadingImage#0",0,"TerritoryIntendedUse#0","",False,0,False,0,False,False,False,False,"",,,,"QuestBattle#0","",0,0,0,False,"신생 에오르제아",0,0,0,"",False,False,0,False,False,False,False,False,False,0,False,False
442,"d2a1","ex1/02_dra_d2/alx/d2a1/level/d2a1",1,"드라바니아","드라바니아","고르디우스의 주먹","d2a1/00","LoadingImage#8",2,"TerritoryIntendedUse#16","기공성 알렉산더: 기동편 1",False,0,False,0,True,False,False,False,"BGMSituation#1001",,,,"QuestBattle#0","",-1,95,-1,False,"창천의 이슈가르드",0,0,0,"",False,True,0,False,False,False,False,False,True,0,False,False
443,"d2a2","ex1/02_dra_d2/alx/d2a2/level/d2a2",1,"드라바니아","드라바니아","고르디우스의 손목","d2a2/01","LoadingImage#8",2,"TerritoryIntendedUse#16","기공성 알렉산더: 기동편 2",False,0,False,0,True,False,False,False,"BGMSituation#1001",,,,"QuestBattle#0","",-1,102,-1,False,"창천의 이슈가르드",0,0,0,"",False,True,0,False,False,False,False,False,True,0,False,False
444,"d2a3","ex1/02_dra_d2/alx/d2a3/level/d2a3",1,"드라바니아","드라바니아","고르디우스의 팔","d2a3/00","LoadingImage#8",2,"TerritoryIntendedUse#16","기공성 알렉산더: 기동편 3",False,0,False,0,True,False,False,False,"BGMSituation#1001",,,,"QuestBattle#0","",-1,97,-1,False,"창천의 이슈가르드",0,0,0,"",False,True,0,False,False,False,False,False,True,0,False,False
445,"d2a4","ex1/02_dra_d2/alx/d2a4/level/d2a4",1,"드라바니아","드라바니아","고르디우스의 어깨","d2a4/00","LoadingImage#8",2,"TerritoryIntendedUse#17","기공성 알렉산더: 기동편 4",False,0,False,0,True,False,False,False,"BGMSituation#1001",,,,"QuestBattle#0","",-1,99,-1,False,"창천의 이슈가르드",0,0,0,"",False,True,0,False,False,False,False,False,True,0,False,False
446,"d2fa_2","ex1/02_dra_d2/fld/d2fa/level/d2fa",1,"드라바니아","드라바니아","무신의 투기장","d2fa/00","LoadingImage#8",2,"TerritoryIntendedUse#10","극 라바나 토벌전",False,57,False,0,True,False,False,False,"BGMSituation#1001",,,,"QuestBattle#0","",-1,107,-1,False,"창천의 이슈가르드",0,0,0,"",False,True,0,False,False,False,False,False,True,0,False,False
447,"a2fa_2","ex1/03_abr_a2/fld/a2fa/level/a2fa",1,"아발라시아","아발라시아","쪽빛 성역","a2fa/00","LoadingImage#7",2,"TerritoryIntendedUse#10","극 비스마르크 토벌전",False,28,False,0,True,False,False,False,"BGMSituation#1001",,,,"QuestBattle#0","",-1,105,-1,False,"창천의 이슈가르드",0,0,0,"",False,True,0,False,False,False,False,False,True,0,False,False
448,"a2fb_2","ex1/03_abr_a2/fld/a2fb/level/a2fb",1,"아발라시아","아발라시아","특이점 반응기관","a2fb/00","LoadingImage#7",2,"TerritoryIntendedUse#10","극 나이츠 오브 라운드 토벌전",False,56,False,0,True,False,False,False,"BGMSituation#1001",,,,"QuestBattle#0","",-1,130,-1,False,"창천의 이슈가르드",0,0,0,"",False,True,0,False,False,False,False,False,True,0,False,False
449,"d2a1_2","ex1/02_dra_d2/alx/d2a1/level/d2a1",1,"드라바니아","드라바니아","고르디우스의 주먹","d2a1/00","LoadingImage#8",2,"TerritoryIntendedUse#16","기공성 알렉산더: 기동편(영웅) 1",False,0,False,0,True,False,False,False,"BGMSituation#1001",,,,"QuestBattle#0","",-1,96,-1,False,"창천의 이슈가르드",0,0,0,"",False,True,0,False,False,False,False,False,True,0,False,False
450,"d2a2_2","ex1/02_dra_d2/alx/d2a2/level/d2a2",1,"드라바니아","드라바니아","고르디우스의 손목","d2a2/01","LoadingImage#8",2,"TerritoryIntendedUse#16","기공성 알렉산더: 기동편(영웅) 2",False,0,False,0,True,False,False,False,"BGMSituation#1001",,,,"QuestBattle#0","",-1,103,-1,False,"창천의 이슈가르드",0,0,0,"",False,True,0,False,False,False,False,False,True,0,False,False
451,"d2a3_2","ex1/02_dra_d2/alx/d2a3/level/d2a3",1,"드라바니아","드라바니아","고르디우스의 팔","d2a3/00","LoadingImage#8",2,"TerritoryIntendedUse#16","기공성 알렉산더: 기동편(영웅) 3",False,0,False,0,True,False,False,False,"BGMSituation#1001",,,,"QuestBattle#0","",-1,98,-1,False,"창천의 이슈가르드",0,0,0,"",False,True,0,False,False,False,False,False,True,0,False,False
452,"d2a4_2","ex1/02_dra_d2/alx/d2a4/level/d2a4",1,"드라바니아","드라바니아","고르디우스의 어깨","d2a4/00","LoadingImage#8",2,"TerritoryIntendedUse#17","기공성 알렉산더: 기동편(영웅) 4",False,0,False,0,True,False,False,False,"BGMSituation#1001",,,,"QuestBattle#0","",-1,100,-1,False,"창천의 이슈가르드",0,0,0,"",False,True,0,False,False,False,False,False,True,0,False,False
453,"e0103","ffxiv/sea_s1/fld/s1f4/level/s1f4",1,"라노시아","라노시아","서부 라노시아","s1f4/00","LoadingImage#2",3,"TerritoryIntendedUse#9","",False,19,False,0,True,False,False,False,"music/ffxiv/BGM_Boss_04.scd",,,,"QuestBattle#103","",-1,0,-1,False,"창천의 이슈가르드",0,0,0,"",False,True,0,False,False,True,False,False,True,0,False,False
454,"e0104","ffxiv/sea_s1/fld/s1f5/level/s1f5",1,"라노시아","라노시아","고지 라노시아","s1f5/00","LoadingImage#2",3,"TerritoryIntendedUse#9","",False,20,False,0,True,False,False,False,"music/ffxiv/BGM_Event_Treacherous.scd",,,,"QuestBattle#135","",-1,0,-1,False,"창천의 이슈가르드",0,0,0,"",False,True,0,False,False,True,False,False,True,0,False,False
455,"e0105","ex1/03_abr_a2/fld/a2f1/level/a2f1",1,"아발라시아","아발라시아","아발라시아 구름바다","a2f1/00","LoadingImage#7",3,"TerritoryIntendedUse#9","",False,0,False,0,True,False,False,False,"music/ffxiv/BGM_Event_Treacherous.scd",,,,"QuestBattle#104","",300,0,-1,False,"창천의 이슈가르드",0,0,0,"",False,True,0,False,False,True,False,False,True,0,False,False
456,"e0106","ex1/01_roc_r2/evt/r2e6/level/r2e6",1,"커르다스","이슈가르드","결투재판장","r2e6/00","LoadingImage#5",3,"TerritoryIntendedUse#9","",False,0,False,1,True,False,False,False,"music/ex1/BGM_EX1_Event_Soten.scd",,,,"QuestBattle#105","",-1,108,-1,False,"창천의 이슈가르드",0,0,0,"",False,True,0,False,False,True,False,False,True,0,False,False
457,"e0107","ffxiv/roc_r1/fld/r1fc/level/r1fc",1,"커르다스","커르다스","아크 아파 원형극장","r1fc/00","LoadingImage#5",3,"TerritoryIntendedUse#9","",False,46,False,2,True,False,False,False,"music/ex1/BGM_EX1_Event_IshWar.scd",,,,"QuestBattle#108","",-1,112,-1,False,"창천의 이슈가르드",0,0,0,"",False,True,0,False,False,True,False,False,True,0,False,False
458,"e0108","ex1/01_roc_r2/twn/r2t1/level/r2t1",1,"커르다스","이슈가르드","이슈가르드 하층","r2t1/00","LoadingImage#5",3,"TerritoryIntendedUse#9","",False,0,False,1,True,False,False,False,"music/ex1/BGM_EX1_Event_Soten.scd",,,,"QuestBattle#109","",-1,0,-1,False,"창천의 이슈가르드",0,0,0,"",False,True,0,False,False,True,False,False,True,0,False,False
459,"e0109","ex1/03_abr_a2/fld/a2f2/level/a2f2",1,"아발라시아","아발라시아","아지스 라","a2f2/00","LoadingImage#7",3,"TerritoryIntendedUse#9","",False,54,False,0,True,False,False,False,"music/ffxiv/BGM_Con_Teikoku_Gaius.scd",,,,"QuestBattle#110","",-1,117,-1,False,"창천의 이슈가르드",0,0,0,"",False,True,0,False,False,True,False,False,True,0,False,False
460,"e0110","ffxiv/wil_w1/dun/w1d7/level/w1d7",1,"다날란","다날란","할라탈리 수련장","w1d7/00","LoadingImage#4",3,"TerritoryIntendedUse#9","",False,0,False,0,True,False,False,False,"music/ex1/BGM_EX1_Event_Strategy.scd",,,,"QuestBattle#106","",-1,0,-1,False,"창천의 이슈가르드",0,0,0,"",False,True,0,False,False,True,False,False,True,0,False,False
461,"e0111","ex1/03_abr_a2/fld/a2f1/level/a2f1",1,"아발라시아","아발라시아","아발라시아 구름바다","a2f1/00","LoadingImage#7",3,"TerritoryIntendedUse#9","",False,53,False,0,True,False,False,False,"music/ffxiv/BGM_Boss_04.scd",,,,"QuestBattle#107","",-1,0,-1,False,"창천의 이슈가르드",0,0,0,"",False,True,0,False,False,True,False,False,True,0,False,False
462,"d2e2","ex1/02_dra_d2/evt/d2e2/level/d2e2",1,"드라바니아","드라바니아","공물 구멍","d2e2/00","LoadingImage#8",0,"TerritoryIntendedUse#15","",False,0,False,0,True,False,False,False,"BGMSituation#1170",,,"ArrayEventHandler#852811","QuestBattle#0","꼬리깃 마을",-1,0,-1,False,"창천의 이슈가르드",0,0,0,"",False,True,0,False,False,False,False,False,True,0,False,False
463,"d2e3","ex1/02_dra_d2/evt/d2e3/level/d2e3",1,"드라바니아","드라바니아","마토야의 동굴","d2e3/00","LoadingImage#8",0,"TerritoryIntendedUse#15","",False,0,False,0,True,False,False,False,"BGMSituation#1168",,,"ArrayEventHandler#853196","QuestBattle#0","이딜샤이어",-1,0,-1,False,"창천의 이슈가르드",0,0,0,"",False,True,0,False,False,False,False,False,True,0,False,False
464,"e0112","ex1/02_dra_d2/fld/d2f1/level/d2f1",1,"드라바니아","드라바니아","고지 드라바니아","d2f1/00","LoadingImage#8",3,"TerritoryIntendedUse#9","",False,50,False,0,True,False,False,False,"music/ffxiv/BGM_Event_JobShiren.scd",,,,"QuestBattle#134","",-1,0,-1,False,"창천의 이슈가르드",0,0,0,"",False,True,0,False,False,True,False,False,True,0,False,False
465,"e0113","ffxiv/wil_w1/fld/w1f3/level/w1f3",1,"다날란","다날란","동부 다날란","w1f3/00","LoadingImage#4",3,"TerritoryIntendedUse#9","",False,11,False,0,True,False,False,False,"music/ffxiv/BGM_Event_BattleCommon_02.scd",,,,"QuestBattle#126","",-1,0,-1,False,"창천의 이슈가르드",0,0,0,"",False,True,0,False,False,True,False,False,True,0,False,False
466,"e0114","ffxiv/sea_s1/fld/s1f5/level/s1f5",1,"라노시아","라노시아","고지 라노시아","s1f5/00","LoadingImage#2",3,"TerritoryIntendedUse#9","",False,20,False,0,True,False,False,False,"music/ffxiv/BGM_Boss_04.scd",,,,"QuestBattle#113","",-1,0,-1,False,"창천의 이슈가르드",0,0,0,"",False,True,0,False,False,True,False,False,True,0,False,False
467,"e0115","ex1/01_roc_r2/fld/r2f1/level/r2f1",1,"커르다스","커르다스","커르다스 서부고지","r2f1/00","LoadingImage#5",3,"TerritoryIntendedUse#9","",False,49,False,1,True,False,False,False,"music/ffxiv/BGM_Boss_04.scd",,,,"QuestBattle#114","",-1,0,-1,False,"창천의 이슈가르드",0,0,0,"",False,True,0,False,False,True,False,False,True,0,False,False
468,"e0116","ffxiv/roc_r1/fld/r1f1/level/r1f1",1,"커르다스","커르다스","커르다스 중앙고지","r1f1/00","LoadingImage#5",3,"TerritoryIntendedUse#9","",False,21,False,1,True,False,False,False,"music/ffxiv/BGM_Boss_04.scd",,,"ArrayEventHandler#852247","QuestBattle#102","",-1,0,-1,False,"창천의 이슈가르드",0,0,0,"",False,True,0,False,False,True,False,False,True,0,False,False
469,"e0117","ffxiv/roc_r1/fld/r1f1/level/r1f1",1,"커르다스","커르다스","커르다스 중앙고지","r1f1/00","LoadingImage#5",3,"TerritoryIntendedUse#9","",False,21,False,1,True,False,False,False,"music/ffxiv/BGM_Event_BattleCommon_02.scd",,,"ArrayEventHandler#852247","QuestBattle#115","",-1,0,-1,False,"창천의 이슈가르드",0,0,0,"",False,True,0,False,False,True,False,False,True,0,False,False
470,"e0118","ex1/01_roc_r2/fld/r2f1/level/r2f1",1,"커르다스","커르다스","커르다스 서부고지","r2f1/00","LoadingImage#5",3,"TerritoryIntendedUse#9","",False,49,False,1,True,False,False,False,"music/ffxiv/BGM_Boss_04.scd",,,,"QuestBattle#116","",-1,0,-1,False,"창천의 이슈가르드",0,0,0,"",False,True,0,False,False,True,False,False,True,0,False,False
471,"e0119","ffxiv/sea_s1/fld/s1f3/level/s1f3",1,"라노시아","라노시아","동부 라노시아","s1f3/01","LoadingImage#2",3,"TerritoryIntendedUse#9","",False,18,False,0,True,False,False,False,"music/ffxiv/BGM_Event_BattleCommon_02.scd",,,,"QuestBattle#117","",-1,0,-1,False,"창천의 이슈가르드",0,0,0,"",False,True,0,False,False,True,False,False,True,0,False,False
472,"e0120","ex1/01_roc_r2/fld/r2f1/level/r2f1",1,"커르다스","커르다스","커르다스 서부고지","r2f1/00","LoadingImage#5",3,"TerritoryIntendedUse#9","",False,49,False,1,True,False,False,False,"music/ffxiv/BGM_Boss_04.scd",,,,"QuestBattle#118","",-1,0,-1,False,"창천의 이슈가르드",0,0,0,"",False,True,0,False,False,True,False,False,True,0,False,False
473,"e0121","ffxiv/fst_f1/fld/f1f3/level/f1f3",1,"검은장막 숲","검은장막 숲","검은장막 숲 남부삼림","f1f3/00","LoadingImage#3",3,"TerritoryIntendedUse#9","",False,58,False,0,True,False,False,False,"music/ffxiv/BGM_Event_BattleCommon_02.scd",,,"ArrayEventHandler#852244","QuestBattle#143","",2200,0,-1,False,"창천의 이슈가르드",0,39,0,"",False,True,0,False,False,True,False,False,True,0,False,False
474,"e0122","ffxiv/sea_s1/twn/s1t1/level/s1t1",1,"라노시아","림사 로민사","림사 로민사 상층 갑판","s1t1/01","LoadingImage#2",3,"TerritoryIntendedUse#9","",False,58,False,0,True,False,False,False,"BGMSituation#1020",,,"ArrayEventHandler#852085","QuestBattle#144","",30,0,-1,False,"창천의 이슈가르드",0,0,0,"",False,True,0,False,False,True,False,False,True,0,False,False
475,"e0123","ffxiv/roc_r1/fld/r1f1/level/r1f1",1,"커르다스","커르다스","커르다스 중앙고지","r1f1/00","LoadingImage#5",3,"TerritoryIntendedUse#9","",False,21,False,1,True,False,False,False,"music/ffxiv/BGM_Event_Treacherous.scd",,,"ArrayEventHandler#852247","QuestBattle#119","",-1,0,-1,False,"창천의 이슈가르드",0,0,0,"",False,True,0,False,False,True,False,False,True,0,False,False
476,"e0124","ex1/02_dra_d2/fld/d2f2/level/d2f2",1,"드라바니아","드라바니아","저지 드라바니아","d2f2/00","LoadingImage#8",3,"TerritoryIntendedUse#9","",False,58,False,0,True,False,False,False,"music/ffxiv/BGM_Event_JobShiren.scd",,,,"QuestBattle#141","",2200,0,-1,False,"창천의 이슈가르드",0,0,0,"",False,True,0,False,False,True,False,False,True,0,False,False
477,"e0125","ex1/01_roc_r2/fld/r2f1/level/r2f1",1,"커르다스","커르다스","커르다스 서부고지","r2f1/00","LoadingImage#5",3,"TerritoryIntendedUse#9","",False,0,False,0,True,False,False,False,"music/ffxiv/BGM_Event_JobShiren.scd",,,,"QuestBattle#142","",-1,110,-1,False,"창천의 이슈가르드",0,0,0,"",False,True,0,False,False,True,False,False,True,0,False,False
478,"d2t1","ex1/02_dra_d2/twn/d2t1/level/d2t1",1,"드라바니아","이딜샤이어","이딜샤이어","d2t1/00","LoadingImage#8",0,"TerritoryIntendedUse#0","",False,55,False,0,True,False,True,False,"BGMSituation#1167",,,"ArrayEventHandler#852827","QuestBattle#0","이딜샤이어",-1,0,-1,False,"창천의 이슈가르드",0,7,0,"창천의 이슈가르드",False,True,0,False,False,False,False,False,True,0,False,False
479,"e0126","ex1/01_roc_r2/fld/r2f1/level/r2f1",1,"커르다스","커르다스","커르다스 서부고지","r2f1/00","LoadingImage#5",3,"TerritoryIntendedUse#9","",False,42,False,1,True,False,False,False,"music/ex1/BGM_EX1_Event_Start.scd",,,,"QuestBattle#111","",-1,0,-1,False,"창천의 이슈가르드",0,0,0,"",False,True,0,False,False,True,False,False,True,0,False,False
480,"e0127","ffxiv/lak_l1/fld/l1f1/level/l1f1",1,"모르도나","모르도나","모르도나","l1f1/01","LoadingImage#6",3,"TerritoryIntendedUse#9","",False,22,False,0,True,False,False,False,"music/ffxiv/BGM_Event_BattleCommon_02.scd",,,"ArrayEventHandler#852412","QuestBattle#120","",-1,0,-1,False,"창천의 이슈가르드",0,0,0,"",False,True,0,False,False,True,False,False,True,0,False,False
481,"e0128","ex1/02_dra_d2/fld/d2f1/level/d2f1",1,"드라바니아","드라바니아","고지 드라바니아","d2f1/00","LoadingImage#8",3,"TerritoryIntendedUse#9","",False,50,False,0,True,False,False,False,"music/ffxiv/BGM_Boss_04.scd",,,,"QuestBattle#121","",-1,0,-1,False,"창천의 이슈가르드",0,2,0,"",False,True,0,False,False,True,False,False,True,0,False,False
482,"e0129","ex1/02_dra_d2/fld/d2f1/level/d2f1",1,"드라바니아","드라바니아","고지 드라바니아","d2f1/00","LoadingImage#8",3,"TerritoryIntendedUse#9","",False,50,False,0,True,False,False,False,"music/ffxiv/BGM_Event_BattleCommon_02.scd",,,,"QuestBattle#122","",-1,0,-1,False,"창천의 이슈가르드",0,2,0,"",False,True,0,False,False,True,False,False,True,0,False,False
483,"e0130","ffxiv/wil_w1/fld/w1f5/level/w1f5",1,"다날란","다날란","북부 다날란","w1f5/00","LoadingImage#4",3,"TerritoryIntendedUse#9","",False,13,False,0,True,False,False,False,"music/ffxiv/BGM_Event_BattleCommon_01.scd",,,"ArrayEventHandler#852014","QuestBattle#123","",-1,0,-1,False,"창천의 이슈가르드",0,0,0,"",False,True,0,False,False,True,False,False,True,0,False,False
484,"e0131","ffxiv/sea_s1/fld/s1f2/level/s1f2",1,"라노시아","라노시아","저지 라노시아","s1f2/00","LoadingImage#2",3,"TerritoryIntendedUse#9","",False,17,False,0,True,False,False,False,"music/ffxiv/BGM_Event_BattleCommon_01.scd",,,,"QuestBattle#124","",-1,0,-1,False,"창천의 이슈가르드",0,0,0,"",False,True,0,False,False,True,False,False,True,0,False,False
485,"e0132","ex1/02_dra_d2/fld/d2f2/level/d2f2",1,"드라바니아","드라바니아","저지 드라바니아","d2f2/00","LoadingImage#8",3,"TerritoryIntendedUse#9","",False,0,False,0,True,False,False,False,"music/ffxiv/BGM_Event_BattleCommon_02.scd",,,,"QuestBattle#112","",-1,119,-1,False,"창천의 이슈가르드",0,0,0,"",False,True,0,False,False,True,False,False,True,0,False,False
486,"e0133","ffxiv/sea_s1/fld/s1f6/level/s1f6",1,"라노시아","라노시아","외지 라노시아","s1f6/00","LoadingImage#2",3,"TerritoryIntendedUse#9","",False,24,False,0,True,False,False,False,"music/ffxiv/BGM_Event_BattleCommon_02.scd",,,,"QuestBattle#127","",-1,0,-1,False,"창천의 이슈가르드",0,37,0,"",False,True,0,False,False,True,False,False,True,0,False,False
487,"e0134","ffxiv/roc_r1/fld/r1f1/level/r1f1",1,"커르다스","커르다스","커르다스 중앙고지","r1f1/00","LoadingImage#5",3,"TerritoryIntendedUse#9","",False,21,False,1,True,False,False,False,"music/ex1/BGM_EX1_Event_IshWar.scd",,,"ArrayEventHandler#852247","QuestBattle#128","",-1,0,-1,False,"창천의 이슈가르드",0,0,0,"",False,True,0,False,False,True,False,False,True,0,False,False
488,"e0135","ffxiv/roc_r1/fld/r1f1/level/r1f1",1,"커르다스","커르다스","커르다스 중앙고지","r1f1/00","LoadingImage#5",3,"TerritoryIntendedUse#9","",False,0,False,1,True,False,False,False,"music/ffxiv/BGM_Event_BattleCommon_02.scd",,,"ArrayEventHandler#852247","QuestBattle#129","",1300,0,-1,False,"창천의 이슈가르드",0,0,0,"",False,True,0,False,False,True,False,False,True,0,False,False
489,"e0136","ex1/01_roc_r2/fld/r2f1/level/r2f1",1,"커르다스","커르다스","커르다스 서부고지","r2f1/00","LoadingImage#5",3,"TerritoryIntendedUse#9","",False,49,False,1,True,False,False,False,"music/ex1/BGM_EX1_Event_IshWar.scd",,,,"QuestBattle#130","",-1,0,-1,False,"창천의 이슈가르드",0,0,0,"",False,True,0,False,False,True,False,False,True,0,False,False
490,"e0137","ffxiv/sea_s1/dun/s1d5/level/s1d5",1,"라노시아","라노시아","난파선의 섬","s1d5/00","LoadingImage#2",3,"TerritoryIntendedUse#9","",False,0,False,0,True,False,False,False,"music/ffxiv/BGM_Event_JobShiren.scd",,,,"QuestBattle#131","",-1,0,-1,False,"창천의 이슈가르드",0,0,0,"",False,True,0,False,False,True,False,False,True,0,False,False
491,"e0138","ffxiv/wil_w1/fld/w1f4/level/w1f4",1,"다날란","다날란","남부 다날란","w1f4/01","LoadingImage#4",3,"TerritoryIntendedUse#9","",False,12,False,0,True,False,False,False,"music/ffxiv/BGM_Event_JobShiren.scd",,,,"QuestBattle#132","",-1,0,-1,False,"창천의 이슈가르드",0,0,0,"",False,True,0,False,False,True,False,False,True,0,False,False
492,"e0139","ex1/03_abr_a2/fld/a2f1/level/a2f1",1,"아발라시아","아발라시아","아발라시아 구름바다","a2f1/00","LoadingImage#7",3,"TerritoryIntendedUse#9","",False,53,False,0,True,False,False,False,"music/ffxiv/BGM_Event_JobShiren.scd",,,,"QuestBattle#133","",-1,113,-1,False,"창천의 이슈가르드",0,0,0,"",False,True,0,False,False,True,False,False,True,0,False,False
493,"e0140","ex1/01_roc_r2/fld/r2f1/level/r2f1",1,"커르다스","커르다스","커르다스 서부고지","r2f1/00","LoadingImage#5",3,"TerritoryIntendedUse#9","",False,49,False,1,True,False,False,False,"music/ffxiv/BGM_Boss_04.scd",,,,"QuestBattle#125","",-1,0,-1,False,"창천의 이슈가르드",0,0,0,"",False,True,0,False,False,True,False,False,True,0,False,False
494,"e0141","ffxiv/wil_w1/fld/w1f3/level/w1f3",1,"다날란","다날란","동부 다날란","w1f3/00","LoadingImage#4",3,"TerritoryIntendedUse#9","",False,11,False,0,True,False,False,False,"music/ffxiv/BGM_Boss_04.scd",,,,"QuestBattle#136","",-1,0,-1,False,"창천의 이슈가르드",0,0,0,"",False,True,0,False,False,True,False,False,True,0,False,False
495,"e0142","ffxiv/sea_s1/fld/s1f2/level/s1f2",1,"라노시아","라노시아","저지 라노시아","s1f2/00","LoadingImage#2",3,"TerritoryIntendedUse#9","",False,17,False,0,True,False,False,False,"music/ffxiv/BGM_Boss_02.scd",,,,"QuestBattle#137","",-1,0,-1,False,"창천의 이슈가르드",0,0,0,"",False,True,0,False,False,True,False,False,True,0,False,False
496,"e0143","ffxiv/roc_r1/fld/r1f1/level/r1f1",1,"커르다스","커르다스","커르다스 중앙고지","r1f1/00","LoadingImage#5",3,"TerritoryIntendedUse#9","",False,21,False,2,True,False,False,False,"music/ffxiv/BGM_Event_BattleOverture.scd",,,,"QuestBattle#138","",-1,0,-1,False,"창천의 이슈가르드",0,0,0,"",False,True,0,False,False,True,False,False,True,0,False,False
497,"e0144","ex1/01_roc_r2/fld/r2f1/level/r2f1",1,"커르다스","커르다스","커르다스 서부고지","r2f1/00","LoadingImage#5",3,"TerritoryIntendedUse#9","",False,0,False,1,True,False,False,False,"music/ex1/BGM_EX1_Event_Strategy.scd",,,,"QuestBattle#139","",800,0,-1,False,"창천의 이슈가르드",0,0,0,"",False,True,0,False,False,True,False,False,True,0,False,False
498,"e0145","ex1/01_roc_r2/fld/r2f1/level/r2f1",1,"커르다스","커르다스","커르다스 서부고지","r2f1/00","LoadingImage#5",3,"TerritoryIntendedUse#9","",False,49,False,1,True,False,False,False,"music/ffxiv/BGM_Event_BattleCommon_02.scd",,,,"QuestBattle#140","",-1,0,-1,False,"창천의 이슈가르드",0,0,0,"",False,True,0,False,False,True,False,False,True,0,False,False
499,"e0146","ex1/01_roc_r2/twn/r2t2/level/r2t2",1,"커르다스","이슈가르드","이슈가르드 상층","r2t2/00","LoadingImage#5",3,"TerritoryIntendedUse#9","",False,48,True,1,True,False,False,False,"music/ex1/BGM_EX1_Event_IshWar.scd",,,,"QuestBattle#145","",-1,116,-1,False,"창천의 이슈가르드",0,0,0,"",False,True,0,False,False,True,False,False,True,0,False,False
500,"e0147","ffxiv/roc_r1/fld/r1f1/level/r1f1",1,"커르다스","커르다스","커르다스 중앙고지","r1f1/00","LoadingImage#5",3,"TerritoryIntendedUse#9","",False,21,False,1,True,False,False,False,"music/ffxiv/BGM_Event_JobShiren.scd",,,,"QuestBattle#146","",-1,0,-1,False,"창천의 이슈가르드",0,0,0,"",False,True,0,False,False,True,False,False,True,0,False,False
501,"e0148","ex1/02_dra_d2/fld/d2f3/level/d2f3",1,"드라바니아","드라바니아","드라바니아 구름바다","d2f3/00","LoadingImage#8",3,"TerritoryIntendedUse#9","",False,52,False,0,True,False,False,False,"music/ffxiv/BGM_Ban_Moogle_Nomal.scd",,,,"QuestBattle#147","",-1,0,-1,False,"창천의 이슈가르드",0,0,0,"",False,True,0,False,False,True,False,False,True,0,False,False
502,"e0149","ffxiv/lak_l1/pvp/l1p1/level/l1p1",1,"모르도나","모르도나","카르테노 평원: 외곽 유적지대","l1p3/00","LoadingImage#6",3,"TerritoryIntendedUse#9","",False,0,False,0,True,False,False,False,"music/ffxiv/BGM_Boss_04.scd",,,,"QuestBattle#149","",400,0,-1,False,"창천의 이슈가르드",0,0,0,"",False,True,0,False,False,True,False,False,True,0,False,False
503,"e0150","ex1/02_dra_d2/fld/d2f2/level/d2f2",1,"드라바니아","드라바니아","저지 드라바니아","d2f2/00","LoadingImage#8",3,"TerritoryIntendedUse#9","",False,51,False,0,True,False,False,False,"music/ffxiv/BGM_Event_JobShiren.scd",,,,"QuestBattle#148","",-1,0,-1,False,"창천의 이슈가르드",0,0,0,"",False,True,0,False,False,True,False,False,True,0,False,False
504,"l1e2","ffxiv/lak_l1/evt/l1e2/level/l1e2",1,"다날란","다날란","개발실","default/00","LoadingImage#4",0,"TerritoryIntendedUse#32","",False,0,False,0,True,False,False,False,"music/ffxiv/BGM_Event_CrystalHarpOnly.scd",,,"ArrayEventHandler#852110","QuestBattle#0","울다하 날 회랑",-1,0,-1,False,"신생 에오르제아",0,0,0,"",False,True,0,False,False,False,False,False,True,0,False,False
505,"d2e4","ex1/02_dra_d2/evt/d2e4/level/d2e4",1,"드라바니아","드라바니아","기공성 알렉산더","default/00","LoadingImage#8",0,"TerritoryIntendedUse#12","",False,0,False,0,True,False,False,False,"BGMSituation#1001",,,"ArrayEventHandler#853182","QuestBattle#0","이딜샤이어",-1,0,-1,False,"창천의 이슈가르드",0,0,0,"",False,True,0,False,False,False,False,False,True,0,False,False
506,"s1p3","ffxiv/sea_s1/pvp/s1p3/level/s1p3",6,"다날란","골드 소서","초코보 광장","","LoadingImage#4",3,"TerritoryIntendedUse#25","",False,0,False,0,True,False,False,False,"BGMSituation#1001",,,,"QuestBattle#0","",-1,0,-1,False,"신생 에오르제아",0,0,0,"",False,True,0,False,False,False,False,False,True,0,False,False
507,"a2e2","ex1/03_abr_a2/evt/a2e2/level/a2e2",1,"아발라시아","아발라시아","마대륙 중추부","a2e2/00","LoadingImage#7",0,"TerritoryIntendedUse#12","",False,0,False,0,True,False,False,False,"BGMSituation#1001",,,"ArrayEventHandler#853159","QuestBattle#0","나선 발착장",-1,0,-1,False,"창천의 이슈가르드",0,0,0,"",False,True,0,False,False,False,False,False,True,0,False,False
508,"z2r1","ex1/05_zon_z2/rad/z2r1/level/z2r1",1,"아발라시아","아발라시아","보이드의 방주","z2r1/01","LoadingImage#7",2,"TerritoryIntendedUse#8","보이드의 방주",False,37,False,0,True,False,False,False,"BGMSituation#1001",,,,"QuestBattle#0","",-1,0,-1,False,"창천의 이슈가르드",0,0,0,"",False,True,0,False,False,False,False,False,True,0,False,False
509,"z1z4","ex4/02_mid_m5/fld/m5fb/level/m5fb",1,"일사바드","사베네어 섬","아라야 보탑","m5fb/00","LoadingImage#23",2,"TerritoryIntendedUse#10","아수라 토벌전",False,114,False,0,True,False,False,False,"BGMSituation#1001",,,,"QuestBattle#0","",-1,708,-1,False,"효월의 종언",0,0,0,"",False,True,0,False,False,True,False,True,True,0,False,False
510,"s1d9","ffxiv/sea_s1/dun/s1d9/level/s1d9",1,"라노시아","라노시아","시리우스 대등대","s1d9/01","LoadingImage#2",2,"TerritoryIntendedUse#3","시리우스 대등대(어려움)",False,28,False,0,True,False,False,False,"BGMSituation#1001",,,,"QuestBattle#0","",-1,129,-1,False,"창천의 이슈가르드",0,0,0,"",False,True,0,False,False,False,False,False,True,0,False,False
511,"d2d4","ex1/02_dra_d2/dun/d2d4/level/d2d4",1,"드라바니아","드라바니아","성 모샨 식물원","d2d4/01","LoadingImage#8",2,"TerritoryIntendedUse#3","성 모샨 식물원",False,0,False,0,True,False,False,False,"BGMSituation#1001",,,,"QuestBattle#0","",-1,128,-1,False,"창천의 이슈가르드",0,0,0,"",False,True,0,False,False,False,False,False,True,0,False,False
512,"a2fc","ex1/03_abr_a2/fld/a2fc/level/a2fc",1,"아발라시아","아발라시아","디아뎀 제도","a2fc/00","LoadingImage#7",2,"TerritoryIntendedUse#26","디아뎀 제도(쉬움)",False,60,False,0,True,True,True,False,"BGMSituation#1177",,,,"QuestBattle#0","",1400,131,-1,False,"창천의 이슈가르드",0,0,0,"",False,True,0,False,False,False,False,False,True,0,False,False
513,"e0151","ex1/01_roc_r2/dun/r2d2/level/r2d2",1,"커르다스","이슈가르드","이슈가르드 교황청","r2d2/01","LoadingImage#5",3,"TerritoryIntendedUse#9","",False,58,False,1,True,False,False,False,"music/ex1/BGM_EX1_Event_Strategy.scd",,,,"QuestBattle#150","",-1,0,-1,False,"창천의 이슈가르드",0,0,0,"",False,True,0,False,False,True,False,False,True,0,False,False
514,"a2fc_2","ex1/03_abr_a2/fld/a2fc/level/a2fc",1,"아발라시아","아발라시아","디아뎀 제도","a2fc/00","LoadingImage#7",2,"TerritoryIntendedUse#26","디아뎀 제도",False,61,False,0,True,True,True,False,"BGMSituation#1177",,,,"QuestBattle#0","",1700,131,-1,False,"창천의 이슈가르드",0,0,0,"",False,True,0,False,False,False,False,False,True,0,False,False
515,"a2fc_3","ex1/03_abr_a2/fld/a2fc/level/a2fc",1,"아발라시아","아발라시아","디아뎀 제도","a2fc/00","LoadingImage#7",2,"TerritoryIntendedUse#26","디아뎀 제도(어려움)",False,62,False,0,True,True,True,False,"BGMSituation#1177",,,,"QuestBattle#0","",200,131,-1,False,"창천의 이슈가르드",0,0,0,"",False,True,0,False,False,False,False,False,True,0,False,False
516,"","",0,"","","","","LoadingImage#0",0,"TerritoryIntendedUse#0","",False,0,False,0,False,False,False,False,"",,,,"QuestBattle#0","",0,0,0,False,"신생 에오르제아",0,0,0,"",False,False,0,False,False,False,False,False,False,0,False,False
517,"a2fd","ex1/03_abr_a2/fld/a2fd/level/a2fd",1,"아발라시아","아발라시아","봉쇄구역 S1T7","a2fd/00","LoadingImage#7",2,"TerritoryIntendedUse#10","마신 세피로트 토벌전",False,66,False,0,True,False,False,False,"BGMSituation#1001",,,,"QuestBattle#0","",-1,139,-1,False,"창천의 이슈가르드",0,0,0,"",False,True,0,False,False,False,False,False,True,0,False,False
518,"","",0,"","","","","LoadingImage#0",0,"TerritoryIntendedUse#0","",False,0,False,0,False,False,False,False,"",,,,"QuestBattle#0","",0,0,0,False,"신생 에오르제아",0,0,0,"",False,False,0,False,False,False,False,False,False,0,False,False
519,"f1d8","ffxiv/fst_f1/dun/f1d8/level/f1d8",1,"검은장막 숲","검은장막 숲","옛 암다포르 시가지","f1d8/01","LoadingImage#3",2,"TerritoryIntendedUse#3","옛 암다포르 시가지(어려움)",False,63,False,0,True,False,False,False,"BGMSituation#1001",,,,"QuestBattle#0","",-1,137,-1,False,"창천의 이슈가르드",0,0,0,"",False,True,0,False,False,False,False,False,True,0,False,False
520,"d2a5","ex1/02_dra_d2/alx/d2a5/level/d2a5",1,"드라바니아","드라바니아","미다스의 주먹","d2a5/00","LoadingImage#8",2,"TerritoryIntendedUse#16","기공성 알렉산더: 율동편 1",False,0,False,0,True,False,False,False,"BGMSituation#1001",,,,"QuestBattle#0","",-1,132,-1,False,"창천의 이슈가르드",0,0,0,"",False,True,0,False,False,False,False,False,True,0,False,False
521,"d2a6","ex1/02_dra_d2/alx/d2a6/level/d2a6",1,"드라바니아","드라바니아","미다스의 손목","d2a6/01","LoadingImage#8",2,"TerritoryIntendedUse#16","기공성 알렉산더: 율동편 2",False,0,False,0,True,False,False,False,"BGMSituation#1001",,,,"QuestBattle#0","",-1,141,-1,False,"창천의 이슈가르드",0,0,0,"",False,True,0,False,False,False,False,False,True,0,False,False
522,"d2a7","ex1/02_dra_d2/alx/d2a7/level/d2a7",1,"드라바니아","드라바니아","미다스의 팔","d2a7/00","LoadingImage#8",2,"TerritoryIntendedUse#16","기공성 알렉산더: 율동편 3",False,0,False,0,True,False,False,False,"BGMSituation#1001",,,,"QuestBattle#0","",-1,133,-1,False,"창천의 이슈가르드",0,0,0,"",False,True,0,False,False,False,False,False,True,0,False,False
523,"d2a8","ex1/02_dra_d2/alx/d2a8/level/d2a8",1,"드라바니아","드라바니아","미다스의 어깨","d2a8/00","LoadingImage#8",2,"TerritoryIntendedUse#17","기공성 알렉산더: 율동편 4",False,0,False,0,True,False,False,False,"BGMSituation#1001",,,,"QuestBattle#0","",-1,143,-1,False,"창천의 이슈가르드",0,0,0,"",False,True,0,False,False,False,False,False,True,0,False,False
524,"a2fd_2","ex1/03_abr_a2/fld/a2fd/level/a2fd",1,"아발라시아","아발라시아","봉쇄구역 S1T7","a2fd/00","LoadingImage#7",2,"TerritoryIntendedUse#10","극 마신 세피로트 토벌전",False,66,False,0,True,False,False,False,"BGMSituation#1001",,,,"QuestBattle#0","",-1,140,-1,False,"창천의 이슈가르드",0,0,0,"",False,True,0,False,False,False,False,False,True,0,False,False
525,"","",0,"","","","","LoadingImage#0",0,"TerritoryIntendedUse#0","",False,0,False,0,False,False,False,False,"",,,,"QuestBattle#0","",0,0,0,False,"신생 에오르제아",0,0,0,"",False,False,0,False,False,False,False,False,False,0,False,False
526,"","",0,"","","","","LoadingImage#0",0,"TerritoryIntendedUse#0","",False,0,False,0,False,False,False,False,"",,,,"QuestBattle#0","",0,0,0,False,"신생 에오르제아",0,0,0,"",False,False,0,False,False,False,False,False,False,0,False,False
527,"","",0,"","","","","LoadingImage#0",0,"TerritoryIntendedUse#0","",False,0,False,0,False,False,False,False,"",,,,"QuestBattle#0","",0,0,0,False,"신생 에오르제아",0,0,0,"",False,False,0,False,False,False,False,False,False,0,False,False
528,"","",0,"","","","","LoadingImage#0",0,"TerritoryIntendedUse#0","",False,0,False,0,False,False,False,False,"",,,,"QuestBattle#0","",0,0,0,False,"신생 에오르제아",0,0,0,"",False,False,0,False,False,False,False,False,False,0,False,False
529,"d2a5_2","ex1/02_dra_d2/alx/d2a5/level/d2a5",1,"드라바니아","드라바니아","미다스의 주먹","d2a5/00","LoadingImage#8",2,"TerritoryIntendedUse#16","기공성 알렉산더: 율동편(영웅) 1",False,0,False,0,True,False,False,False,"BGMSituation#1001",,,,"QuestBattle#0","",-1,135,-1,False,"창천의 이슈가르드",0,0,0,"",False,True,0,False,False,False,False,False,True,0,False,False
530,"d2a6_2","ex1/02_dra_d2/alx/d2a6/level/d2a6",1,"드라바니아","드라바니아","미다스의 손목","d2a6/01","LoadingImage#8",2,"TerritoryIntendedUse#17","기공성 알렉산더: 율동편(영웅) 2",False,0,False,0,True,False,False,False,"BGMSituation#1001",,,,"QuestBattle#0","",-1,142,-1,False,"창천의 이슈가르드",0,0,0,"",False,True,0,False,False,False,False,False,True,0,False,False
531,"d2a7_2","ex1/02_dra_d2/alx/d2a7/level/d2a7",1,"드라바니아","드라바니아","미다스의 팔","d2a7/00","LoadingImage#8",2,"TerritoryIntendedUse#16","기공성 알렉산더: 율동편(영웅) 3",False,0,False,0,True,False,False,False,"BGMSituation#1001",,,,"QuestBattle#0","",-1,136,-1,False,"창천의 이슈가르드",0,0,0,"",False,True,0,False,False,False,False,False,True,0,False,False
532,"d2a8_2","ex1/02_dra_d2/alx/d2a8/level/d2a8",1,"드라바니아","드라바니아","미다스의 어깨","d2a8/00","LoadingImage#8",2,"TerritoryIntendedUse#17","기공성 알렉산더: 율동편(영웅) 4",False,0,False,0,True,False,False,False,"BGMSituation#1001",,,,"QuestBattle#0","",-1,144,-1,False,"창천의 이슈가르드",0,0,0,"",False,True,0,False,False,False,False,False,True,0,False,False
533,"ec001","ffxiv/roc_r1/fld/r1f1/level/r1f1",1,"커르다스","커르다스","커르다스 중앙고지","r1f1/00","LoadingImage#5",1,"TerritoryIntendedUse#29","4개국 합동 훈련",False,0,False,2,True,False,False,False,"BGMSituation#1001",,,,"QuestBattle#0","",1000,145,-1,False,"창천의 이슈가르드",0,0,0,"",False,True,0,False,False,True,False,False,True,0,False,False
534,"f1tg","ffxiv/fst_f1/twn/f1tg/level/f1tg",1,"검은장막 숲","그리다니아","쌍사당 막사","f1tg/00","LoadingImage#3",0,"TerritoryIntendedUse#30","",False,0,False,0,True,False,False,False,"BGMSituation#1052",,,"ArrayEventHandler#853740","QuestBattle#0","그리다니아 신시가지",-1,0,-1,False,"신생 에오르제아",0,0,0,"",False,True,0,False,False,False,False,False,True,0,False,False
535,"w1tg","ffxiv/wil_w1/twn/w1tg/level/w1tg",1,"다날란","울다하","불멸대 막사","w1tg/00","LoadingImage#4",0,"TerritoryIntendedUse#30","",False,0,False,0,True,False,False,False,"BGMSituation#1054",,,"ArrayEventHandler#853740","QuestBattle#0","울다하 날 회랑",-1,0,-1,False,"신생 에오르제아",0,0,0,"",False,True,0,False,False,False,False,False,True,0,False,False
536,"s1tg","ffxiv/sea_s1/twn/s1tg/level/s1tg",1,"라노시아","림사 로민사","흑와단 막사","s1tg/00","LoadingImage#2",0,"TerritoryIntendedUse#30","",False,0,False,0,True,False,False,False,"BGMSituation#1053",,,"ArrayEventHandler#853740","QuestBattle#0","림사 로민사 하층 갑판",-1,0,-1,False,"신생 에오르제아",0,0,0,"",False,True,0,False,False,False,False,False,True,0,False,False
537,"s1p2_begin01","ffxiv/sea_s1/pvp/s1p2/level/s1p2",1,"라노시아","라노시아","더 폴드","s1p2/00","LoadingImage#2",1,"TerritoryIntendedUse#27","범위 공격을 피하자!",False,0,False,0,True,False,False,False,"BGMSituation#1001",,,,"QuestBattle#0","",1500,0,-1,False,"신생 에오르제아",0,0,0,"",False,True,0,False,False,False,False,False,True,0,False,False
538,"s1p2_begin02","ffxiv/sea_s1/pvp/s1p2/level/s1p2",1,"라노시아","라노시아","더 폴드","s1p2/00","LoadingImage#2",1,"TerritoryIntendedUse#27","콤보를 이어 적개심을 끌자!",False,0,False,0,True,False,False,False,"BGMSituation#1001",,,,"QuestBattle#0","",1500,0,-1,False,"신생 에오르제아",0,0,0,"",False,True,0,False,False,False,False,False,True,0,False,False
539,"s1p2_begin03","ffxiv/sea_s1/pvp/s1p2/level/s1p2",1,"라노시아","라노시아","더 폴드","s1p2/00","LoadingImage#2",1,"TerritoryIntendedUse#27","실전에서 콤보를 사용해보자!",False,0,False,0,True,False,False,False,"BGMSituation#1001",,,,"QuestBattle#0","",1500,0,-1,False,"신생 에오르제아",0,0,0,"",False,True,0,False,False,False,False,False,True,0,False,False
540,"s1p2_begin04","ffxiv/sea_s1/pvp/s1p2/level/s1p2",1,"라노시아","라노시아","더 폴드","s1p2/00","LoadingImage#2",1,"TerritoryIntendedUse#27","다수의 적에게서 적개심을 끌자!",False,0,False,0,True,False,False,False,"BGMSituation#1001",,,,"QuestBattle#0","",1500,0,-1,False,"신생 에오르제아",0,0,0,"",False,True,0,False,False,False,False,False,True,0,False,False
541,"s1p2_begin05","ffxiv/sea_s1/pvp/s1p2/level/s1p2",1,"라노시아","라노시아","더 폴드","s1p2/00","LoadingImage#2",1,"TerritoryIntendedUse#27","실전에서 다수의 적과 싸워보자!",False,0,False,0,True,False,False,False,"BGMSituation#1001",,,,"QuestBattle#0","",1500,0,-1,False,"신생 에오르제아",0,0,0,"",False,True,0,False,False,False,False,False,True,0,False,False
542,"s1p2_begin06","ffxiv/sea_s1/pvp/s1p2/level/s1p2",1,"라노시아","라노시아","더 폴드","s1p2/00","LoadingImage#2",1,"TerritoryIntendedUse#27","멀리서 적개심을 끌자!",False,0,False,0,True,False,False,False,"BGMSituation#1001",,,,"QuestBattle#0","",1500,0,-1,False,"신생 에오르제아",0,0,0,"",False,True,0,False,False,False,False,False,True,0,False,False
543,"s1p2_begin07","ffxiv/sea_s1/pvp/s1p2/level/s1p2",1,"라노시아","라노시아","더 폴드","s1p2/00","LoadingImage#2",1,"TerritoryIntendedUse#27","적 지원군에 대처하자!",False,0,False,0,True,False,False,False,"BGMSituation#1001",,,,"QuestBattle#0","",1500,0,-1,False,"신생 에오르제아",0,0,0,"",False,True,0,False,False,False,False,False,True,0,False,False
544,"s1p2_begin08","ffxiv/sea_s1/pvp/s1p2/level/s1p2",1,"라노시아","라노시아","더 폴드","s1p2/00","LoadingImage#2",1,"TerritoryIntendedUse#27","파티원과 협력하여 적을 물리치자!",False,0,False,0,True,False,False,False,"BGMSituation#1001",,,,"QuestBattle#0","",1500,0,-1,False,"신생 에오르제아",0,0,0,"",False,True,0,False,False,False,False,False,True,0,False,False
545,"s1p2_begin09","ffxiv/sea_s1/pvp/s1p2/level/s1p2",1,"라노시아","라노시아","더 폴드","s1p2/00","LoadingImage#2",1,"TerritoryIntendedUse#27","파티원과 같은 적을 공격하자!",False,0,False,0,True,False,False,False,"BGMSituation#1001",,,,"QuestBattle#0","",1500,0,-1,False,"신생 에오르제아",0,0,0,"",False,True,0,False,False,False,False,False,True,0,False,False
546,"s1p2_begin10","ffxiv/sea_s1/pvp/s1p2/level/s1p2",1,"라노시아","라노시아","더 폴드","s1p2/00","LoadingImage#2",1,"TerritoryIntendedUse#27","적의 공격을 피하면서 싸우자!",False,0,False,0,True,False,False,False,"BGMSituation#1001",,,,"QuestBattle#0","",1500,0,-1,False,"신생 에오르제아",0,0,0,"",False,True,0,False,False,False,False,False,True,0,False,False
547,"s1p2_begin11","ffxiv/sea_s1/pvp/s1p2/level/s1p2",1,"라노시아","라노시아","더 폴드","s1p2/00","LoadingImage#2",1,"TerritoryIntendedUse#27","적 지원군에 대처하자!",False,0,False,0,True,False,False,False,"BGMSituation#1001",,,,"QuestBattle#0","",1500,0,-1,False,"신생 에오르제아",0,0,0,"",False,True,0,False,False,False,False,False,True,0,False,False
548,"s1p2_begin12","ffxiv/sea_s1/pvp/s1p2/level/s1p2",1,"라노시아","라노시아","더 폴드","s1p2/00","LoadingImage#2",1,"TerritoryIntendedUse#27","특수 장치를 활용하며 싸우자!",False,0,False,0,True,False,False,False,"BGMSituation#1001",,,,"QuestBattle#0","",1500,0,-1,False,"신생 에오르제아",0,0,0,"",False,True,0,False,False,False,False,False,True,0,False,False
549,"s1p2_begin13","ffxiv/sea_s1/pvp/s1p2/level/s1p2",1,"라노시아","라노시아","더 폴드","s1p2/00","LoadingImage#2",1,"TerritoryIntendedUse#27","파티원을 회복시키자!",False,0,False,0,True,False,False,False,"BGMSituation#1001",,,,"QuestBattle#0","",1500,0,-1,False,"신생 에오르제아",0,0,0,"",False,True,0,False,False,False,False,False,True,0,False,False
550,"s1p2_begin14","ffxiv/sea_s1/pvp/s1p2/level/s1p2",1,"라노시아","라노시아","더 폴드","s1p2/00","LoadingImage#2",1,"TerritoryIntendedUse#27","다수의 파티원을 회복시키자!",False,0,False,0,True,False,False,False,"BGMSituation#1001",,,,"QuestBattle#0","",1500,0,-1,False,"신생 에오르제아",0,0,0,"",False,True,0,False,False,False,False,False,True,0,False,False
551,"s1p2_begin15","ffxiv/sea_s1/pvp/s1p2/level/s1p2",1,"라노시아","라노시아","더 폴드","s1p2/00","LoadingImage#2",1,"TerritoryIntendedUse#27","적의 공격을 피하면서 싸우자!",False,0,False,0,True,False,False,False,"BGMSituation#1001",,,,"QuestBattle#0","",1500,0,-1,False,"신생 에오르제아",0,0,0,"",False,True,0,False,False,False,False,False,True,0,False,False
552,"s1f4_begin16","ffxiv/sea_s1/fld/s1f4/level/s1f4",1,"라노시아","라노시아","서부 라노시아","s1f4/00","LoadingImage#2",1,"TerritoryIntendedUse#27","마지막 훈련!",False,0,False,0,True,False,False,False,"BGMSituation#1001",,,,"QuestBattle#0","",1500,0,-1,False,"신생 에오르제아",0,0,0,"",False,True,0,False,False,False,False,False,True,0,False,False
553,"d2e5","ex1/02_dra_d2/evt/d2e5/level/d2e5",1,"드라바니아","드라바니아","기공성 알렉산더","default/00","LoadingImage#8",0,"TerritoryIntendedUse#12","",False,0,False,0,True,False,False,False,"BGMSituation#1001",,,"ArrayEventHandler#853262","QuestBattle#0","이딜샤이어",-1,0,-1,False,"창천의 이슈가르드",0,0,0,"",False,True,0,False,False,False,False,False,True,0,False,False
554,"r2p1","ffxiv/pvp_xx/pvp/r2p1/level/r2p1",4,"커르다스","늑대우리","영광의 평원","r2p1/00","LoadingImage#5",2,"TerritoryIntendedUse#18","영광의 평원(쇄빙전)",False,67,False,2,True,False,True,True,"BGMSituation#1001",,,,"QuestBattle#0","",-1,58,-1,True,"신생 에오르제아",0,0,0,"",False,True,0,False,False,False,False,False,True,0,False,False
555,"","",0,"","","","","LoadingImage#0",0,"TerritoryIntendedUse#0","",False,0,False,0,False,False,False,False,"",,,,"QuestBattle#0","",0,0,0,False,"신생 에오르제아",0,0,0,"",False,False,0,False,False,False,False,False,False,0,False,False
556,"z2r2","ex1/05_zon_z2/rad/z2r2/level/z2r2",1,"모르도나","모르도나","금기도시 마하","z2r2/01","LoadingImage#6",2,"TerritoryIntendedUse#8","금기도시 마하",False,0,False,0,True,False,False,False,"BGMSituation#1001",,,,"QuestBattle#0","",-1,0,-1,False,"창천의 이슈가르드",0,0,0,"",False,True,0,False,False,False,False,False,True,0,False,False
557,"s1da","ffxiv/sea_s1/dun/s1da/level/s1da",1,"라노시아","라노시아","난파선의 섬","s1da/00","LoadingImage#2",2,"TerritoryIntendedUse#3","난파선의 섬(어려움)",False,68,False,0,True,False,False,False,"BGMSituation#1001",,,,"QuestBattle#0","",-1,162,-1,False,"창천의 이슈가르드",0,0,0,"",False,True,0,False,False,False,False,False,True,0,False,False
558,"w1c1","ffxiv/wil_w1/cnt/w1c1/level/w1c1",1,"커르다스","커르다스","아쿠아폴리스","default/00","LoadingImage#1",3,"TerritoryIntendedUse#33","보물고 아쿠아폴리스",False,0,False,0,True,False,False,False,"BGMSituation#1001",,,,"QuestBattle#0","",-1,0,-1,False,"신생 에오르제아",0,0,0,"",False,True,0,False,False,False,False,False,True,0,False,False
559,"r1fe","ffxiv/roc_r1/fld/r1fe/level/r1fe",1,"커르다스","커르다스","구름길","r1fe/00","LoadingImage#5",2,"TerritoryIntendedUse#10","니드호그 토벌전",False,28,False,0,True,False,False,False,"BGMSituation#1001",,,,"QuestBattle#0","",-1,155,-1,False,"창천의 이슈가르드",0,0,0,"",False,True,0,False,False,False,False,False,True,0,False,False
560,"ec002","ex1/03_abr_a2/dun/a2d1/level/a2d1",1,"아발라시아","아발라시아","마과학 연구소","a2d1/01","LoadingImage#7",1,"TerritoryIntendedUse#29","레굴라 반 히드루스 추격전",False,0,False,0,True,False,False,False,"BGMSituation#1001",,,,"QuestBattle#0","",-1,0,-1,False,"창천의 이슈가르드",0,0,0,"",False,True,0,False,False,True,False,False,True,0,False,False
561,"f1c1_dd001","ffxiv/fst_f1/cnt/f1c1/level/f1c1",1,"검은장막 숲","검은장막 숲","망자의 궁전","","LoadingImage#3",2,"TerritoryIntendedUse#31","망자의 궁전 B1~B10",False,0,False,0,True,False,False,False,"BGMSituation#1001",,,,"QuestBattle#0","",-1,156,-1,False,"신생 에오르제아",0,0,0,"",False,True,0,False,False,False,False,False,True,0,False,False
562,"f1c2_dd002","ffxiv/fst_f1/cnt/f1c2/level/f1c2",1,"검은장막 숲","검은장막 숲","망자의 궁전","","LoadingImage#3",2,"TerritoryIntendedUse#31","망자의 궁전 B11~B20",False,0,False,0,True,False,False,False,"BGMSituation#1001",,,,"QuestBattle#0","",-1,157,-1,False,"신생 에오르제아",0,0,0,"",False,True,0,False,False,False,False,False,True,0,False,False
563,"f1c3_dd003","ffxiv/fst_f1/cnt/f1c3/level/f1c3",1,"검은장막 숲","검은장막 숲","망자의 궁전","","LoadingImage#3",2,"TerritoryIntendedUse#31","망자의 궁전 B21~B30",False,0,False,0,True,False,False,False,"BGMSituation#1001",,,,"QuestBattle#0","",-1,158,-1,False,"신생 에오르제아",0,0,0,"",False,True,0,False,False,False,False,False,True,0,False,False
564,"f1c4_dd004","ffxiv/fst_f1/cnt/f1c4/level/f1c4",1,"검은장막 숲","검은장막 숲","망자의 궁전","","LoadingImage#3",2,"TerritoryIntendedUse#31","망자의 궁전 B31~B40",False,0,False,0,True,False,False,False,"BGMSituation#1001",,,,"QuestBattle#0","",-1,159,-1,False,"신생 에오르제아",0,0,0,"",False,True,0,False,False,False,False,False,True,0,False,False
565,"f1c4_dd005","ffxiv/fst_f1/cnt/f1c4/level/f1c4",1,"검은장막 숲","검은장막 숲","망자의 궁전","","LoadingImage#3",2,"TerritoryIntendedUse#31","망자의 궁전 B41~B50",False,0,False,0,True,False,False,False,"BGMSituation#1001",,,,"QuestBattle#0","",-1,160,-1,False,"창천의 이슈가르드",0,0,0,"",False,True,0,False,False,False,False,False,True,0,False,False
566,"r1fe_2","ffxiv/roc_r1/fld/r1fe/level/r1fe",1,"커르다스","커르다스","구름길","r1fe/00","LoadingImage#5",2,"TerritoryIntendedUse#10","극 니드호그 토벌전",False,28,False,0,True,False,False,False,"BGMSituation#1001",,,,"QuestBattle#0","",-1,147,-1,False,"창천의 이슈가르드",0,0,0,"",False,True,0,False,False,False,False,False,True,0,False,False
567,"a2e3","ex1/03_abr_a2/evt/a2e3/level/a2e3",1,"아발라시아","아발라시아","가두리 계류기지","a2e3/00","LoadingImage#7",0,"TerritoryIntendedUse#15","",False,0,False,0,True,False,False,False,"BGMSituation#1195",,,"ArrayEventHandler#853289","QuestBattle#0","오크 준두",-1,0,-1,False,"창천의 이슈가르드",0,0,0,"",False,True,0,False,False,False,False,False,True,0,False,False
568,"a2e4","ex1/03_abr_a2/evt/a2e4/level/a2e4",1,"아발라시아","아발라시아","레오파드의 방","a2e4/00","LoadingImage#7",0,"TerritoryIntendedUse#15","",False,0,False,0,True,False,False,False,"BGMSituation#1195",,,,"QuestBattle#0","오크 준두",-1,0,-1,False,"창천의 이슈가르드",0,0,0,"",False,True,0,False,False,False,False,False,True,0,False,False
569,"r1e3","ffxiv/roc_r1/evt/r1e3/level/r1e3",1,"커르다스","커르다스","구름길","r1e3/00","LoadingImage#5",0,"TerritoryIntendedUse#7","",False,28,False,0,True,False,False,False,"music/ex1/BGM_EX1_Ban_Nidhogg_01.scd",,,"ArrayEventHandler#853296","QuestBattle#0","용머리 전진기지",-1,0,-1,False,"창천의 이슈가르드",0,0,0,"",False,True,0,False,False,False,False,False,True,0,False,False
570,"f1e7","ffxiv/fst_f1/evt/f1e7/level/f1e7",1,"검은장막 숲","검은장막 숲","망자의 궁전","default/00","LoadingImage#3",0,"TerritoryIntendedUse#12","",False,0,False,0,True,False,False,False,"BGMSituation#1001",,,,"QuestBattle#0","채석공방",-1,0,-1,False,"신생 에오르제아",0,0,0,"",False,True,0,False,False,False,False,False,True,0,False,False
571,"f1d9","ffxiv/fst_f1/dun/f1d9/level/f1d9",1,"검은장막 숲","검은장막 숲","유령의 집","f1d9/01","LoadingImage#3",2,"TerritoryIntendedUse#34","유령의 집",False,0,False,0,True,False,False,False,"BGMSituation#1001",,,,"QuestBattle#0","",-1,176,-1,False,"신생 에오르제아",0,0,0,"",False,True,0,False,False,False,False,False,True,0,False,False
572,"","",0,"","","","","LoadingImage#0",0,"TerritoryIntendedUse#0","",False,0,False,0,False,False,False,False,"",,,,"QuestBattle#0","",0,0,0,False,"신생 에오르제아",0,0,0,"",False,False,0,False,False,False,False,False,False,0,False,False
573,"s1i6","ffxiv/sea_s1/ind/s1i6/level/s1i6",1,"라노시아","라노시아","중층 돛대 로비","s1i6/00","LoadingImage#2",0,"TerritoryIntendedUse#14","",False,0,False,0,True,False,False,False,"BGMSituation#1083",,,,"QuestBattle#0","림사 로민사 하층 갑판",-1,0,-1,False,"신생 에오르제아",0,0,0,"",False,True,0,False,False,False,False,False,True,0,False,False
574,"f1i6","ffxiv/fst_f1/ind/f1i6/level/f1i6",1,"검은장막 숲","검은장막 숲","백합 언덕 로비","f1i6/00","LoadingImage#3",0,"TerritoryIntendedUse#14","",False,0,False,0,True,False,False,False,"BGMSituation#1110",,,,"QuestBattle#0","그리다니아 신시가지",-1,0,-1,False,"신생 에오르제아",0,0,0,"",False,True,0,False,False,False,False,False,True,0,False,False
575,"w1i6","ffxiv/wil_w1/ind/w1i6/level/w1i6",1,"다날란","다날란","나나모 대풍차 로비","w1i6/00","LoadingImage#4",0,"TerritoryIntendedUse#14","",False,0,False,0,True,False,False,False,"BGMSituation#1109",,,,"QuestBattle#0","울다하 날 회랑",-1,0,-1,False,"신생 에오르제아",0,0,0,"",False,True,0,False,False,False,False,False,True,0,False,False
576,"a2fe","ex1/03_abr_a2/fld/a2fe/level/a2fe",1,"아발라시아","아발라시아","봉쇄구역 P1T6","a2fe/00","LoadingImage#7",2,"TerritoryIntendedUse#10","여신 소피아 토벌전",False,69,False,0,True,False,False,False,"BGMSituation#1001",,,,"QuestBattle#0","",-1,168,-1,False,"창천의 이슈가르드",0,0,0,"",False,True,0,False,False,False,False,False,True,0,False,False
577,"a2fe_2","ex1/03_abr_a2/fld/a2fe/level/a2fe",1,"아발라시아","아발라시아","봉쇄구역 P1T6","a2fe/00","LoadingImage#7",2,"TerritoryIntendedUse#10","극 여신 소피아 토벌전",False,69,False,0,True,False,False,False,"BGMSituation#1001",,,,"QuestBattle#0","",-1,169,-1,False,"창천의 이슈가르드",0,0,0,"",False,True,0,False,False,False,False,False,True,0,False,False
578,"d2d7","ex1/02_dra_d2/dun/d2d7/level/d2d7",1,"드라바니아","드라바니아","구브라 환상도서관","d2d7/01","LoadingImage#8",2,"TerritoryIntendedUse#3","구브라 환상도서관(어려움)",False,0,False,0,True,False,False,False,"BGMSituation#1001",,,,"QuestBattle#0","",-1,175,-1,False,"창천의 이슈가르드",0,0,0,"",False,True,0,False,False,False,False,False,True,0,False,False
579,"w1ee","ffxiv/wil_w1/evt/w1ee/level/w1ee",1,"다날란","골드 소서","카드 대결장","w1ee/00","LoadingImage#4",3,"TerritoryIntendedUse#35","트리플 트라이어드: 카드 대결장",False,0,False,0,True,False,False,False,"music/ffxiv/BGM_Minigame_Puzzle.scd",,,,"QuestBattle#0","",-1,77,-1,False,"신생 에오르제아",0,0,0,"",False,True,0,False,False,False,False,False,True,0,False,False
580,"d2a9","ex1/02_dra_d2/alx/d2a9/level/d2a9",1,"드라바니아","드라바니아","알렉산더의 눈","d2a9/01","LoadingImage#8",2,"TerritoryIntendedUse#16","기공성 알렉산더: 천동편 1",False,0,False,0,True,False,False,False,"BGMSituation#1001",,,,"QuestBattle#0","",-1,163,-1,False,"창천의 이슈가르드",0,0,0,"",False,True,0,False,False,False,False,False,True,0,False,False
581,"d2aa","ex1/02_dra_d2/alx/d2aa/level/d2aa",1,"드라바니아","드라바니아","알렉산더의 숨결","d2aa/01","LoadingImage#8",2,"TerritoryIntendedUse#16","기공성 알렉산더: 천동편 2",False,0,False,0,True,False,False,False,"BGMSituation#1001",,,,"QuestBattle#0","",-1,165,-1,False,"창천의 이슈가르드",0,0,0,"",False,True,0,False,False,False,False,False,True,0,False,False
582,"d2ab","ex1/02_dra_d2/alx/d2ab/level/d2ab",1,"드라바니아","드라바니아","알렉산더의 심장","d2ab/01","LoadingImage#8",2,"TerritoryIntendedUse#16","기공성 알렉산더: 천동편 3",False,0,False,0,True,False,False,False,"BGMSituation#1001",,,,"QuestBattle#0","",-1,170,-1,False,"창천의 이슈가르드",0,0,0,"",False,True,0,False,False,False,False,False,True,0,False,False
583,"d2ac","ex1/02_dra_d2/alx/d2ac/level/d2ac",1,"드라바니아","드라바니아","알렉산더의 영혼","d2ac/00","LoadingImage#8",2,"TerritoryIntendedUse#17","기공성 알렉산더: 천동편 4",False,0,False,0,True,False,False,False,"BGMSituation#1001",,,,"QuestBattle#0","",-1,172,-1,False,"창천의 이슈가르드",0,0,0,"",False,True,0,False,False,False,False,False,True,0,False,False
584,"d2a9_2","ex1/02_dra_d2/alx/d2a9/level/d2a9",1,"드라바니아","드라바니아","알렉산더의 눈","d2a9/01","LoadingImage#8",2,"TerritoryIntendedUse#16","기공성 알렉산더: 천동편(영웅) 1",False,0,False,0,True,False,False,False,"BGMSituation#1001",,,,"QuestBattle#0","",-1,164,-1,False,"창천의 이슈가르드",0,0,0,"",False,True,0,False,False,False,False,False,True,0,False,False
585,"d2aa_2","ex1/02_dra_d2/alx/d2aa/level/d2aa",1,"드라바니아","드라바니아","알렉산더의 숨결","d2aa/01","LoadingImage#8",2,"TerritoryIntendedUse#16","기공성 알렉산더: 천동편(영웅) 2",False,0,False,0,True,False,False,False,"BGMSituation#1001",,,,"QuestBattle#0","",-1,166,-1,False,"창천의 이슈가르드",0,0,0,"",False,True,0,False,False,False,False,False,True,0,False,False
586,"d2ab_2","ex1/02_dra_d2/alx/d2ab/level/d2ab",1,"드라바니아","드라바니아","알렉산더의 심장","d2ab/01","LoadingImage#8",2,"TerritoryIntendedUse#16","기공성 알렉산더: 천동편(영웅) 3",False,0,False,0,True,False,False,False,"BGMSituation#1001",,,,"QuestBattle#0","",-1,171,-1,False,"창천의 이슈가르드",0,0,0,"",False,True,0,False,False,False,False,False,True,0,False,False
587,"d2ac_2","ex1/02_dra_d2/alx/d2ac/level/d2ac",1,"드라바니아","드라바니아","알렉산더의 영혼","d2ac/00","LoadingImage#8",2,"TerritoryIntendedUse#17","기공성 알렉산더: 천동편(영웅) 4",False,0,False,0,True,False,False,False,"BGMSituation#1001",,,,"QuestBattle#0","",-1,173,-1,False,"창천의 이슈가르드",0,0,0,"",False,True,0,False,False,False,False,False,True,0,False,False
588,"d2e7","ex1/02_dra_d2/evt/d2e7/level/d2e7",1,"드라바니아","드라바니아","알렉산더의 심장","default/00","LoadingImage#8",0,"TerritoryIntendedUse#12","",False,0,False,0,True,False,False,False,"BGMSituation#1001",,,"ArrayEventHandler#853334","QuestBattle#0","이딜샤이어",-1,0,-1,False,"창천의 이슈가르드",0,0,0,"",False,True,0,False,False,False,False,False,True,0,False,False
589,"s1p3_2","ffxiv/sea_s1/pvp/s1p3/level/s1p3",6,"다날란","골드 소서","초코보 광장","","LoadingImage#4",3,"TerritoryIntendedUse#25","꼬마 친구 공방전: 플레이어 대결(RP 변동 있음)",False,0,False,0,True,False,False,False,"BGMSituation#1001",,,,"QuestBattle#0","",-1,0,-1,False,"신생 에오르제아",0,0,0,"",False,True,0,False,False,False,False,False,True,0,False,False
590,"s1p3_3","ffxiv/sea_s1/pvp/s1p3/level/s1p3",6,"다날란","골드 소서","초코보 광장","","LoadingImage#4",3,"TerritoryIntendedUse#25","꼬마 친구 공방전: 대회 대결(플레이어 대결)",False,0,False,0,True,False,False,False,"BGMSituation#1001",,,,"QuestBattle#0","",-1,0,-1,False,"신생 에오르제아",0,0,0,"",False,True,0,False,False,False,False,False,True,0,False,False
591,"s1p3_4","ffxiv/sea_s1/pvp/s1p3/level/s1p3",6,"다날란","골드 소서","초코보 광장","","LoadingImage#4",3,"TerritoryIntendedUse#25","꼬마 친구 공방전: 플레이어 대결(RP 변동 없음)",False,0,False,0,True,False,False,False,"BGMSituation#1001",,,,"QuestBattle#0","",-1,0,-1,False,"신생 에오르제아",0,0,0,"",False,True,0,False,False,False,False,False,True,0,False,False
592,"ec003","ffxiv/wil_w1/fld/w1fa/level/w1fa",1,"다날란","다날란","불꽃신의 제단","w1fa/00","LoadingImage#4",1,"TerritoryIntendedUse#29","뒤얽히는 숙명",False,28,False,0,True,False,False,False,"BGMSituation#1001",,,,"QuestBattle#0","",-1,192,-1,False,"창천의 이슈가르드",0,0,0,"",False,True,0,False,False,True,False,False,True,0,False,False
593,"f1c5_dd006","ffxiv/fst_f1/cnt/f1c5/level/f1c5",1,"검은장막 숲","검은장막 숲","망자의 궁전","","LoadingImage#3",2,"TerritoryIntendedUse#31","망자의 궁전 B51~B60",False,0,False,0,True,False,False,False,"BGMSituation#1001",,,,"QuestBattle#0","",-1,177,-1,False,"창천의 이슈가르드",0,0,0,"",False,True,0,False,False,False,False,False,True,0,False,False
594,"f1c5_dd007","ffxiv/fst_f1/cnt/f1c5/level/f1c5",1,"검은장막 숲","검은장막 숲","망자의 궁전","","LoadingImage#3",2,"TerritoryIntendedUse#31","망자의 궁전 B61~B70",False,0,False,0,True,False,False,False,"BGMSituation#1001",,,,"QuestBattle#0","",-1,178,-1,False,"창천의 이슈가르드",0,0,0,"",False,True,0,False,False,False,False,False,True,0,False,False
595,"f1c5_dd008","ffxiv/fst_f1/cnt/f1c5/level/f1c5",1,"검은장막 숲","검은장막 숲","망자의 궁전","","LoadingImage#3",2,"TerritoryIntendedUse#31","망자의 궁전 B71~B80",False,0,False,0,True,False,False,False,"BGMSituation#1001",,,,"QuestBattle#0","",-1,179,-1,False,"창천의 이슈가르드",0,0,0,"",False,True,0,False,False,False,False,False,True,0,False,False
596,"f1c6_dd009","ffxiv/fst_f1/cnt/f1c6/level/f1c6",1,"검은장막 숲","검은장막 숲","망자의 궁전","","LoadingImage#3",2,"TerritoryIntendedUse#31","망자의 궁전 B81~B90",False,0,False,0,True,False,False,False,"BGMSituation#1001",,,,"QuestBattle#0","",-1,180,-1,False,"창천의 이슈가르드",0,0,0,"",False,True,0,False,False,False,False,False,True,0,False,False
597,"f1c6_dd010","ffxiv/fst_f1/cnt/f1c6/level/f1c6",1,"검은장막 숲","검은장막 숲","망자의 궁전","","LoadingImage#3",2,"TerritoryIntendedUse#31","망자의 궁전 B91~B100",False,0,False,0,True,False,False,False,"BGMSituation#1001",,,,"QuestBattle#0","",-1,181,-1,False,"창천의 이슈가르드",0,0,0,"",False,True,0,False,False,False,False,False,True,0,False,False
598,"f1c6_dd011","ffxiv/fst_f1/cnt/f1c6/level/f1c6",1,"검은장막 숲","검은장막 숲","망자의 궁전","","LoadingImage#3",2,"TerritoryIntendedUse#31","망자의 궁전 B101~B110",False,0,False,0,True,False,False,False,"BGMSituation#1001",,,,"QuestBattle#0","",-1,182,-1,False,"창천의 이슈가르드",0,0,0,"",False,True,0,False,False,False,False,False,True,0,False,False
599,"f1c8_dd012","ffxiv/fst_f1/cnt/f1c8/level/f1c8",1,"검은장막 숲","검은장막 숲","망자의 궁전","","LoadingImage#3",2,"TerritoryIntendedUse#31","망자의 궁전 B111~B120",False,0,False,0,True,False,False,False,"BGMSituation#1001",,,,"QuestBattle#0","",-1,183,-1,False,"창천의 이슈가르드",0,0,0,"",False,True,0,False,False,False,False,False,True,0,False,False
600,"f1c8_dd013","ffxiv/fst_f1/cnt/f1c8/level/f1c8",1,"검은장막 숲","검은장막 숲","망자의 궁전","","LoadingImage#3",2,"TerritoryIntendedUse#31","망자의 궁전 B121~B130",False,0,False,0,True,False,False,False,"BGMSituation#1001",,,,"QuestBattle#0","",-1,184,-1,False,"창천의 이슈가르드",0,0,0,"",False,True,0,False,False,False,False,False,True,0,False,False
601,"f1c9_dd014","ffxiv/fst_f1/cnt/f1c9/level/f1c9",1,"검은장막 숲","검은장막 숲","망자의 궁전","","LoadingImage#3",2,"TerritoryIntendedUse#31","망자의 궁전 B131~B140",False,0,False,0,True,False,False,False,"BGMSituation#1001",,,,"QuestBattle#0","",-1,185,-1,False,"창천의 이슈가르드",0,0,0,"",False,True,0,False,False,False,False,False,True,0,False,False
602,"f1c9_dd015","ffxiv/fst_f1/cnt/f1c9/level/f1c9",1,"검은장막 숲","검은장막 숲","망자의 궁전","","LoadingImage#3",2,"TerritoryIntendedUse#31","망자의 궁전 B141~B150",False,0,False,0,True,False,False,False,"BGMSituation#1001",,,,"QuestBattle#0","",-1,186,-1,False,"창천의 이슈가르드",0,0,0,"",False,True,0,False,False,False,False,False,True,0,False,False
603,"f1c7_dd016","ffxiv/fst_f1/cnt/f1c7/level/f1c7",1,"검은장막 숲","검은장막 숲","망자의 궁전","","LoadingImage#3",2,"TerritoryIntendedUse#31","망자의 궁전 B151~B160",False,0,False,0,True,False,False,False,"BGMSituation#1001",,,,"QuestBattle#0","",-1,187,-1,False,"창천의 이슈가르드",0,0,0,"",False,True,0,False,False,False,False,False,True,0,False,False
604,"f1c7_dd017","ffxiv/fst_f1/cnt/f1c7/level/f1c7",1,"검은장막 숲","검은장막 숲","망자의 궁전","","LoadingImage#3",2,"TerritoryIntendedUse#31","망자의 궁전 B161~B170",False,0,False,0,True,False,False,False,"BGMSituation#1001",,,,"QuestBattle#0","",-1,188,-1,False,"창천의 이슈가르드",0,0,0,"",False,True,0,False,False,False,False,False,True,0,False,False
605,"f1c7_dd018","ffxiv/fst_f1/cnt/f1c7/level/f1c7",1,"검은장막 숲","검은장막 숲","망자의 궁전","","LoadingImage#3",2,"TerritoryIntendedUse#31","망자의 궁전 B171~B180",False,0,False,0,True,False,False,False,"BGMSituation#1001",,,,"QuestBattle#0","",-1,189,-1,False,"창천의 이슈가르드",0,0,0,"",False,True,0,False,False,False,False,False,True,0,False,False
606,"f1c7_dd019","ffxiv/fst_f1/cnt/f1c7/level/f1c7",1,"검은장막 숲","검은장막 숲","망자의 궁전","","LoadingImage#3",2,"TerritoryIntendedUse#31","망자의 궁전 B181~B190",False,0,False,0,True,False,False,False,"BGMSituation#1001",,,,"QuestBattle#0","",-1,190,-1,False,"창천의 이슈가르드",0,0,0,"",False,True,0,False,False,False,False,False,True,0,False,False
607,"f1c7_dd020","ffxiv/fst_f1/cnt/f1c7/level/f1c7",1,"검은장막 숲","검은장막 숲","망자의 궁전","","LoadingImage#3",2,"TerritoryIntendedUse#31","망자의 궁전 B191~B200",False,0,False,0,True,False,False,False,"BGMSituation#1001",,,,"QuestBattle#0","",-1,191,-1,False,"창천의 이슈가르드",0,0,0,"",False,True,0,False,False,False,False,False,True,0,False,False
608,"s1i4_2","ffxiv/sea_s1/ind/s1i4/level/s1i4",1,"라노시아","라노시아","중층 돛대 개인실","s1i4/00","LoadingImage#2",0,"TerritoryIntendedUse#14","",False,0,False,0,True,False,False,False,"BGMSituation#1083",,,,"QuestBattle#0","림사 로민사 하층 갑판",-1,0,-1,False,"신생 에오르제아",0,0,0,"",False,True,0,False,False,False,False,False,True,0,False,False
609,"f1i4_2","ffxiv/fst_f1/ind/f1i4/level/f1i4",1,"검은장막 숲","검은장막 숲","백합 언덕 개인실","f1i4/00","LoadingImage#3",0,"TerritoryIntendedUse#14","",False,0,False,0,True,False,False,False,"BGMSituation#1110",,,,"QuestBattle#0","그리다니아 신시가지",-1,0,-1,False,"신생 에오르제아",0,0,0,"",False,True,0,False,False,False,False,False,True,0,False,False
610,"w1i4_2","ffxiv/wil_w1/ind/w1i4/level/w1i4",1,"다날란","다날란","나나모 대풍차 개인실","w1i4/00","LoadingImage#4",0,"TerritoryIntendedUse#14","",False,0,False,0,True,False,False,False,"BGMSituation#1109",,,,"QuestBattle#0","울다하 날 회랑",-1,0,-1,False,"신생 에오르제아",0,0,0,"",False,True,0,False,False,False,False,False,True,0,False,False
611,"w1ef","ffxiv/wil_w1/evt/w1ef/level/w1ef",1,"다날란","울다하","프론데일 약학원 소아병동","w1ef/00","LoadingImage#4",0,"TerritoryIntendedUse#32","",False,0,False,0,True,False,False,False,"music/ffxiv/BGM_Season_Christmas.scd",,,"ArrayEventHandler#854218","QuestBattle#0","울다하 날 회랑",-1,0,-1,False,"신생 에오르제아",0,0,0,"",False,True,0,False,False,False,False,False,True,0,False,False
612,"g3f1","ex2/01_gyr_g3/fld/g3f1/level/g3f1",1,"기라바니아","기라바니아","기라바니아 변방지대","g3f1/00","LoadingImage#9",0,"TerritoryIntendedUse#1","",False,79,False,0,True,True,True,False,"BGMSituation#1204",,,"ArrayEventHandler#853356","QuestBattle#0","카스트룸 오리엔스",-1,0,-1,False,"홍련의 해방자",0,12,7,"미의 신 락슈미",False,True,0,False,False,False,False,False,True,24,False,False
613,"e3f1","ex2/02_est_e3/fld/e3f1/level/e3f1",1,"오사드","오사드","홍옥해","e3f1/00","LoadingImage#10",0,"TerritoryIntendedUse#1","",False,83,False,0,True,True,True,False,"BGMSituation#1207",,,"ArrayEventHandler#853380","QuestBattle#0","푸른 물구슬",-1,0,-1,False,"홍련의 해방자",0,15,8,"호걸신 스사노오",False,True,0,False,False,False,False,False,True,25,False,False
614,"e3f2","ex2/02_est_e3/fld/e3f2/level/e3f2",1,"오사드","오사드","얀샤","e3f2/00","LoadingImage#10",0,"TerritoryIntendedUse#1","",False,84,False,0,True,True,True,False,"BGMSituation#1208",,,"ArrayEventHandler#853382","QuestBattle#0","나마이 마을",-1,0,-1,False,"홍련의 해방자",0,16,10,"카스트룸 플루미니스로",False,True,0,False,False,False,False,False,True,26,False,False
615,"","",0,"","","","","LoadingImage#0",0,"TerritoryIntendedUse#0","",False,0,False,0,False,False,False,False,"",,,,"QuestBattle#0","",0,0,0,False,"신생 에오르제아",0,0,0,"",False,False,0,False,False,False,False,False,False,0,False,False
616,"","",0,"","","","","LoadingImage#0",0,"TerritoryIntendedUse#0","",False,0,False,0,False,False,False,False,"",,,,"QuestBattle#0","",0,0,0,False,"신생 에오르제아",0,0,0,"",False,False,0,False,False,False,False,False,False,0,False,False
617,"d2d8","ex1/02_dra_d2/dun/d2d8/level/d2d8",1,"드라바니아","드라바니아","솜 알","d2d8/01","LoadingImage#8",2,"TerritoryIntendedUse#3","솜 알(어려움)",False,28,False,0,True,False,False,False,"BGMSituation#1001",,,,"QuestBattle#0","",-1,201,-1,False,"창천의 이슈가르드",0,0,0,"",False,True,0,False,False,False,False,False,True,0,False,False
618,"","",0,"","","","","LoadingImage#0",0,"TerritoryIntendedUse#0","",False,0,False,0,False,False,False,False,"",,,,"QuestBattle#0","",0,0,0,False,"신생 에오르제아",0,0,0,"",False,False,0,False,False,False,False,False,False,0,False,False
619,"","",0,"","","","","LoadingImage#0",0,"TerritoryIntendedUse#0","",False,0,False,0,False,False,False,False,"",,,,"QuestBattle#0","",0,0,0,False,"신생 에오르제아",0,0,0,"",False,False,0,False,False,False,False,False,False,0,False,False
620,"g3f2","ex2/01_gyr_g3/fld/g3f2/level/g3f2",1,"기라바니아","기라바니아","기라바니아 산악지대","g3f2/00","LoadingImage#9",0,"TerritoryIntendedUse#1","",False,80,False,0,True,True,True,False,"BGMSituation#1205",,,"ArrayEventHandler#853374","QuestBattle#0","알라가나",-1,0,-1,False,"홍련의 해방자",0,13,9,"카스트룸 아바니아 잠입 작전",False,True,0,False,False,False,False,False,True,27,False,False
621,"g3f3","ex2/01_gyr_g3/fld/g3f3/level/g3f3",1,"기라바니아","기라바니아","기라바니아 호반지대","g3f3/00","LoadingImage#12",0,"TerritoryIntendedUse#1","",False,81,False,0,True,True,True,False,"BGMSituation#1206",,,"ArrayEventHandler#853408","QuestBattle#0","포르타 프라이토리아",-1,0,-1,False,"홍련의 해방자",0,14,11,"위리앙제의 비책",False,True,0,False,False,False,False,False,True,28,False,False
622,"e3f3","ex2/02_est_e3/fld/e3f3/level/e3f3",1,"오사드","오사드","아짐 대초원","e3f3/00","LoadingImage#10",0,"TerritoryIntendedUse#1","",False,85,False,0,True,True,True,False,"BGMSituation#1209",,,"ArrayEventHandler#853396","QuestBattle#0","재회시장",-1,0,-1,False,"홍련의 해방자",0,17,12,"계절끝 합전",False,True,0,False,False,False,False,False,True,29,False,False
623,"","",0,"","","","","LoadingImage#0",0,"TerritoryIntendedUse#0","",False,0,False,0,False,False,False,False,"",,,,"QuestBattle#0","",0,0,0,False,"신생 에오르제아",0,0,0,"",False,False,0,False,False,False,False,False,False,0,False,False
624,"a2fc_4","ex1/03_abr_a2/fld/a2fc/level/a2fc",1,"아발라시아","아발라시아","디아뎀 제도","a2fc/00","LoadingImage#7",2,"TerritoryIntendedUse#38","디아뎀 제도: 전투 한정(쉬움)",False,60,False,0,True,True,True,False,"BGMSituation#1177",,,,"QuestBattle#0","",1400,131,-1,False,"창천의 이슈가르드",0,0,0,"",False,True,0,False,False,False,False,False,True,0,False,False
625,"a2fc_5","ex1/03_abr_a2/fld/a2fc/level/a2fc",1,"아발라시아","아발라시아","디아뎀 제도","a2fc/00","LoadingImage#7",2,"TerritoryIntendedUse#38","디아뎀 제도: 전투 한정",False,61,False,0,True,True,True,False,"BGMSituation#1177",,,,"QuestBattle#0","",1700,131,-1,False,"창천의 이슈가르드",0,0,0,"",False,True,0,False,False,False,False,False,True,0,False,False
626,"","",0,"","","","","LoadingImage#0",0,"TerritoryIntendedUse#0","",False,0,False,0,False,False,False,False,"",,,,"QuestBattle#0","",0,0,0,False,"신생 에오르제아",0,0,0,"",False,False,0,False,False,False,False,False,False,0,False,False
627,"z2r3","ex1/05_zon_z2/rad/z2r3/level/z2r3",1,"아발라시아","아발라시아","둔 스카","z2r3/01","LoadingImage#7",2,"TerritoryIntendedUse#8","둔 스카",False,58,False,0,True,False,False,False,"BGMSituation#1001",,,,"QuestBattle#0","",-1,0,-1,False,"창천의 이슈가르드",0,0,0,"",False,True,0,False,False,False,False,False,True,0,False,False
628,"e3t1","ex2/02_est_e3/twn/e3t1/level/e3t1",1,"동쪽 나라","쿠가네","쿠가네","e3t1/00","LoadingImage#11",0,"TerritoryIntendedUse#0","",False,82,False,0,True,False,False,False,"BGMSituation#1203",,,"ArrayEventHandler#853376","QuestBattle#0","쿠가네",-1,0,-1,False,"홍련의 해방자",0,19,0,"",False,True,0,False,False,False,False,False,True,0,False,False
629,"e3ti","ex2/02_est_e3/twn/e3ti/level/e3ti",1,"동쪽 나라","쿠가네","망해루","e3ti/00","LoadingImage#11",0,"TerritoryIntendedUse#2","",False,82,False,0,True,False,False,False,"music/ffxiv/BGM_Town_Rest_01.scd",,,"ArrayEventHandler#853549","QuestBattle#0","쿠가네",-1,0,-1,False,"홍련의 해방자",0,0,0,"",False,True,0,False,False,False,False,False,True,0,False,False
630,"","",0,"","","","","LoadingImage#0",0,"TerritoryIntendedUse#0","",False,0,False,0,False,False,False,False,"",,,,"QuestBattle#0","",0,0,0,False,"신생 에오르제아",0,0,0,"",False,False,0,False,False,False,False,False,False,0,False,False
631,"","",0,"","","","","LoadingImage#0",0,"TerritoryIntendedUse#0","",False,0,False,0,False,False,False,False,"",,,,"QuestBattle#0","",0,0,0,False,"신생 에오르제아",0,0,0,"",False,False,0,False,False,False,False,False,False,0,False,False
632,"","",0,"","","","","LoadingImage#0",0,"TerritoryIntendedUse#0","",False,0,False,0,False,False,False,False,"",,,,"QuestBattle#0","",0,0,0,False,"신생 에오르제아",0,0,0,"",False,False,0,False,False,False,False,False,False,0,False,False
633,"ec004","ffxiv/lak_l1/pvp/l1p1/level/l1p1",1,"모르도나","모르도나","카르테노 평원: 외곽 유적지대","l1p1/00","LoadingImage#6",1,"TerritoryIntendedUse#29","카르테노 평원 조우전",False,0,False,0,True,False,False,False,"BGMSituation#1001",,,,"QuestBattle#0","",500,206,-1,False,"창천의 이슈가르드",0,0,0,"",False,True,0,False,False,True,False,False,True,0,False,False
634,"e0194","ex2/02_est_e3/fld/e3f2/level/e3f2",1,"오사드","오사드","얀샤","e3f2/00","LoadingImage#10",3,"TerritoryIntendedUse#9","",False,84,False,0,True,False,False,False,"music/ffxiv/BGM_Event_Gendaishi.scd",,,,"QuestBattle#178","",-1,0,-1,False,"홍련의 해방자",0,16,0,"",False,True,0,False,False,True,False,False,True,0,False,False
635,"g3t1","ex2/01_gyr_g3/twn/g3t1/level/g3t1",1,"기라바니아","랄거의 손길","랄거의 손길","g3t1/00","LoadingImage#9",0,"TerritoryIntendedUse#0","",False,78,False,0,True,False,True,False,,,,"ArrayEventHandler#853372","QuestBattle#0","랄거의 손길",-1,0,-1,False,"홍련의 해방자",0,18,0,"홍련의 해방자",False,True,0,False,False,False,False,False,True,0,False,False
636,"l1e3","ffxiv/lak_l1/evt/l1e3/level/l1e3",1,"모르도나","모르도나","오메가 관제실","l1e3/00","LoadingImage#6",0,"TerritoryIntendedUse#15","",False,0,False,0,True,False,False,False,"BGMSituation#1001",,,"ArrayEventHandler#853359","QuestBattle#0","망자의 종소리",-1,0,-1,False,"창천의 이슈가르드",0,0,0,"",False,True,0,False,False,False,False,False,True,0,False,False
637,"a2fg","ex1/03_abr_a2/fld/a2fg/level/a2fg",1,"아발라시아","아발라시아","봉쇄구역 Z1T9","a2fg/00","LoadingImage#7",2,"TerritoryIntendedUse#10","귀신 주르반 토벌전",False,75,False,0,True,False,False,False,"BGMSituation#1001",,,,"QuestBattle#0","",-1,204,-1,False,"창천의 이슈가르드",0,0,0,"",False,True,0,False,False,False,False,False,True,0,False,False
638,"a2fg_2","ex1/03_abr_a2/fld/a2fg/level/a2fg",1,"아발라시아","아발라시아","봉쇄구역 Z1T9","a2fg/00","LoadingImage#7",2,"TerritoryIntendedUse#10","극 귀신 주르반 토벌전",False,75,False,0,True,False,False,False,"BGMSituation#1001",,,,"QuestBattle#0","",-1,205,-1,False,"창천의 이슈가르드",0,0,0,"",False,True,0,False,False,False,False,False,True,0,False,False
639,"e3e1","ex2/02_est_e3/evt/e3e1/level/e3e1",1,"동쪽 나라","쿠가네","울다하 무역상관 응접실","e3e1/00","LoadingImage#11",0,"TerritoryIntendedUse#15","",False,0,False,0,True,False,False,False,"BGMSituation#1212",,,"ArrayEventHandler#853377","QuestBattle#0","쿠가네",-1,0,-1,False,"홍련의 해방자",0,0,0,"",False,True,0,False,False,False,False,False,True,0,False,False
640,"e0176","ex2/01_gyr_g3/fld/g3f1/level/g3f1",1,"기라바니아","기라바니아","기라바니아 변방지대","g3f1/00","LoadingImage#9",3,"TerritoryIntendedUse#9","",False,79,False,0,True,False,False,False,"music/ffxiv/BGM_Boss_04.scd",,,,"QuestBattle#151","",-1,0,-1,False,"홍련의 해방자",0,0,0,"",False,True,0,False,False,True,False,False,True,0,False,False
641,"e1h1","ffxiv/est_e1/hou/e1h1/level/e1h1",1,"동쪽 나라","쿠가네","시로가네","e1h1/01","LoadingImage#11",0,"TerritoryIntendedUse#13","",False,82,True,0,True,False,True,False,"BGMSituation#1213",,,"ArrayEventHandler#853365","QuestBattle#0","쿠가네",-1,78,-1,False,"신생 에오르제아",0,0,0,"홍련의 해방자",False,True,0,False,False,False,False,False,True,0,False,False
642,"","",0,"","","","","LoadingImage#0",0,"TerritoryIntendedUse#0","",False,0,False,0,False,False,False,False,"",,,,"QuestBattle#0","",0,0,0,False,"신생 에오르제아",0,0,0,"",False,False,0,False,False,False,False,False,False,0,False,False
643,"","",0,"","","","","LoadingImage#0",0,"TerritoryIntendedUse#0","",False,0,False,0,False,False,False,False,"",,,,"QuestBattle#0","",0,0,0,False,"신생 에오르제아",0,0,0,"",False,False,0,False,False,False,False,False,False,0,False,False
644,"","",0,"","","","","LoadingImage#0",0,"TerritoryIntendedUse#0","",False,0,False,0,False,False,False,False,"",,,,"QuestBattle#0","",0,0,0,False,"신생 에오르제아",0,0,0,"",False,False,0,False,False,False,False,False,False,0,False,False
645,"","",0,"","","","","LoadingImage#0",0,"TerritoryIntendedUse#0","",False,0,False,0,False,False,False,False,"",,,,"QuestBattle#0","",0,0,0,False,"신생 에오르제아",0,0,0,"",False,False,0,False,False,False,False,False,False,0,False,False
646,"","",0,"","","","","LoadingImage#0",0,"TerritoryIntendedUse#0","",False,0,False,0,False,False,False,False,"",,,,"QuestBattle#0","",0,0,0,False,"신생 에오르제아",0,0,0,"",False,False,0,False,False,False,False,False,False,0,False,False
647,"e0164","ex2/01_gyr_g3/fld/g3f1/level/g3f1",1,"기라바니아","기라바니아","기라바니아 변방지대","g3f1/00","LoadingImage#9",3,"TerritoryIntendedUse#9","",False,79,False,0,True,False,False,False,"music/ffxiv/BGM_Boss_04.scd",,,,"QuestBattle#152","",-1,0,-1,False,"홍련의 해방자",0,0,0,"",False,True,0,False,False,True,False,False,True,0,False,False
648,"e0165","ex2/01_gyr_g3/fld/g3f1/level/g3f1",1,"기라바니아","기라바니아","기라바니아 변방지대","g3f1/00","LoadingImage#9",3,"TerritoryIntendedUse#9","",False,79,False,0,True,False,False,False,"music/ffxiv/BGM_Event_JobShiren.scd",,,,"QuestBattle#153","",-1,0,-1,False,"홍련의 해방자",0,0,0,"",False,True,0,False,False,True,False,False,True,0,False,False
649,"e1i1","ffxiv/est_e1/ind/e1i1/level/e1i1",1,"동쪽 나라","쿠가네","시로가네: 아담한 주택","e1i1/01","LoadingImage#11",0,"TerritoryIntendedUse#14","",False,0,False,0,True,False,False,False,"BGMSituation#1213",,,,"QuestBattle#0","쿠가네",-1,0,-1,False,"신생 에오르제아",0,0,0,"",False,True,0,False,False,False,False,False,True,0,False,False
650,"e1i2","ffxiv/est_e1/ind/e1i2/level/e1i2",1,"동쪽 나라","쿠가네","시로가네: 일반 주택","e1i2/01","LoadingImage#11",0,"TerritoryIntendedUse#14","",False,0,False,0,True,False,False,False,"BGMSituation#1213",,,,"QuestBattle#0","쿠가네",-1,0,-1,False,"신생 에오르제아",0,0,0,"",False,True,0,False,False,False,False,False,True,0,False,False
651,"e1i3","ffxiv/est_e1/ind/e1i3/level/e1i3",1,"동쪽 나라","쿠가네","시로가네: 대형 주택","e1i3/01","LoadingImage#11",0,"TerritoryIntendedUse#14","",False,0,False,0,True,False,False,False,"BGMSituation#1213",,,,"QuestBattle#0","쿠가네",-1,0,-1,False,"신생 에오르제아",0,0,0,"",False,True,0,False,False,False,False,False,True,0,False,False
652,"e1i4","ffxiv/est_e1/ind/e1i4/level/e1i4",1,"동쪽 나라","쿠가네","시로가네: 개인실","e1i4/00","LoadingImage#11",0,"TerritoryIntendedUse#14","",False,0,False,0,True,False,False,False,"BGMSituation#1213",,,,"QuestBattle#0","쿠가네",-1,0,-1,False,"신생 에오르제아",0,0,0,"",False,True,0,False,False,False,False,False,True,0,False,False
653,"e1i5","ffxiv/est_e1/ind/e1i5/level/e1i5",1,"동쪽 나라","쿠가네","시로가네: 지하공방","e1i5/00","LoadingImage#11",0,"TerritoryIntendedUse#14","",False,0,False,0,True,False,False,False,"music/ffxiv/BGM_Field_Workshop.scd",,,,"QuestBattle#0","쿠가네",-1,0,-1,False,"신생 에오르제아",0,0,0,"",False,True,0,False,False,False,False,False,True,0,False,False
654,"e1i6","ffxiv/est_e1/ind/e1i6/level/e1i6",1,"동쪽 나라","쿠가네","홍매전 로비","e1i6/00","LoadingImage#11",0,"TerritoryIntendedUse#14","",False,0,False,0,True,False,False,False,"BGMSituation#1213",,,,"QuestBattle#0","쿠가네",-1,0,-1,False,"신생 에오르제아",0,0,0,"",False,True,0,False,False,False,False,False,True,0,False,False
655,"e1i4_2","ffxiv/est_e1/ind/e1i4/level/e1i4",1,"동쪽 나라","쿠가네","홍매전 개인실","e1i4/00","LoadingImage#11",0,"TerritoryIntendedUse#14","",False,0,False,0,True,False,False,False,"BGMSituation#1213",,,,"QuestBattle#0","쿠가네",-1,0,-1,False,"신생 에오르제아",0,0,0,"",False,True,0,False,False,False,False,False,True,0,False,False
656,"a2fh_2","ex1/03_abr_a2/fld/a2fh/level/a2fh",1,"아발라시아","아발라시아","디아뎀 제도","a2fh/00","LoadingImage#7",2,"TerritoryIntendedUse#26","디아뎀 제도: 채집",False,71,False,0,True,True,True,False,"BGMSituation#1177",,,,"QuestBattle#0","",-1,0,-1,False,"창천의 이슈가르드",0,0,0,"",False,True,0,False,False,False,False,False,True,0,False,False
657,"e0195","ex2/02_est_e3/fld/e3f1/level/e3f1",1,"오사드","오사드","홍옥해","e3f1/00","LoadingImage#10",3,"TerritoryIntendedUse#9","",False,0,False,0,True,False,False,False,"music/ffxiv/BGM_Event_Treacherous.scd",,,,"QuestBattle#179","",-1,0,-1,False,"홍련의 해방자",0,0,0,"",False,True,0,False,False,True,False,False,True,0,False,False
658,"e0196","ex2/05_zon_z3/ome/z3o6/level/z3o6",1,"기라바니아","기라바니아","차원의 틈","z3o6/00","LoadingImage#9",3,"TerritoryIntendedUse#9","",False,92,False,0,True,False,False,False,"music/ex2/BGM_EX2_Omega_01.scd",,,,"QuestBattle#180","",-1,280,-1,False,"홍련의 해방자",0,0,0,"",False,True,0,False,False,True,False,False,True,0,False,False
659,"e0189","ex2/01_gyr_g3/twn/g3t1/level/g3t1",1,"기라바니아","랄거의 손길","랄거의 손길","g3t1/00","LoadingImage#9",3,"TerritoryIntendedUse#9","",False,89,False,0,True,False,False,False,"music/ffxiv/BGM_Event_Escape.scd",,,,"QuestBattle#155","",2100,246,-1,False,"홍련의 해방자",0,0,0,"",False,True,0,False,False,True,False,False,True,0,False,False
660,"","",0,"","","","","LoadingImage#0",0,"TerritoryIntendedUse#0","",False,0,False,0,False,False,False,False,"",,,,"QuestBattle#0","",0,0,0,False,"신생 에오르제아",0,0,0,"",False,False,0,False,False,False,False,False,False,0,False,False
661,"","",0,"","","","","LoadingImage#0",0,"TerritoryIntendedUse#0","",False,0,False,0,False,False,False,False,"",,,,"QuestBattle#0","",0,0,0,False,"신생 에오르제아",0,0,0,"",False,False,0,False,False,False,False,False,False,0,False,False
662,"e3d4","ex2/02_est_e3/dun/e3d4/level/e3d4",1,"동쪽 나라","쿠가네","쿠가네 성","e3d4/01","LoadingImage#11",2,"TerritoryIntendedUse#3","쿠가네 성",False,0,False,0,True,False,False,False,"BGMSituation#1001",,,,"QuestBattle#0","",-1,242,-1,False,"홍련의 해방자",0,0,0,"",False,True,0,False,False,False,False,False,True,0,False,False
663,"g3d3","ex2/01_gyr_g3/dun/g3d3/level/g3d3",1,"기라바니아","기라바니아","성도산 사원","g3d3/01","LoadingImage#9",2,"TerritoryIntendedUse#3","성도산 사원",False,0,False,0,True,False,False,False,"BGMSituation#1001",,,,"QuestBattle#0","",-1,229,-1,False,"홍련의 해방자",0,0,0,"",False,True,0,False,False,False,False,False,True,0,False,False
664,"e0152","ex2/02_est_e3/twn/e3t1/level/e3t1",1,"동쪽 나라","쿠가네","쿠가네","e3t1/00","LoadingImage#11",3,"TerritoryIntendedUse#9","",False,58,False,0,True,False,False,False,"music/ffxiv/BGM_Event_Treacherous.scd",,,,"QuestBattle#154","",200,0,-1,False,"홍련의 해방자",0,19,0,"",False,True,0,False,False,True,False,False,True,0,False,False
665,"ec005","ex2/02_est_e3/twn/e3t1/level/e3t1",1,"동쪽 나라","쿠가네","쿠가네","e3t1/00","LoadingImage#11",1,"TerritoryIntendedUse#29","교도 등장!",False,0,False,0,True,False,False,False,"BGMSituation#1001",,,,"QuestBattle#0","",0,247,-1,False,"홍련의 해방자",0,19,0,"",False,True,0,False,False,True,False,False,True,0,False,False
666,"e0183","ffxiv/wil_w1/twn/w1t2/level/w1t2",1,"다날란","울다하","울다하 달 회랑","w1t2/01","LoadingImage#4",3,"TerritoryIntendedUse#9","",False,8,True,0,True,False,False,False,"music/ffxiv/BGM_Boss_04.scd",,,,"QuestBattle#157","",-1,0,-1,False,"홍련의 해방자",0,0,0,"",False,True,0,False,False,True,False,False,True,0,False,False
667,"e0153","ex2/02_est_e3/twn/e3t1/level/e3t1",1,"동쪽 나라","쿠가네","쿠가네","e3t1/00","LoadingImage#11",3,"TerritoryIntendedUse#9","",False,58,False,0,True,False,False,False,"music/ffxiv/BGM_Boss_07.scd",,,,"QuestBattle#156","",300,238,-1,False,"홍련의 해방자",0,19,0,"",False,True,0,False,False,True,False,False,True,0,False,False
668,"e0178","ffxiv/wil_w1/fld/w1f3/level/w1f3",1,"다날란","다날란","동부 다날란","w1f3/00","LoadingImage#4",3,"TerritoryIntendedUse#9","",False,11,False,0,True,False,False,False,"music/ffxiv/BGM_Boss_04.scd",,,,"QuestBattle#161","",-1,0,-1,False,"홍련의 해방자",0,0,0,"",False,True,0,False,False,True,False,False,True,0,False,False
669,"e0154","ffxiv/wil_w1/fld/w1f4/level/w1f4",1,"다날란","다날란","남부 다날란","w1f4/01","LoadingImage#4",3,"TerritoryIntendedUse#9","",False,12,False,0,True,False,False,False,"music/ffxiv/BGM_Event_JobShiren.scd",,,,"QuestBattle#162","",-1,0,-1,False,"홍련의 해방자",0,0,0,"",False,True,0,False,False,True,False,False,True,0,False,False
670,"e0188","ex2/01_gyr_g3/fld/g3f1/level/g3f1",1,"기라바니아","기라바니아","기라바니아 변방지대","g3f1/00","LoadingImage#9",3,"TerritoryIntendedUse#9","",False,79,False,0,True,False,False,False,"music/ffxiv/BGM_Con_Teikoku_Boss.scd",,,,"QuestBattle#159","",-1,245,-1,False,"홍련의 해방자",0,0,0,"",False,True,0,False,False,True,False,False,True,0,False,False
671,"e0191","ex2/01_gyr_g3/fld/g3f1/level/g3f1",1,"기라바니아","기라바니아","기라바니아 변방지대","g3f1/00","LoadingImage#9",3,"TerritoryIntendedUse#9","",False,0,False,0,True,False,False,False,"music/ffxiv/BGM_Event_BattleCommon_02.scd",,,,"QuestBattle#160","",800,250,-1,False,"홍련의 해방자",0,0,0,"",False,True,0,False,False,True,False,False,True,0,False,False
672,"e0180","ffxiv/lak_l1/fld/l1f1/level/l1f1",1,"모르도나","모르도나","모르도나","l1f1/01","LoadingImage#6",3,"TerritoryIntendedUse#9","",False,22,False,0,True,False,False,False,"music/ffxiv/BGM_Event_JobShiren.scd",,,,"QuestBattle#165","",-1,0,-1,False,"홍련의 해방자",0,0,0,"",False,True,0,False,False,True,False,False,True,0,False,False
673,"e0155","ex1/02_dra_d2/dun/d2d1/level/d2d1",1,"드라바니아","드라바니아","솜 알","d2d1/03","LoadingImage#8",3,"TerritoryIntendedUse#9","",False,0,False,0,True,False,False,False,"music/ffxiv/BGM_Boss_04.scd",,,,"QuestBattle#168","",2359,0,-1,False,"홍련의 해방자",0,0,0,"",False,True,0,False,False,True,False,False,True,0,False,False
674,"e3fa","ex2/02_est_e3/fld/e3fa/level/e3fa",1,"오사드","오사드","보물고","e3fa/00","LoadingImage#10",2,"TerritoryIntendedUse#10","스사노오 토벌전",False,77,False,0,True,False,False,False,"BGMSituation#1001",,,,"QuestBattle#0","",-1,216,-1,False,"홍련의 해방자",0,0,0,"",False,True,0,False,False,False,False,False,True,0,False,False
675,"e0179","ffxiv/sea_s1/fld/s1f4/level/s1f4",1,"라노시아","라노시아","서부 라노시아","s1f4/00","LoadingImage#2",3,"TerritoryIntendedUse#9","",False,19,False,0,True,False,False,False,"music/ffxiv/BGM_Event_Treacherous.scd",,,,"QuestBattle#164","",-1,0,-1,False,"홍련의 해방자",0,0,0,"",False,True,0,False,False,True,False,False,True,0,False,False
676,"e0181","ex1/02_dra_d2/dun/d2d3/level/d2d3",1,"드라바니아","드라바니아","구브라 환상도서관","d2d3/00","LoadingImage#8",3,"TerritoryIntendedUse#9","",False,0,False,0,True,False,False,False,"music/ex1/BGM_EX1_Dungeon_DravaniaL_01.scd",,,,"QuestBattle#166","",-1,0,-1,False,"홍련의 해방자",0,0,0,"",False,True,0,False,False,True,False,False,True,0,False,False
677,"e3fa_2","ex2/02_est_e3/fld/e3fa/level/e3fa",1,"오사드","오사드","보물고","e3fa/00","LoadingImage#10",2,"TerritoryIntendedUse#10","극 스사노오 토벌전",False,77,False,0,True,False,False,False,"BGMSituation#1001",,,,"QuestBattle#0","",-1,217,-1,False,"홍련의 해방자",0,0,0,"",False,True,0,False,False,False,False,False,True,0,False,False
678,"e0177","ex2/01_gyr_g3/fld/g3f1/level/g3f1",1,"기라바니아","기라바니아","기라바니아 변방지대","g3f1/00","LoadingImage#9",3,"TerritoryIntendedUse#9","",False,79,False,0,True,False,False,False,"music/ffxiv/BGM_Event_JobShiren.scd",,,,"QuestBattle#169","",-1,254,-1,False,"홍련의 해방자",0,0,0,"",False,True,0,False,False,True,False,False,True,0,False,False
679,"g3fb","ex2/01_gyr_g3/fld/g3fb/level/g3fb",1,"기라바니아","기라바니아","알라미고 왕립 비공정 발착장","g3fb/01","LoadingImage#12",2,"TerritoryIntendedUse#10","신룡 토벌전",False,76,False,0,True,False,False,False,"BGMSituation#1001",,,,"QuestBattle#0","",-1,212,-1,False,"홍련의 해방자",0,0,0,"",False,True,0,False,False,False,False,False,True,0,False,False
680,"o3e1","ex2/03_ocn_o3/evt/o3e1/level/o3e1",1,"라노시아","라노시아","고난호","o3e1/00","LoadingImage#2",0,"TerritoryIntendedUse#7","",False,36,False,0,True,False,False,False,"BGMSituation#1216",,,"ArrayEventHandler#853385","QuestBattle#0","림사 로민사 하층 갑판",-1,0,-1,False,"홍련의 해방자",0,0,0,"",False,True,0,False,False,False,False,False,True,0,False,False
681,"e3e5","ex2/02_est_e3/evt/e3e5/level/e3e5",1,"오사드","오사드","열사암","e3e5/00","LoadingImage#10",0,"TerritoryIntendedUse#15","",False,84,False,0,True,False,False,False,"BGMSituation#1214",,,"ArrayEventHandler#853391","QuestBattle#0","열사암",-1,0,-1,False,"홍련의 해방자",0,0,0,"",False,True,0,False,False,False,False,False,True,0,False,False
682,"e3ea","ex2/02_est_e3/evt/e3ea/level/e3ea",1,"오사드","오사드","도마 도읍지","e3ea/00","LoadingImage#10",0,"TerritoryIntendedUse#15","",False,84,False,0,True,False,False,False,"BGMSituation#1215",,,"ArrayEventHandler#853403","QuestBattle#0","나마이 마을",-1,0,-1,False,"홍련의 해방자",0,0,0,"",False,True,0,False,False,False,False,False,True,0,False,False
683,"g3e1","ex2/01_gyr_g3/evt/g3e1/level/g3e1",1,"기라바니아","기라바니아","자난 카트 지하제단","g3e1/00","LoadingImage#9",0,"TerritoryIntendedUse#7","",False,0,False,0,True,False,False,False,"BGMSituation#1210",,,"ArrayEventHandler#853395","QuestBattle#0","카스트룸 오리엔스",-1,0,-1,False,"홍련의 해방자",0,0,0,"",False,True,0,False,False,False,False,False,True,0,False,False
684,"ec007","ex2/01_gyr_g3/evt/g3e3/level/g3e3",1,"기라바니아","기라바니아","기라바니아 호반지대","g3f3/00","LoadingImage#12",1,"TerritoryIntendedUse#29","위리앙제의 비책",False,0,False,0,True,False,False,False,"BGMSituation#1001",,,,"QuestBattle#0","",1800,251,-1,False,"홍련의 해방자",0,0,0,"",False,True,0,False,False,True,False,False,True,0,False,False
685,"e0190","ex2/02_est_e3/fld/e3f2/level/e3f2",1,"오사드","오사드","얀샤","e3f2/00","LoadingImage#10",3,"TerritoryIntendedUse#9","",False,0,False,0,True,False,False,False,"music/ffxiv/BGM_Event_Escape.scd",,,,"QuestBattle#163","",0,248,-1,False,"홍련의 해방자",0,0,0,"",False,True,0,False,False,True,False,False,True,0,False,False
686,"e0192","ex2/01_gyr_g3/fld/g3f3/level/g3f3",1,"기라바니아","기라바니아","기라바니아 호반지대","g3f3/00","LoadingImage#12",3,"TerritoryIntendedUse#9","",False,81,False,0,True,False,False,False,"music/ex2/BGM_EX2_Field_G_Lake_Day.scd",,,,"QuestBattle#158","",-1,0,-1,False,"홍련의 해방자",0,14,0,"",False,True,0,False,False,True,False,False,True,0,False,False
687,"e0193","ex2/01_gyr_g3/fld/g3f3/level/g3f3",1,"기라바니아","기라바니아","기라바니아 호반지대","g3f3/00","LoadingImage#12",3,"TerritoryIntendedUse#9","",False,81,False,0,True,False,False,False,"music/ex2/BGM_EX2_Boss_Battle_01.scd",,,,"QuestBattle#167","",-1,252,-1,False,"홍련의 해방자",0,0,0,"",False,True,0,False,False,True,False,False,True,0,False,False
688,"ec006","ex2/02_est_e3/fld/e3f3/level/e3f3",1,"오사드","오사드","아짐 대초원","e3f3/00","LoadingImage#10",1,"TerritoryIntendedUse#29","계절끝 합전",False,0,False,0,True,False,False,False,"BGMSituation#1001",,,,"QuestBattle#0","",715,249,-1,False,"홍련의 해방자",0,17,0,"",False,True,0,False,False,True,False,False,True,0,False,False
689,"","",0,"","","","","LoadingImage#0",0,"TerritoryIntendedUse#0","",False,0,False,0,False,False,False,False,"",,,,"QuestBattle#0","",0,0,0,False,"신생 에오르제아",0,0,0,"",False,False,0,False,False,False,False,False,False,0,False,False
690,"z3o1","ex2/05_zon_z3/ome/z3o1/level/z3o1",1,"기라바니아","기라바니아","차원의 틈","z3o1/00","LoadingImage#9",1,"TerritoryIntendedUse#29","차원의 틈: 외곽",False,88,False,0,True,False,False,False,"BGMSituation#1001",,,,"QuestBattle#0","",-1,0,-1,False,"홍련의 해방자",0,0,0,"",False,True,0,False,False,True,False,False,True,0,False,False
691,"z3o2","ex2/05_zon_z3/ome/z3o2/level/z3o2",1,"기라바니아","기라바니아","피험세계 델타 V1.0","z3o2/00","LoadingImage#9",2,"TerritoryIntendedUse#17","차원의 틈 오메가: 델타편 1",False,88,False,0,True,False,False,False,"BGMSituation#1001",,,,"QuestBattle#0","",-1,243,-1,False,"홍련의 해방자",0,0,0,"",False,True,0,False,False,False,False,False,True,0,False,False
692,"z3o3","ex2/05_zon_z3/ome/z3o3/level/z3o3",1,"기라바니아","기라바니아","피험세계 델타 V2.0","z3o3/00","LoadingImage#9",2,"TerritoryIntendedUse#17","차원의 틈 오메가: 델타편 2",False,88,False,0,True,False,False,False,"BGMSituation#1001",,,,"QuestBattle#0","",-1,241,-1,False,"홍련의 해방자",0,0,0,"",False,True,0,False,False,False,False,False,True,0,False,False
693,"z3o4","ex2/05_zon_z3/ome/z3o4/level/z3o4",1,"기라바니아","기라바니아","피험세계 델타 V3.0","z3o4/00","LoadingImage#9",2,"TerritoryIntendedUse#17","차원의 틈 오메가: 델타편 3",False,88,False,0,True,False,False,False,"BGMSituation#1001",,,,"QuestBattle#0","",-1,234,-1,False,"홍련의 해방자",0,0,0,"",False,True,0,False,False,False,False,False,True,0,False,False
694,"z3o5","ex2/05_zon_z3/ome/z3o5/level/z3o5",1,"기라바니아","기라바니아","피험세계 델타 V4.0","z3o5/00","LoadingImage#9",2,"TerritoryIntendedUse#17","차원의 틈 오메가: 델타편 4",False,88,False,0,True,False,False,False,"BGMSituation#1001",,,,"QuestBattle#0","",-1,236,-1,False,"홍련의 해방자",0,0,0,"",False,True,0,False,False,False,False,False,True,0,False,False
695,"z3o2_2","ex2/05_zon_z3/ome/z3o2/level/z3o2",1,"기라바니아","기라바니아","피험세계 델타 V1.0","z3o2/00","LoadingImage#9",2,"TerritoryIntendedUse#17","차원의 틈 오메가: 델타편(영웅) 1",False,88,False,0,True,False,False,False,"BGMSituation#1001",,,,"QuestBattle#0","",-1,244,-1,False,"홍련의 해방자",0,0,0,"",False,True,0,False,False,False,False,False,True,0,False,False
696,"z3o3_2","ex2/05_zon_z3/ome/z3o3/level/z3o3",1,"기라바니아","기라바니아","피험세계 델타 V2.0","z3o3/00","LoadingImage#9",2,"TerritoryIntendedUse#17","차원의 틈 오메가: 델타편(영웅) 2",False,88,False,0,True,False,False,False,"BGMSituation#1001",,,,"QuestBattle#0","",-1,240,-1,False,"홍련의 해방자",0,0,0,"",False,True,0,False,False,False,False,False,True,0,False,False
697,"z3o4_2","ex2/05_zon_z3/ome/z3o4/level/z3o4",1,"기라바니아","기라바니아","피험세계 델타 V3.0","z3o4/00","LoadingImage#9",2,"TerritoryIntendedUse#17","차원의 틈 오메가: 델타편(영웅) 3",False,88,False,0,True,False,False,False,"BGMSituation#1001",,,,"QuestBattle#0","",-1,235,-1,False,"홍련의 해방자",0,0,0,"",False,True,0,False,False,False,False,False,True,0,False,False
698,"z3o5_2","ex2/05_zon_z3/ome/z3o5/level/z3o5",1,"기라바니아","기라바니아","피험세계 델타 V4.0","z3o5/00","LoadingImage#9",2,"TerritoryIntendedUse#17","차원의 틈 오메가: 델타편(영웅) 4",False,88,False,0,True,False,False,False,"BGMSituation#1001",,,,"QuestBattle#0","",-1,237,-1,False,"홍련의 해방자",0,0,0,"",False,True,0,False,False,False,False,False,True,0,False,False
699,"e0162","ffxiv/roc_r1/fld/r1f1/level/r1f1",1,"커르다스","커르다스","커르다스 중앙고지","r1f1/00","LoadingImage#5",3,"TerritoryIntendedUse#9","",False,21,False,0,True,False,False,False,"music/ffxiv/BGM_Event_BattleCommon_02.scd",,,,"QuestBattle#172","",-1,0,-1,False,"홍련의 해방자",0,0,0,"",False,True,0,False,False,True,False,False,True,0,False,False
700,"e0163","ex1/01_roc_r2/twn/r2t1/level/r2t1",1,"커르다스","커르다스","이슈가르드 하층","r2t1/00","LoadingImage#5",3,"TerritoryIntendedUse#9","",False,0,False,0,True,False,False,False,"music/ex1/BGM_EX1_Event_Strategy.scd",,,,"QuestBattle#173","",1400,0,-1,False,"홍련의 해방자",0,0,0,"",False,True,0,False,False,True,False,False,True,0,False,False
701,"e0172","ffxiv/pvp_xx/pvp/s2p1/level/s2p1",1,"라노시아","라노시아","봉인된 바위섬","s2p1/00","LoadingImage#2",3,"TerritoryIntendedUse#9","",False,0,False,0,True,False,False,False,"music/ffxiv/BGM_Event_BattleOverture.scd",,,,"QuestBattle#170","",-1,0,-1,False,"홍련의 해방자",0,0,0,"",False,True,0,False,False,True,False,False,True,0,False,False
702,"e0173","ex1/03_abr_a2/dun/a2d1/level/a2d1",1,"아발라시아","아발라시아","마과학 연구소","a2d1/01","LoadingImage#7",3,"TerritoryIntendedUse#9","",False,0,False,0,True,False,False,False,"music/ex1/BGM_EX1_Boss04.scd",,,,"QuestBattle#171","",-1,0,-1,False,"홍련의 해방자",0,0,0,"",False,True,0,False,False,True,False,False,True,0,False,False
703,"e0156","ex2/01_gyr_g3/fld/g3f1/level/g3f1",1,"기라바니아","기라바니아","기라바니아 변방지대","g3f1/00","LoadingImage#9",3,"TerritoryIntendedUse#9","",False,79,False,0,True,False,False,False,"music/ffxiv/BGM_Event_JobShiren.scd",,,,"QuestBattle#174","",-1,0,-1,False,"홍련의 해방자",0,0,0,"",False,True,0,False,False,True,False,False,True,0,False,False
704,"e0157","ffxiv/fst_f1/bah/f1b1/level/f1b1",1,"검은장막 숲","검은장막 숲","메테오의 그림자","f1b1/00","LoadingImage#3",3,"TerritoryIntendedUse#9","",False,58,False,0,True,False,False,False,"music/ffxiv/BGM_Con_Bahamut_Boss.scd",,,,"QuestBattle#175","",-1,0,-1,False,"홍련의 해방자",0,0,0,"",False,True,0,False,False,True,False,False,True,0,False,False
705,"e0168","ffxiv/wil_w1/twn/w1t2/level/w1t2",1,"다날란","다날란","울다하 달 회랑","w1t2/01","LoadingImage#4",1,"TerritoryIntendedUse#29","울다하 왕실배 투기대회",False,8,True,0,True,False,False,False,"BGMSituation#1001",,,,"QuestBattle#0","",-1,230,-1,False,"홍련의 해방자",0,0,0,"",False,True,0,False,False,True,False,False,True,0,False,False
706,"e0169","ffxiv/wil_w1/twn/w1t2/level/w1t2",1,"다날란","다날란","울다하 달 회랑","w1t2/01","LoadingImage#4",1,"TerritoryIntendedUse#29","더 높은 검술의 경지로",False,8,True,0,True,False,False,False,"BGMSituation#1001",,,,"QuestBattle#0","",-1,231,-1,False,"홍련의 해방자",0,0,0,"",False,True,0,False,False,True,False,False,True,0,False,False
707,"e0182","ex1/05_zon_z2/rad/z2r2/level/z2r2",1,"모르도나","모르도나","금기도시 마하","z2r2/02","LoadingImage#6",1,"TerritoryIntendedUse#29","맞서는 힘",False,37,False,0,True,False,False,False,"BGMSituation#1001",,,,"QuestBattle#0","",1700,0,-1,False,"홍련의 해방자",0,0,0,"",False,True,0,False,False,True,False,False,True,0,False,False
708,"e0184","ffxiv/ocn_o1/evt/o1e2/level/o1e2",1,"라노시아","라노시아","로타노 해","o1e2/00","LoadingImage#2",1,"TerritoryIntendedUse#29","해양도시를 흔드는 살인자의 연회!",False,0,False,0,True,False,False,False,"BGMSituation#1001",,,,"QuestBattle#0","",0,0,-1,False,"홍련의 해방자",0,0,0,"",False,True,0,False,False,True,False,False,True,0,False,False
709,"e0185","ex1/01_roc_r2/fld/r2f1/level/r2f1",1,"커르다스","커르다스","커르다스 서부고지","r2f1/00","LoadingImage#5",1,"TerritoryIntendedUse#29","극악무도한 코가라시",False,49,False,0,True,False,False,False,"BGMSituation#1001",,,,"QuestBattle#0","",-1,209,-1,False,"홍련의 해방자",0,0,0,"",False,True,0,False,False,True,False,False,True,0,False,False
710,"e0186","ex2/02_est_e3/twn/e3t1/level/e3t1",1,"동쪽 나라","쿠가네","쿠가네","e3t1/00","LoadingImage#11",1,"TerritoryIntendedUse#29","마츠바 사변",False,82,False,0,True,False,False,False,"BGMSituation#1001",,,,"QuestBattle#0","",-1,0,-1,False,"홍련의 해방자",0,19,0,"",False,True,0,False,False,True,False,False,True,0,False,False
711,"e0187","ex2/02_est_e3/fld/e3f1/level/e3f1",1,"오사드","오사드","홍옥해","e3f1/00","LoadingImage#10",1,"TerritoryIntendedUse#29","베코우 섬의 결투",False,83,False,0,True,False,False,False,"BGMSituation#1001",,,,"QuestBattle#0","",-1,0,-1,False,"홍련의 해방자",0,0,0,"",False,True,0,False,False,True,False,False,True,0,False,False
712,"o3c1","ex2/03_ocn_o3/cnt/o3c1/level/o3c1",1,"???","","우즈네어 운하","default/00","LoadingImage#1",3,"TerritoryIntendedUse#33","보물고 우즈네어 운하",False,0,False,0,True,False,False,False,"BGMSituation#1001",,,,"QuestBattle#0","",-1,0,-1,False,"홍련의 해방자",0,0,0,"",False,True,0,False,False,False,False,False,True,0,False,False
713,"e0158","ex2/02_est_e3/fld/e3f3/level/e3f3",1,"오사드","오사드","아짐 대초원","e3f3/00","LoadingImage#10",1,"TerritoryIntendedUse#29","칠흑의 거룡",False,85,False,0,True,False,False,False,"BGMSituation#1001",,,,"QuestBattle#0","",-1,0,-1,False,"홍련의 해방자",0,0,0,"",False,True,0,False,False,True,False,False,True,0,False,False
714,"e0159","ex2/02_est_e3/dun/e3d2/level/e3d2",1,"오사드","오사드","바르담 패도","e3d2/00","LoadingImage#10",1,"TerritoryIntendedUse#29","붉은 용기사",False,0,False,0,True,False,False,False,"music/ex1/BGM_EX1_Event_IshWar.scd",,,,"QuestBattle#0","",-1,0,-1,False,"홍련의 해방자",0,0,0,"",False,True,0,False,False,True,False,False,True,0,False,False
715,"e0160","ex1/02_dra_d2/fld/d2f3/level/d2f3",1,"드라바니아","드라바니아","드라바니아 구름바다","d2f3/00","LoadingImage#8",1,"TerritoryIntendedUse#29","앞으로 세 번, 아득한 동경",False,86,False,0,True,False,False,False,"music/ex1/BGM_EX1_Event_IshWar.scd",,,,"QuestBattle#0","",-1,0,-1,False,"홍련의 해방자",0,0,0,"",False,True,0,False,False,True,False,False,True,0,False,False
716,"e0161","ex2/01_gyr_g3/fld/g3f2/level/g3f2",1,"기라바니아","기라바니아","기라바니아 산악지대","g3f2/00","LoadingImage#9",1,"TerritoryIntendedUse#29","앞으로 한 번, 너와 만날 수 있다면",False,28,False,0,True,False,False,False,"BGMSituation#1001",,,,"QuestBattle#0","",-1,0,-1,False,"홍련의 해방자",0,0,0,"",False,True,0,False,False,True,False,False,True,0,False,False
717,"e0174","ffxiv/sea_s1/pvp/s1p1/level/s1p1",1,"라노시아","라노시아","늑대우리 부두","s1p1/00","LoadingImage#2",1,"TerritoryIntendedUse#29","원초적 그녀",False,0,False,0,True,False,False,False,"BGMSituation#1001",,,,"QuestBattle#0","",-1,232,-1,False,"홍련의 해방자",0,0,0,"",False,True,0,False,False,True,False,False,True,0,False,False
718,"e0175","ex2/02_est_e3/fld/e3f3/level/e3f3",1,"오사드","오사드","아짐 대초원","e3f3/00","LoadingImage#10",1,"TerritoryIntendedUse#29","불타올라라, 산골짜기!",False,85,False,0,True,False,False,False,"BGMSituation#1001",,,,"QuestBattle#0","",-1,233,-1,False,"홍련의 해방자",0,0,0,"",False,True,0,False,False,True,False,False,True,0,False,False
719,"g3fa","ex2/01_gyr_g3/fld/g3fa/level/g3fa",1,"기라바니아","기라바니아","락슈미 신전","g3fa/00","LoadingImage#9",2,"TerritoryIntendedUse#10","락슈미 토벌전",False,87,False,0,True,False,False,False,"BGMSituation#1001",,,,"QuestBattle#0","",-1,239,-1,False,"홍련의 해방자",0,0,0,"",False,True,0,False,False,False,False,False,True,0,False,False
720,"g3fa_2","ex2/01_gyr_g3/fld/g3fa/level/g3fa",1,"기라바니아","기라바니아","락슈미 신전","g3fa/00","LoadingImage#9",2,"TerritoryIntendedUse#10","극 락슈미 토벌전",False,87,False,0,True,False,False,False,"BGMSituation#1001",,,,"QuestBattle#0","",-1,226,-1,False,"홍련의 해방자",0,0,0,"",False,True,0,False,False,False,False,False,True,0,False,False
721,"e0170","ffxiv/fst_f1/dun/f1d7/level/f1d7",1,"검은장막 숲","검은장막 숲","옛 암다포르 성","f1d7/02","LoadingImage#3",3,"TerritoryIntendedUse#9","",False,40,False,0,True,False,False,False,"music/ffxiv/BGM_Dungeon_Gri_08.scd",,,,"QuestBattle#176","",-1,0,-1,False,"홍련의 해방자",0,0,0,"",False,True,0,False,False,True,False,False,True,0,False,False
722,"e0171","ffxiv/fst_f1/dun/f1d8/level/f1d8",1,"검은장막 숲","검은장막 숲","옛 암다포르 시가지","f1d8/03","LoadingImage#3",1,"TerritoryIntendedUse#29","시간을 뛰어넘은 염원",False,63,False,0,True,False,False,False,"BGMSituation#1001",,,,"QuestBattle#0","",-1,0,-1,False,"홍련의 해방자",0,0,0,"",False,True,0,False,False,True,False,False,True,0,False,False
723,"e0167","ex2/02_est_e3/fld/e3f3/level/e3f3",1,"오사드","오사드","아짐 대초원","e3f3/00","LoadingImage#10",1,"TerritoryIntendedUse#29","그림자 인법첩",False,85,False,0,True,False,False,False,"BGMSituation#1001",,,"ArrayEventHandler#853396","QuestBattle#0","",-1,0,-1,False,"홍련의 해방자",0,0,0,"",False,True,0,False,False,True,False,False,True,0,False,False
724,"z3e1","ex2/05_zon_z3/ome/z3o1/level/z3o1",1,"기라바니아","기라바니아","차원의 틈","default/00","LoadingImage#9",0,"TerritoryIntendedUse#12","",False,88,False,0,True,False,False,False,"music/ex2/BGM_EX2_Omega_01.scd",,,"ArrayEventHandler#853479","QuestBattle#0","카스트룸 오리엔스",-1,0,-1,False,"홍련의 해방자",0,20,0,"",False,True,0,False,False,False,False,False,True,0,False,False
725,"o3c1_2","ex2/03_ocn_o3/cnt/o3c1/level/o3c1",1,"???","","우즈네어 운하","default/00","LoadingImage#1",3,"TerritoryIntendedUse#33","보물고 우즈네어 운하 심층",False,0,False,0,True,False,False,False,"BGMSituation#1001",,,,"QuestBattle#0","",-1,0,-1,False,"홍련의 해방자",0,0,0,"",False,True,0,False,False,False,False,False,True,0,False,False
726,"e0166","ex2/02_est_e3/fld/e3f1/level/e3f1",1,"오사드","오사드","홍옥해","e3f1/00","LoadingImage#10",3,"TerritoryIntendedUse#9","",False,83,False,0,True,False,False,False,"music/ffxiv/BGM_Event_Treacherous.scd",,,,"QuestBattle#177","",-1,253,-1,False,"홍련의 해방자",0,0,0,"",False,True,0,False,False,True,False,False,True,0,False,False
727,"g3e4","ex2/01_gyr_g3/evt/g3e4/level/g3e4",1,"기라바니아","기라바니아","알라미고 왕궁 옥상정원","g3e4/00","LoadingImage#12",0,"TerritoryIntendedUse#7","",False,0,False,0,True,False,False,False,"BGMSituation#1211",,,"ArrayEventHandler#853582","QuestBattle#0","알라미고인 거주구",1630,0,-1,False,"홍련의 해방자",0,0,0,"",False,True,0,False,False,False,False,False,True,0,False,False
728,"z1ea","ffxiv/zon_z1/jai/z1j1/level/z1j1",1,"???","","모르디온 감옥","default/00","LoadingImage#1",0,"TerritoryIntendedUse#40","",False,0,False,0,True,False,False,False,"BGMSituation#1001",,,,"QuestBattle#0","울다하 날 회랑",-1,0,-1,False,"신생 에오르제아",0,0,0,"",False,True,0,False,False,False,False,False,True,0,False,False
729,"d2p1","ffxiv/pvp_xx/pvp/d2p1/level/d2p1",4,"드라바니아","늑대우리","아스트라갈로스","d2p1/00","LoadingImage#8",2,"TerritoryIntendedUse#39","아스트라갈로스(기공전)",False,0,False,0,True,False,True,True,"BGMSituation#1001",,,,"QuestBattle#0","",1400,262,-1,True,"신생 에오르제아",0,0,0,"",False,True,0,False,False,False,False,False,True,0,False,False
730,"g3fc","ex2/01_gyr_g3/fld/g3fc/level/g3fc",1,"기라바니아","기라바니아","결정화 공간","g3fc/01","LoadingImage#12",2,"TerritoryIntendedUse#10","극 신룡 토벌전",True,76,False,0,True,False,False,False,"BGMSituation#1001",,,,"QuestBattle#0","",-1,260,-1,False,"홍련의 해방자",0,0,0,"",False,True,0,False,False,False,False,False,True,0,False,False
731,"","",0,"","","","","LoadingImage#0",0,"TerritoryIntendedUse#0","",False,0,False,0,False,False,False,False,"",,,,"QuestBattle#0","",0,0,0,False,"신생 에오르제아",0,0,0,"",False,False,0,False,False,False,False,False,False,0,False,False
732,"z3fa","ex2/05_zon_z3/fld/z3fa/level/z3fa",1,"???","","에우레카: 아네모스 지대","z3fa/00","LoadingImage#1",3,"TerritoryIntendedUse#41","금단의 땅 에우레카: 아네모스편",False,91,False,0,True,False,True,False,"music/ex2/BGM_EX2_EU_Field.scd",,,,"QuestBattle#0","",-1,0,-1,False,"홍련의 해방자",0,21,0,"",False,True,0,False,False,False,False,False,True,0,False,False
733,"f1bz","ffxiv/fst_f1/bah/f1bz/level/f1bz",1,"???","","대미궁 바하무트","f1bz/00","LoadingImage#1",2,"TerritoryIntendedUse#17","절 바하무트 토벌전",False,0,False,0,True,False,False,False,"BGMSituation#1001",,,,"QuestBattle#0","",-1,255,-1,False,"홍련의 해방자",0,0,0,"",False,True,0,False,False,False,False,False,True,0,False,False
734,"z3r1","ex2/05_zon_z3/rad/z3r1/level/z3r1",1,"???","","왕도 라바나스터","z3r1/01","LoadingImage#1",2,"TerritoryIntendedUse#8","왕도 라바나스터",False,0,False,0,True,False,False,False,"BGMSituation#1001",,,,"QuestBattle#0","",-1,0,-1,False,"홍련의 해방자",0,0,0,"",True,True,0,False,False,False,False,False,True,0,False,False
735,"z3e2","ex2/05_zon_z3/evt/z3e2/level/z3e2",1,"???","","프리마비스타 대도구실","z3e2/00","LoadingImage#1",0,"TerritoryIntendedUse#15","",False,0,False,0,True,False,False,False,"music/ex2/BGM_EX2_Rti_05.scd",,,"ArrayEventHandler#853733","QuestBattle#0","쿠가네",-1,0,-1,False,"홍련의 해방자",0,0,0,"",False,True,0,False,False,False,False,False,True,0,False,False
736,"z3e3","ex2/05_zon_z3/evt/z3e3/level/z3e3",1,"???","","프리마비스타 함교","z3e3/00","LoadingImage#1",0,"TerritoryIntendedUse#15","",False,0,False,0,True,False,False,False,"music/ex2/BGM_EX2_Rti_05.scd",,,"ArrayEventHandler#853729","QuestBattle#0","쿠가네",-1,0,-1,False,"홍련의 해방자",0,0,0,"",False,True,0,False,False,False,False,False,True,0,False,False
737,"g3d2_event","ex2/01_gyr_g3/dun/g3d2/level/g3d2",1,"기라바니아","기라바니아","알라미고 왕궁","g3d2/02","LoadingImage#12",0,"TerritoryIntendedUse#15","",False,0,False,0,True,False,False,False,,,,"ArrayEventHandler#853737","QuestBattle#0","알라미고인 거주구",-1,0,-1,False,"홍련의 해방자",0,0,0,"",False,True,0,False,False,False,False,False,True,0,False,False
738,"g3e6","ex2/01_gyr_g3/evt/g3e6/level/g3e6",1,"기라바니아","기라바니아","초월기술 연구소","g3e6/00","LoadingImage#12",0,"TerritoryIntendedUse#15","",False,0,False,0,True,False,False,False,"music/ffxiv/BGM_Con_Teikoku_01.scd",,,,"QuestBattle#0","알라미고인 거주구",-1,0,-1,False,"홍련의 해방자",0,0,0,"",False,True,0,False,False,False,False,False,True,0,False,False
739,"e3eb","ex2/02_est_e3/evt/e3eb/level/e3eb",1,"오사드","오사드","도마 도읍지","e3eb/00","LoadingImage#10",0,"TerritoryIntendedUse#15","",False,84,False,0,True,False,False,False,"BGMSituation#1215",,,,"QuestBattle#0","나마이 마을",-1,0,-1,False,"홍련의 해방자",0,0,0,"",False,True,0,False,False,False,False,False,True,0,False,False
740,"g3e4_2","ex2/01_gyr_g3/evt/g3e4/level/g3e4",1,"기라바니아","기라바니아","알라미고 왕궁 옥상정원","g3e4/00","LoadingImage#12",0,"TerritoryIntendedUse#7","",False,0,False,0,True,False,False,False,"music/ex2/BGM_EX2_Event_05.scd",,,,"QuestBattle#0","알라미고인 거주구",-1,0,-1,False,"홍련의 해방자",0,0,0,"",False,True,0,False,False,False,False,False,True,0,False,False
741,"f1e9","ffxiv/fst_f1/evt/f1e9/level/f1e9",1,"검은장막 숲","검은장막 숲","열두 신 대성당","f1e9/00","LoadingImage#3",2,"TerritoryIntendedUse#34","발렌티온 예식장",False,0,False,0,True,False,False,False,"BGMSituation#1001",,,,"QuestBattle#0","",-1,0,-1,False,"신생 에오르제아",0,0,0,"",False,True,0,False,False,False,False,False,True,0,False,False
742,"e3d5","ex2/02_est_e3/dun/e3d5/level/e3d5",1,"오사드","오사드","지옥뚜껑","e3d5/00","LoadingImage#10",2,"TerritoryIntendedUse#3","지옥뚜껑",False,0,False,0,True,False,False,False,"BGMSituation#1001",,,,"QuestBattle#0","",-1,273,-1,False,"홍련의 해방자",0,0,0,"",False,True,0,False,False,False,False,False,True,0,False,False
743,"a2d4","ex1/03_abr_a2/dun/a2d4/level/a2d4",1,"아발라시아","아발라시아","무한연속 박물함","a2d4/01","LoadingImage#7",2,"TerritoryIntendedUse#3","무한연속 박물함(어려움)",False,0,False,0,True,False,False,False,"BGMSituation#1001",,,,"QuestBattle#0","",-1,274,-1,False,"홍련의 해방자",0,0,0,"",False,True,0,False,False,False,False,False,True,0,False,False
744,"e3e7","ex2/02_est_e3/evt/e3e7/level/e3e7",1,"오사드","오사드","귀연관","e3e7/00","LoadingImage#10",0,"TerritoryIntendedUse#15","",False,0,False,0,True,False,False,False,"music/ffxiv/BGM_Field_Lim_Ninja.scd",,,"ArrayEventHandler#853783","QuestBattle#0","나마이 마을",-1,0,-1,False,"홍련의 해방자",0,0,0,"",False,True,0,False,False,False,False,False,True,0,False,False
745,"","",0,"","","","","LoadingImage#0",0,"TerritoryIntendedUse#0","",False,0,False,0,False,False,False,False,"",,,,"QuestBattle#0","",0,0,0,False,"신생 에오르제아",0,0,0,"",False,False,0,False,False,False,False,False,False,0,False,False
746,"e3fb","ex2/02_est_e3/fld/e3fb/level/e3fb",1,"오사드","오사드","하얀 제왕의 대숲","e3fb/00","LoadingImage#10",2,"TerritoryIntendedUse#10","백호 토벌전",True,93,False,0,True,False,False,False,"BGMSituation#1001",,,,"QuestBattle#0","",-1,269,-1,False,"홍련의 해방자",0,0,0,"",False,True,0,False,False,False,False,False,True,0,False,False
747,"","",0,"","","","","LoadingImage#0",0,"TerritoryIntendedUse#0","",False,0,False,0,False,False,False,False,"",,,,"QuestBattle#0","",0,0,0,False,"신생 에오르제아",0,0,0,"",False,False,0,False,False,False,False,False,False,0,False,False
748,"z3o7","ex2/05_zon_z3/ome/z3o7/level/z3o7",1,"기라바니아","기라바니아","피험세계 시그마 V1.0","z3o7/01","LoadingImage#9",2,"TerritoryIntendedUse#17","차원의 틈 오메가: 시그마편 1",False,92,False,0,True,False,False,False,"BGMSituation#1001",,,,"QuestBattle#0","",-1,277,-1,False,"홍련의 해방자",0,0,0,"",False,True,0,False,False,False,False,False,True,0,False,False
749,"z3o8","ex2/05_zon_z3/ome/z3o8/level/z3o8",1,"기라바니아","기라바니아","피험세계 시그마 V2.0","z3o8/00","LoadingImage#9",2,"TerritoryIntendedUse#17","차원의 틈 오메가: 시그마편 2",False,92,False,0,True,False,False,False,"BGMSituation#1001",,,,"QuestBattle#0","",-1,275,-1,False,"홍련의 해방자",0,0,0,"",False,True,0,False,False,False,False,False,True,0,False,False
750,"z3o9","ex2/05_zon_z3/ome/z3o9/level/z3o9",1,"기라바니아","기라바니아","피험세계 시그마 V3.0","z3o9/00","LoadingImage#9",2,"TerritoryIntendedUse#17","차원의 틈 오메가: 시그마편 3",False,92,False,0,True,False,False,False,"BGMSituation#1001",,,,"QuestBattle#0","",-1,266,-1,False,"홍련의 해방자",0,0,0,"",False,True,0,False,False,False,False,False,True,0,False,False
751,"z3oa","ex2/05_zon_z3/ome/z3oa/level/z3oa",1,"기라바니아","기라바니아","피험세계 시그마 V4.0","z3oa/00","LoadingImage#9",2,"TerritoryIntendedUse#17","차원의 틈 오메가: 시그마편 4",False,92,False,0,True,False,False,False,"BGMSituation#1001",,,,"QuestBattle#0","",-1,271,-1,False,"홍련의 해방자",0,0,0,"",False,True,0,False,False,False,False,False,True,0,False,False
752,"z3o7_2","ex2/05_zon_z3/ome/z3o7/level/z3o7",1,"기라바니아","기라바니아","피험세계 시그마 V1.0","z3o7/01","LoadingImage#9",2,"TerritoryIntendedUse#17","차원의 틈 오메가: 시그마편(영웅) 1",False,92,False,0,True,False,False,False,"BGMSituation#1001",,,,"QuestBattle#0","",-1,278,-1,False,"홍련의 해방자",0,0,0,"",False,True,0,False,False,False,False,False,True,0,False,False
753,"z3o8_2","ex2/05_zon_z3/ome/z3o8/level/z3o8",1,"기라바니아","기라바니아","피험세계 시그마 V2.0","z3o8/00","LoadingImage#9",2,"TerritoryIntendedUse#17","차원의 틈 오메가: 시그마편(영웅) 2",False,92,False,0,True,False,False,False,"BGMSituation#1001",,,,"QuestBattle#0","",-1,276,-1,False,"홍련의 해방자",0,0,0,"",False,True,0,False,False,False,False,False,True,0,False,False
754,"z3o9_2","ex2/05_zon_z3/ome/z3o9/level/z3o9",1,"기라바니아","기라바니아","피험세계 시그마 V3.0","z3o9/00","LoadingImage#9",2,"TerritoryIntendedUse#17","차원의 틈 오메가: 시그마편(영웅) 3",False,92,False,0,True,False,False,False,"BGMSituation#1001",,,,"QuestBattle#0","",-1,267,-1,False,"홍련의 해방자",0,0,0,"",False,True,0,False,False,False,False,False,True,0,False,False
755,"z3oa_2","ex2/05_zon_z3/ome/z3oa/level/z3oa",1,"기라바니아","기라바니아","피험세계 시그마 V4.0","z3oa/00","LoadingImage#9",2,"TerritoryIntendedUse#17","차원의 틈 오메가: 시그마편(영웅) 4",False,92,False,0,True,False,False,False,"BGMSituation#1001",,,,"QuestBattle#0","",-1,272,-1,False,"홍련의 해방자",0,0,0,"",False,True,0,False,False,False,False,False,True,0,False,False
756,"z3e5","ex2/05_zon_z3/ome/z3o6/level/z3o6",1,"기라바니아","기라바니아","차원의 틈","default/00","LoadingImage#9",0,"TerritoryIntendedUse#12","",False,92,False,0,True,False,False,False,"music/ex2/BGM_EX2_Omega_01.scd",,,"ArrayEventHandler#853777","QuestBattle#0","카스트룸 오리엔스",-1,0,-1,False,"홍련의 해방자",0,0,0,"",False,True,0,False,False,False,False,False,True,0,False,False
757,"e0197","ex2/02_est_e3/fld/e3f1/level/e3f1",1,"오사드","오사드","홍옥해","e3f1/00","LoadingImage#10",3,"TerritoryIntendedUse#9","",False,83,False,0,True,False,False,False,"music/ffxiv/BGM_Event_Treacherous.scd",,,,"QuestBattle#181","",-1,0,-1,False,"홍련의 해방자",0,0,0,"",False,True,0,False,False,True,False,False,True,0,False,False
758,"e3fb_2","ex2/02_est_e3/fld/e3fb/level/e3fb",1,"오사드","오사드","하얀 제왕의 대숲","e3fb/00","LoadingImage#10",2,"TerritoryIntendedUse#10","극 백호 토벌전",True,93,False,0,True,False,False,False,"BGMSituation#1001",,,,"QuestBattle#0","",-1,268,-1,False,"홍련의 해방자",0,0,0,"",False,True,0,False,False,False,False,False,True,0,False,False
759,"e3ec","ex2/02_est_e3/evt/e3ec/level/e3ec",1,"오사드","오사드","도마 도읍지","e3ec/00","LoadingImage#10",0,"TerritoryIntendedUse#0","",False,84,False,0,True,False,True,False,"BGMSituation#1215",,,"ArrayEventHandler#853818","QuestBattle#0","도마 도읍지",-1,0,-1,False,"홍련의 해방자",0,22,0,"",False,True,0,False,False,False,False,False,True,0,False,False
760,"e0198","ex2/01_gyr_g3/fld/g3f1/level/g3f1",1,"기라바니아","기라바니아","기라바니아 변방지대","g3f1/00","LoadingImage#9",3,"TerritoryIntendedUse#9","",False,79,False,0,True,False,False,False,"BGMSituation#1001",,,,"QuestBattle#182","",-1,279,-1,False,"홍련의 해방자",0,12,0,"",False,True,0,False,False,True,False,False,True,0,False,False
761,"e3fc","ex2/02_est_e3/fld/e3fc/level/e3fc",1,"오사드","오사드","대초원의 사냥터","e3fc/00","LoadingImage#10",2,"TerritoryIntendedUse#10","리오레우스 수렵전",False,0,False,0,True,False,False,False,"BGMSituation#1001",,,,"QuestBattle#0","",-1,281,-1,False,"홍련의 해방자",0,0,0,"",False,True,0,False,False,False,False,False,True,0,False,False
762,"e3fc_2","ex2/02_est_e3/fld/e3fc/level/e3fc",1,"오사드","오사드","대초원의 사냥터","e3fc/00","LoadingImage#10",2,"TerritoryIntendedUse#10","극 리오레우스 수렵전",False,0,False,0,True,False,False,False,"BGMSituation#1001",,,,"QuestBattle#0","",-1,282,-1,False,"홍련의 해방자",0,0,0,"",False,True,0,False,False,False,False,False,True,0,False,False
763,"z3fb","ex2/05_zon_z3/fld/z3fb/level/z3fb",1,"???","","에우레카: 파고스 지대","z3fb/00","LoadingImage#1",3,"TerritoryIntendedUse#41","금단의 땅 에우레카: 파고스편",False,94,False,1,True,False,True,False,"music/ex2/BGM_EX2_EU_Field.scd",,,,"QuestBattle#0","",-1,0,-1,False,"홍련의 해방자",0,0,0,"",False,True,0,False,False,False,False,False,True,0,False,False
764,"e3e8","ex2/02_est_e3/evt/e3e8/level/e3e8",1,"오사드","오사드","레이센 신사","e3e8/00","LoadingImage#10",0,"TerritoryIntendedUse#15","",False,0,False,0,True,False,False,False,"music/ex2/BGM_EX2_Field_Iroha.scd",,,"ArrayEventHandler#853789","QuestBattle#0","오노코로 섬",-1,0,-1,False,"홍련의 해방자",0,0,0,"",False,True,0,False,False,False,False,False,True,0,False,False
765,"","",0,"","","","","LoadingImage#0",0,"TerritoryIntendedUse#0","",False,0,False,0,False,False,False,False,"",,,,"QuestBattle#0","",0,0,0,False,"신생 에오르제아",0,0,0,"",False,False,0,False,False,False,False,False,False,0,False,False
766,"","",0,"","","","","LoadingImage#0",0,"TerritoryIntendedUse#0","",False,0,False,0,False,False,False,False,"",,,,"QuestBattle#0","",0,0,0,False,"신생 에오르제아",0,0,0,"",False,False,0,False,False,False,False,False,False,0,False,False
767,"","",0,"","","","","LoadingImage#0",0,"TerritoryIntendedUse#0","",False,0,False,0,False,False,False,False,"",,,,"QuestBattle#0","",0,0,0,False,"신생 에오르제아",0,0,0,"",False,False,0,False,False,False,False,False,False,0,False,False
768,"e3d6","ex2/02_est_e3/dun/e3d6/level/e3d6",1,"오사드","오사드","강엔 종묘","e3d6/01","LoadingImage#10",2,"TerritoryIntendedUse#3","강엔 종묘",False,0,False,0,True,False,False,False,"BGMSituation#1001",,,,"QuestBattle#0","",-1,312,-1,False,"홍련의 해방자",0,0,0,"",False,True,0,False,False,False,False,False,True,0,False,False
769,"ec009","ex2/02_est_e3/evt/e3e9/level/e3e9",1,"오사드","오사드","영구 초토지대","default/00","LoadingImage#10",1,"TerritoryIntendedUse#29","'새벽'의 소년",False,0,False,0,True,False,False,False,"BGMSituation#1001",,,,"QuestBattle#0","",1200,291,-1,False,"홍련의 해방자",0,0,0,"",False,True,0,False,False,True,False,False,True,0,False,False
770,"e3c1","ex2/02_est_e3/cnt/e3c1/level/e3c1",1,"오사드","오사드","천궁탑","","LoadingImage#10",2,"TerritoryIntendedUse#31","",False,0,False,0,True,False,False,False,"BGMSituation#1001",,,,"QuestBattle#0","",-1,313,-1,False,"홍련의 해방자",0,0,0,"",False,True,0,False,False,False,False,False,True,0,False,False
771,"e3c2","ex2/02_est_e3/cnt/e3c2/level/e3c2",1,"오사드","오사드","천궁탑","","LoadingImage#10",2,"TerritoryIntendedUse#31","",False,0,False,0,True,False,False,False,"BGMSituation#1001",,,,"QuestBattle#0","",-1,314,-1,False,"홍련의 해방자",0,0,0,"",False,True,0,False,False,False,False,False,True,0,False,False
772,"e3c3","ex2/02_est_e3/cnt/e3c3/level/e3c3",1,"오사드","오사드","천궁탑","","LoadingImage#10",2,"TerritoryIntendedUse#31","",False,0,False,0,True,False,False,False,"BGMSituation#1001",,,,"QuestBattle#0","",-1,315,-1,False,"홍련의 해방자",0,0,0,"",False,True,0,False,False,False,False,False,True,0,False,False
773,"e3c4","ex2/02_est_e3/cnt/e3c4/level/e3c4",1,"오사드","오사드","천궁탑","","LoadingImage#10",2,"TerritoryIntendedUse#31","",False,0,False,0,True,False,False,False,"BGMSituation#1001",,,,"QuestBattle#0","",-1,317,-1,False,"홍련의 해방자",0,0,0,"",False,True,0,False,False,False,False,False,True,0,False,False
774,"e3c5","ex2/02_est_e3/cnt/e3c5/level/e3c5",1,"오사드","오사드","천궁탑","","LoadingImage#10",2,"TerritoryIntendedUse#31","",False,0,False,0,True,False,False,False,"BGMSituation#1001",,,,"QuestBattle#0","",-1,319,-1,False,"홍련의 해방자",0,0,0,"",False,True,0,False,False,False,False,False,True,0,False,False
775,"e3c6","ex2/02_est_e3/cnt/e3c6/level/e3c6",1,"오사드","오사드","천궁탑","","LoadingImage#10",2,"TerritoryIntendedUse#31","",False,0,False,0,True,False,False,False,"BGMSituation#1001",,,,"QuestBattle#0","",-1,321,-1,False,"홍련의 해방자",0,0,0,"",False,True,0,False,False,False,False,False,True,0,False,False
776,"z3r2","ex2/05_zon_z3/rad/z3r2/level/z3r2",1,"???","","리도르아나 대등대","z3r2/01","LoadingImage#1",2,"TerritoryIntendedUse#8","대등대 리도르아나",False,0,False,0,True,False,False,False,"BGMSituation#1001",,,"ArrayEventHandler#853820","QuestBattle#0","",-1,0,-1,False,"홍련의 해방자",0,0,0,"",False,True,0,False,False,False,False,False,True,0,False,False
777,"w1fz","ffxiv/wil_w1/fld/w1fz/level/w1fz",1,"???","","금절환상","w1fz/00","LoadingImage#1",2,"TerritoryIntendedUse#17","절 알테마 웨폰 파괴작전",False,26,False,0,True,False,False,False,"BGMSituation#1001",,,,"QuestBattle#0","",-1,292,-1,False,"홍련의 해방자",0,0,0,"",False,True,0,False,False,False,False,False,True,0,False,False
778,"e3fd","ex2/02_est_e3/fld/e3fd/level/e3fd",1,"오사드","오사드","카스트룸 플루미니스","e3fd/00","LoadingImage#10",2,"TerritoryIntendedUse#10","츠쿠요미 토벌전",False,0,False,0,True,False,False,False,"BGMSituation#1001",,,,"QuestBattle#0","",-1,284,-1,False,"홍련의 해방자",0,0,0,"",False,True,0,False,False,False,False,False,True,0,False,False
779,"e3fd_2","ex2/02_est_e3/fld/e3fd/level/e3fd",1,"오사드","오사드","카스트룸 플루미니스","e3fd/00","LoadingImage#10",2,"TerritoryIntendedUse#10","극 츠쿠요미 토벌전",False,0,False,0,True,False,False,False,"BGMSituation#1001",,,,"QuestBattle#0","",-1,283,-1,False,"홍련의 해방자",0,0,0,"",False,True,0,False,False,False,False,False,True,0,False,False
780,"e3ed","ex2/02_est_e3/evt/e3ed/level/e3ed",1,"오사드","오사드","천궁탑","default/00","LoadingImage#10",0,"TerritoryIntendedUse#12","",False,0,False,0,True,False,False,False,"BGMSituation#1001",,,,"QuestBattle#0","오노코로 섬",-1,0,-1,False,"홍련의 해방자",0,0,0,"",False,True,0,False,False,False,False,False,True,0,False,False
781,"e0199","ex2/02_est_e3/evt/e3e8/level/e3e8",1,"오사드","오사드","레이센 신사 참뱃길","default/00","LoadingImage#10",3,"TerritoryIntendedUse#9","",False,0,False,0,True,False,False,False,"music/ex2/BGM_EX2_Boss_Battle_01.scd",,,,"QuestBattle#183","",-1,290,-1,False,"홍련의 해방자",0,0,0,"",False,True,0,False,False,True,False,False,True,0,False,False
782,"e3c3_2","ex2/02_est_e3/cnt/e3c3/level/e3c3",1,"오사드","오사드","천궁탑","","LoadingImage#10",2,"TerritoryIntendedUse#31","",False,0,False,0,True,False,False,False,"BGMSituation#1001",,,,"QuestBattle#0","",-1,316,-1,False,"홍련의 해방자",0,0,0,"",False,True,0,False,False,False,False,False,True,0,False,False
783,"e3c4_2","ex2/02_est_e3/cnt/e3c4/level/e3c4",1,"오사드","오사드","천궁탑","","LoadingImage#10",2,"TerritoryIntendedUse#31","",False,0,False,0,True,False,False,False,"BGMSituation#1001",,,,"QuestBattle#0","",-1,318,-1,False,"홍련의 해방자",0,0,0,"",False,True,0,False,False,False,False,False,True,0,False,False
784,"e3c5_2","ex2/02_est_e3/cnt/e3c5/level/e3c5",1,"오사드","오사드","천궁탑","","LoadingImage#10",2,"TerritoryIntendedUse#31","",False,0,False,0,True,False,False,False,"BGMSituation#1001",,,,"QuestBattle#0","",-1,320,-1,False,"홍련의 해방자",0,0,0,"",False,True,0,False,False,False,False,False,True,0,False,False
785,"e3c6_2","ex2/02_est_e3/cnt/e3c6/level/e3c6",1,"오사드","오사드","천궁탑","","LoadingImage#10",2,"TerritoryIntendedUse#31","",False,0,False,0,True,False,False,False,"BGMSituation#1001",,,,"QuestBattle#0","",-1,322,-1,False,"홍련의 해방자",0,0,0,"",False,True,0,False,False,False,False,False,True,0,False,False
786,"e3ee","ex2/02_est_e3/evt/e3ee/level/e3ee",1,"오사드","오사드","카스트룸 플루미니스","e3ee/00","LoadingImage#10",0,"TerritoryIntendedUse#15","",False,0,False,0,True,False,False,False,,,,"ArrayEventHandler#853822","QuestBattle#0","나마이 마을",-1,0,-1,False,"홍련의 해방자",0,0,0,"",False,True,0,False,False,False,False,False,True,0,False,False
787,"z3r2_event","ex2/05_zon_z3/rad/z3r2/level/z3r2",1,"???","","리도르아나 대폭포","default/00","LoadingImage#1",0,"TerritoryIntendedUse#15","",False,0,False,0,True,False,False,False,"music/ex2/BGM_EX2_Rti_13.scd",,,"ArrayEventHandler#853826","QuestBattle#0","쿠가네",-1,0,-1,False,"홍련의 해방자",0,0,0,"",False,True,0,False,False,False,False,False,True,0,False,False
788,"d2d9","ex1/02_dra_d2/dun/d2d9/level/d2d9",1,"드라바니아","드라바니아","성 모샨 식물원","d2d9/01","LoadingImage#8",2,"TerritoryIntendedUse#3","성 모샨 식물원(어려움)",False,0,False,0,True,False,False,False,"BGMSituation#1001",,,,"QuestBattle#0","",-1,333,-1,False,"홍련의 해방자",0,0,0,"",False,True,0,False,False,False,False,False,True,0,False,False
789,"","",0,"","","","","LoadingImage#0",0,"TerritoryIntendedUse#0","",False,0,False,0,False,False,False,False,"",,,,"QuestBattle#0","",0,0,0,False,"신생 에오르제아",0,0,0,"",False,False,0,False,False,False,False,False,False,0,False,False
790,"w1t1_5th","ffxiv/wil_w1/twn/w1t1/level/w1t1",1,"다날란","울다하","울다하 날 회랑","w1t1/01","LoadingImage#4",3,"TerritoryIntendedUse#43","신생제 군사훈련",False,95,True,0,True,False,False,False,"music/ffxiv/BGM_Season_Answers.scd",,,"ArrayEventHandler#852086","QuestBattle#0","울다하 날 회랑",-1,0,2,False,"신생 에오르제아",0,0,0,"",False,True,0,False,False,False,False,False,True,0,False,False
791,"w1p1","ffxiv/pvp_xx/pvp/w1p1/level/w1p1",4,"다날란","늑대우리","숨겨진 보루","w1p1/00","LoadingImage#4",2,"TerritoryIntendedUse#39","숨겨진 보루(기공전)",False,0,False,0,True,False,True,True,"BGMSituation#1001",,,,"QuestBattle#0","",-1,355,-1,True,"신생 에오르제아",0,0,0,"",False,True,0,False,False,False,False,False,True,0,False,False
792,"w1eg","ffxiv/wil_w1/evt/w1eg/level/w1eg",1,"다날란","골드 소서","벨라흐디아 유적풍 특설 경기장","default/00","LoadingImage#4",3,"TerritoryIntendedUse#44","뛰어라! 점핑 운동회",False,0,False,0,True,False,False,False,"music/ffxiv/BGM_GlodSaucer_GATE.scd",,,,"QuestBattle#0","",-1,0,-1,False,"신생 에오르제아",0,0,0,"",False,True,0,False,False,False,False,False,True,0,False,False
793,"","",0,"","","","","LoadingImage#0",0,"TerritoryIntendedUse#0","",False,0,False,0,False,False,False,False,"",,,,"QuestBattle#0","",0,0,0,False,"신생 에오르제아",0,0,0,"",False,False,0,False,False,False,False,False,False,0,False,False
794,"o3c2","ex2/03_ocn_o3/cnt/o3c2/level/o3c2",1,"???","","우즈네어 운하 제전","o3c2/00","LoadingImage#1",3,"TerritoryIntendedUse#33","보물고 우즈네어 운하 제전",False,0,False,0,True,False,False,False,"BGMSituation#1001",,,,"QuestBattle#0","",-1,341,-1,False,"홍련의 해방자",0,0,0,"",False,True,0,False,False,False,False,False,True,0,False,False
795,"z3fc","ex2/05_zon_z3/fld/z3fc/level/z3fc",1,"???","","에우레카: 피로스 지대","z3fc/00","LoadingImage#1",3,"TerritoryIntendedUse#41","금단의 땅 에우레카: 피로스편",False,96,False,1,True,False,True,False,"music/ex2/BGM_EX2_EU_Field.scd",,,,"QuestBattle#0","",-1,0,-1,False,"홍련의 해방자",0,23,0,"",False,True,0,False,False,False,False,False,True,0,False,False
796,"w1tz","ffxiv/wil_w1/twn/w1tz/level/w1tz",1,"다날란","울다하","청공 투기장","w1tz/00","LoadingImage#4",1,"TerritoryIntendedUse#45","데뷔전",False,0,False,0,True,False,False,False,"BGMSituation#1001",,,,"QuestBattle#0","",-1,0,-1,False,"신생 에오르제아",0,0,0,"",False,True,0,False,False,False,False,False,True,0,False,False
797,"ec010","ex2/02_est_e3/fld/e3f3/level/e3f3",1,"오사드","오사드","아짐 대초원","e3f3/00","LoadingImage#10",1,"TerritoryIntendedUse#29","쐐기돌 동굴",False,0,False,0,True,False,False,False,"BGMSituation#1001",,,,"QuestBattle#0","",1000,336,-1,False,"홍련의 해방자",0,17,0,"",False,True,0,False,False,True,False,False,True,0,False,False
798,"z3oc","ex2/05_zon_z3/ome/z3oc/level/z3oc",1,"기라바니아","기라바니아","피험세계 프사이 V1.0","z3oc/00","LoadingImage#9",2,"TerritoryIntendedUse#17","차원의 틈 오메가: 알파편 1",False,92,False,0,True,False,False,False,"BGMSituation#1001",,,,"QuestBattle#0","",-1,331,-1,False,"홍련의 해방자",0,0,0,"",False,True,0,False,False,False,False,False,True,0,False,False
799,"z3od","ex2/05_zon_z3/ome/z3od/level/z3od",1,"기라바니아","기라바니아","피험세계 프사이 V2.0","z3od/00","LoadingImage#9",2,"TerritoryIntendedUse#17","차원의 틈 오메가: 알파편 2",False,92,False,0,True,False,False,False,"BGMSituation#1001",,,,"QuestBattle#0","",-1,337,-1,False,"홍련의 해방자",0,0,0,"",False,True,0,False,False,False,False,False,True,0,False,False
800,"z3oe","ex2/05_zon_z3/ome/z3oe/level/z3oe",1,"기라바니아","기라바니아","차원의 틈","z3oe/00","LoadingImage#9",2,"TerritoryIntendedUse#17","차원의 틈 오메가: 알파편 3",False,92,False,0,True,False,False,False,"BGMSituation#1001",,,,"QuestBattle#0","",-1,339,-1,False,"홍련의 해방자",0,0,0,"",False,True,0,False,False,False,False,False,True,0,False,False
801,"z3of","ex2/05_zon_z3/ome/z3of/level/z3of",1,"기라바니아","기라바니아","차원의 틈","z3of/00","LoadingImage#9",2,"TerritoryIntendedUse#17","차원의 틈 오메가: 알파편 4",False,92,False,0,True,False,False,False,"BGMSituation#1001",,,,"QuestBattle#0","",-1,328,-1,False,"홍련의 해방자",0,0,0,"",False,True,0,False,False,False,False,False,True,0,False,False
802,"z3oc_2","ex2/05_zon_z3/ome/z3oc/level/z3oc",1,"기라바니아","기라바니아","피험세계 프사이 V1.0","z3oc/00","LoadingImage#9",2,"TerritoryIntendedUse#17","차원의 틈 오메가: 알파편(영웅) 1",False,92,False,0,True,False,False,False,"BGMSituation#1001",,,,"QuestBattle#0","",-1,332,-1,False,"홍련의 해방자",0,0,0,"",False,True,0,False,False,False,False,False,True,0,False,False
803,"z3od_2","ex2/05_zon_z3/ome/z3od/level/z3od",1,"기라바니아","기라바니아","피험세계 프사이 V2.0","z3od/00","LoadingImage#9",2,"TerritoryIntendedUse#17","차원의 틈 오메가: 알파편(영웅) 2",False,92,False,0,True,False,False,False,"BGMSituation#1001",,,,"QuestBattle#0","",-1,338,-1,False,"홍련의 해방자",0,0,0,"",False,True,0,False,False,False,False,False,True,0,False,False
804,"z3oe_2","ex2/05_zon_z3/ome/z3oe/level/z3oe",1,"기라바니아","기라바니아","차원의 틈","z3oe/00","LoadingImage#9",2,"TerritoryIntendedUse#17","차원의 틈 오메가: 알파편(영웅) 3",False,92,False,0,True,False,False,False,"BGMSituation#1001",,,,"QuestBattle#0","",-1,340,-1,False,"홍련의 해방자",0,0,0,"",False,True,0,False,False,False,False,False,True,0,False,False
805,"z3of_2","ex2/05_zon_z3/ome/z3of/level/z3of",1,"기라바니아","기라바니아","차원의 틈","z3of/00","LoadingImage#9",2,"TerritoryIntendedUse#17","차원의 틈 오메가: 알파편(영웅) 4",False,92,False,0,True,False,False,False,"BGMSituation#1001",,,,"QuestBattle#0","",-1,329,-1,False,"홍련의 해방자",0,0,0,"",False,True,0,False,False,False,False,False,True,0,False,False
806,"e3ff","ex2/02_est_e3/fld/e3ff/level/e3ff",1,"오사드","오사드","쿠가네 대교","e3ff/00","LoadingImage#10",2,"TerritoryIntendedUse#10","진 요우진보 토벌전",False,0,False,0,True,False,False,False,"BGMSituation#1001",,,,"QuestBattle#0","",-1,327,-1,False,"홍련의 해방자",0,0,0,"",False,True,0,False,False,False,False,False,True,0,False,False
807,"z3e8","ex2/05_zon_z3/ome/z3ob/level/z3ob",1,"기라바니아","기라바니아","차원의 틈","default/00","LoadingImage#9",0,"TerritoryIntendedUse#12","",False,92,False,0,True,False,False,False,"music/ex2/BGM_EX2_Omega_01.scd",,,"ArrayEventHandler#853842","QuestBattle#0","카스트룸 오리엔스",-1,0,-1,False,"홍련의 해방자",0,24,0,"",False,True,0,False,False,False,False,False,True,0,False,False
808,"z3e9","ex2/05_zon_z3/ome/z3of/level/z3of",1,"기라바니아","기라바니아","차원의 틈","default/00","LoadingImage#9",0,"TerritoryIntendedUse#15","",False,92,False,0,True,False,False,False,"music/ex2/BGM_EX2_Omega_01.scd",,,"ArrayEventHandler#853847","QuestBattle#0","카스트룸 오리엔스",-1,0,-1,False,"홍련의 해방자",0,0,0,"",False,True,0,False,False,False,False,False,True,0,False,False
809,"f1d9_event","ffxiv/fst_f1/dun/f1d9/level/f1d9",1,"검은장막 숲","검은장막 숲","유령의 집","f1d9/01","LoadingImage#3",0,"TerritoryIntendedUse#32","",False,0,False,0,True,False,True,False,"music/ffxiv/BGM_Season_HalloweenD.scd",,,,"QuestBattle#0","굽은가지 목장",-1,0,-1,False,"신생 에오르제아",0,0,0,"",False,True,0,False,False,False,False,False,True,0,False,False
810,"e3fe","ex2/02_est_e3/fld/e3fe/level/e3fe",1,"오사드","오사드","지옥받침","e3fe/00","LoadingImage#10",2,"TerritoryIntendedUse#10","주작 토벌전",False,98,False,0,True,False,False,False,"BGMSituation#1001",,,,"QuestBattle#0","",-1,334,-1,False,"홍련의 해방자",0,0,0,"",False,True,0,False,False,False,False,False,True,0,False,False
811,"e3fe_2","ex2/02_est_e3/fld/e3fe/level/e3fe",1,"오사드","오사드","지옥받침","e3fe/00","LoadingImage#10",2,"TerritoryIntendedUse#10","극 주작 토벌전",False,98,False,0,True,False,False,False,"BGMSituation#1001",,,,"QuestBattle#0","",-1,335,-1,False,"홍련의 해방자",0,0,0,"",False,True,0,False,False,False,False,False,True,0,False,False
812,"z3e8_2","ex2/05_zon_z3/ome/z3ob/level/z3ob",1,"기라바니아","기라바니아","차원의 틈","default/00","LoadingImage#9",0,"TerritoryIntendedUse#12","",False,92,False,0,True,False,False,False,"music/ex2/BGM_EX2_Omega_01.scd",,,"ArrayEventHandler#853846","QuestBattle#0","카스트룸 오리엔스",-1,0,-1,False,"홍련의 해방자",0,0,0,"",False,True,0,False,False,False,False,False,True,0,False,False
813,"n4f1","ex3/01_nvt_n4/fld/n4f1/level/n4f1",1,"노르브란트","노르브란트","레이크랜드","n4f1/00","LoadingImage#13",0,"TerritoryIntendedUse#1","",False,106,False,0,True,True,True,False,,,,"ArrayEventHandler#853883","QuestBattle#0","좁 요새",-1,0,-1,False,"칠흑의 반역자",0,26,13,"",False,True,1,False,False,False,False,False,True,30,False,False
814,"n4f2","ex3/01_nvt_n4/fld/n4f2/level/n4f2",1,"노르브란트","노르브란트","콜루시아 섬","n4f2/00","LoadingImage#14",0,"TerritoryIntendedUse#1","",False,107,False,0,True,True,True,False,,,,"ArrayEventHandler#853888","QuestBattle#0","멈춘 물결",-1,0,-1,False,"칠흑의 반역자",0,27,16,"",False,True,2,False,False,False,False,False,True,31,False,False
815,"n4f3","ex3/01_nvt_n4/fld/n4f3/level/n4f3",1,"노르브란트","노르브란트","아므 아랭","n4f3/00","LoadingImage#15",0,"TerritoryIntendedUse#1","",False,108,False,0,True,True,True,False,,,,"ArrayEventHandler#853886","QuestBattle#0","모르드 수크",-1,0,-1,False,"칠흑의 반역자",0,0,14,"",False,True,3,False,False,False,False,False,True,32,False,False
816,"n4f4","ex3/01_nvt_n4/fld/n4f4/level/n4f4",1,"노르브란트","노르브란트","일 메그","n4f4/00","LoadingImage#16",0,"TerritoryIntendedUse#1","",False,109,False,0,True,True,True,False,,,,"ArrayEventHandler#853894","QuestBattle#0","리다 란",-1,0,-1,False,"칠흑의 반역자",0,0,15,"",False,True,4,False,False,False,False,False,True,33,False,False
817,"n4f5","ex3/01_nvt_n4/fld/n4f5/level/n4f5",1,"노르브란트","노르브란트","라케티카 대삼림","n4f5/00","LoadingImage#17",0,"TerritoryIntendedUse#1","",False,110,False,0,True,True,True,False,,,,"ArrayEventHandler#853891","QuestBattle#0","똬리가지 마을",-1,0,-1,False,"칠흑의 반역자",0,28,17,"",False,True,5,False,False,False,False,False,True,34,False,False
818,"n4f6","ex3/01_nvt_n4/fld/n4f6/level/n4f6",1,"노르브란트","노르브란트","템페스트","n4f6/00","LoadingImage#18",0,"TerritoryIntendedUse#1","",False,111,False,0,True,True,True,False,"BGMSituation#1265",,,"ArrayEventHandler#853913","QuestBattle#0","온도 바다웅덩이",-1,0,-1,False,"칠흑의 반역자",0,29,18,"",False,True,6,False,False,False,False,False,True,35,False,False
819,"n4t1","ex3/01_nvt_n4/twn/n4t1/level/n4t1",1,"노르브란트","크리스타리움","크리스타리움","n4t1/00","LoadingImage#19",0,"TerritoryIntendedUse#0","",False,112,False,0,True,False,False,False,,,,"ArrayEventHandler#854117","QuestBattle#0","크리스타리움",-1,0,-1,False,"칠흑의 반역자",0,30,0,"",False,True,1,True,False,False,False,False,True,0,False,False
820,"n4t2","ex3/01_nvt_n4/twn/n4t2/level/n4t2",1,"노르브란트","율모어","율모어","n4t2/01","LoadingImage#20",0,"TerritoryIntendedUse#0","",False,113,False,0,True,False,False,False,,,,"ArrayEventHandler#853889","QuestBattle#0","율모어",-1,0,-1,False,"칠흑의 반역자",0,31,0,"",False,True,2,True,False,False,False,False,True,0,False,False
821,"n4d2","ex3/01_nvt_n4/dun/n4d2/level/n4d2",1,"노르브란트","노르브란트","도느 메그","n4d2/01","LoadingImage#16",2,"TerritoryIntendedUse#3","도느 메그",False,0,False,0,True,False,False,False,"BGMSituation#1001",,,,"QuestBattle#0","",-1,417,-1,False,"칠흑의 반역자",0,0,0,"",False,True,0,False,False,False,False,False,True,0,False,False
822,"n4d5","ex3/01_nvt_n4/dun/n4d5/level/n4d5",1,"노르브란트","노르브란트","굴그 화산","n4d5/01","LoadingImage#14",2,"TerritoryIntendedUse#3","굴그 화산",False,102,False,0,True,False,False,False,"BGMSituation#1001",,,,"QuestBattle#0","",-1,293,-1,False,"칠흑의 반역자",0,0,0,"",False,True,0,False,False,False,False,False,True,0,False,False
823,"n4d3","ex3/01_nvt_n4/dun/n4d3/level/n4d3",1,"노르브란트","노르브란트","키타나 신굴","n4d3/01","LoadingImage#17",2,"TerritoryIntendedUse#3","키타나 신굴",False,102,False,0,True,False,False,False,"BGMSituation#1001",,,,"QuestBattle#0","",-1,374,-1,False,"칠흑의 반역자",0,0,0,"",False,True,0,False,False,False,False,False,True,0,False,False
824,"e3fg","ex2/02_est_e3/fld/e3fg/level/e3fg",1,"오사드","오사드","뱀신 사당","e3fg/00","LoadingImage#10",2,"TerritoryIntendedUse#10","청룡 토벌전",False,99,False,0,True,False,False,False,"BGMSituation#1001",,,,"QuestBattle#0","",-1,361,-1,False,"홍련의 해방자",0,0,0,"",False,True,0,False,False,False,False,False,True,0,False,False
825,"e3fg_2","ex2/02_est_e3/fld/e3fg/level/e3fg",1,"오사드","오사드","뱀신 사당","e3fg/00","LoadingImage#10",2,"TerritoryIntendedUse#10","극 청룡 토벌전",False,99,False,0,True,False,False,False,"BGMSituation#1001",,,,"QuestBattle#0","",-1,362,-1,False,"홍련의 해방자",0,0,0,"",False,True,0,False,False,False,False,False,True,0,False,False
826,"z3r3","ex2/05_zon_z3/rad/z3r3/level/z3r3",1,"???","","오본느 수도원","z3r3/01","LoadingImage#1",2,"TerritoryIntendedUse#8","오본느 수도원",False,0,False,0,True,False,False,False,"BGMSituation#1001",,,,"QuestBattle#0","",-1,0,-1,False,"홍련의 해방자",0,0,0,"",False,True,0,False,False,False,False,False,True,0,False,False
827,"z3fd","ex2/05_zon_z3/fld/z3fd/level/z3fd",1,"???","","에우레카: 히다토스 지대","z3fd/01","LoadingImage#1",3,"TerritoryIntendedUse#41","금단의 땅 에우레카: 히다토스편",False,100,False,0,True,False,True,False,"music/ex2/BGM_EX2_EU_Field.scd",,,,"QuestBattle#0","",-1,0,-1,False,"홍련의 해방자",0,25,0,"",False,True,0,False,True,False,False,False,True,0,False,False
828,"z3e2_2","ex2/05_zon_z3/evt/z3e2/level/z3e2",1,"???","","프리마비스타 대도구실","z3e2/00","LoadingImage#1",0,"TerritoryIntendedUse#15","",False,0,False,0,True,False,False,False,"music/ex2/BGM_EX2_Rti_05.scd",,,,"QuestBattle#0","쿠가네",-1,0,-1,False,"홍련의 해방자",0,0,0,"",False,True,0,False,False,False,False,False,True,0,False,False
829,"g3e7","ex2/01_gyr_g3/evt/g3e7/level/g3e7",1,"기라바니아","기라바니아","에오르제아 동맹군 본진","g3e7/02","LoadingImage#12",0,"TerritoryIntendedUse#15","",False,0,False,0,True,False,False,False,,,,"ArrayEventHandler#853857","QuestBattle#0","알라미고인 거주구",-1,0,-1,False,"홍련의 해방자",0,0,0,"",False,True,0,False,False,False,False,False,True,0,False,False
830,"ec011","ex2/01_gyr_g3/dun/g3d5/level/g3d5",1,"기라바니아","기라바니아","김리트 황야","g3d5/00","LoadingImage#12",1,"TerritoryIntendedUse#29","영웅을 위한 진혼가",False,0,False,0,True,False,False,False,"BGMSituation#1001",,,,"QuestBattle#0","",-1,367,-1,False,"홍련의 해방자",0,0,0,"",False,True,0,False,False,True,False,False,True,0,False,False
831,"w1eh","ffxiv/wil_w1/evt/w1eh/level/w1eh",1,"다날란","골드 소서","맨더빌 작패유희장","","LoadingImage#4",2,"TerritoryIntendedUse#3","",False,0,False,0,True,False,False,False,"music/ffxiv/BGM_EMJ.scd",,,,"QuestBattle#0","",-1,0,-1,False,"신생 에오르제아",0,0,0,"",False,True,0,False,False,False,False,False,True,0,False,False
832,"w1ei","ffxiv/wil_w1/evt/w1ei/level/w1ei",1,"다날란","골드 소서","골드 소서","","LoadingImage#4",1,"TerritoryIntendedUse#64","",False,0,False,0,True,False,False,False,"BGMSituation#1001",,,,"QuestBattle#0","",-1,0,-1,False,"신생 에오르제아",0,0,0,"",False,True,0,False,False,False,False,False,True,0,False,False
833,"r1fa_event2","ffxiv/roc_r1/fld/r1fa/level/r1fa",1,"커르다스","커르다스","울부짖는 눈 테두리","r1fa/02","LoadingImage#5",0,"TerritoryIntendedUse#7","",False,101,False,0,True,False,False,False,"BGMSituation#1001",,,"ArrayEventHandler#853861","QuestBattle#0","용머리 전진기지",-1,0,-1,False,"신생 에오르제아",0,0,0,"",False,True,0,False,False,False,False,False,True,0,False,False
834,"r1fa_4","ffxiv/roc_r1/fld/r1fa/level/r1fa",1,"커르다스","커르다스","울부짖는 눈 석탑군","r1fa/01","LoadingImage#5",1,"TerritoryIntendedUse#29","바람의 어사",False,101,False,0,True,False,False,False,"BGMSituation#1001",,,,"QuestBattle#0","",-1,371,-1,False,"신생 에오르제아",0,0,0,"",False,True,0,False,False,True,False,False,True,0,False,False
835,"o3c1_3","ex2/03_ocn_o3/cnt/o3c1/level/o3c1",1,"???","","우즈네어 운하","default/00","LoadingImage#1",3,"TerritoryIntendedUse#33","보물고 우즈네어 운하 외층",False,0,False,0,True,False,False,False,"BGMSituation#1001",,,,"QuestBattle#0","",-1,0,-1,False,"홍련의 해방자",0,0,0,"",False,True,0,False,False,False,False,False,True,0,False,False
836,"n4d4","ex3/01_nvt_n4/dun/n4d4/level/n4d4",1,"노르브란트","노르브란트","말리카 큰우물","n4d4/01","LoadingImage#15",2,"TerritoryIntendedUse#3","말리카 큰우물",False,102,False,0,True,False,False,False,"BGMSituation#1001",,,,"QuestBattle#0","",-1,0,-1,False,"칠흑의 반역자",0,0,0,"",False,True,0,False,False,False,False,False,True,0,False,False
837,"n4d1","ex3/01_nvt_n4/dun/n4d1/level/n4d1",1,"노르브란트","노르브란트","홀민스터","n4d1/00","LoadingImage#13",2,"TerritoryIntendedUse#3","홀민스터",False,102,False,0,True,False,False,False,"BGMSituation#1001",,,,"QuestBattle#0","",-1,370,-1,False,"칠흑의 반역자",0,0,0,"",False,True,0,False,False,False,False,False,True,0,False,False
838,"n4d6","ex3/01_nvt_n4/dun/n4d6/level/n4d6",1,"노르브란트","노르브란트","아모로트","n4d6/01","LoadingImage#18",2,"TerritoryIntendedUse#3","아모로트",False,105,False,0,True,False,False,False,"BGMSituation#1001",,,,"QuestBattle#0","",-1,373,-1,False,"칠흑의 반역자",0,0,0,"",False,True,0,False,False,False,False,False,True,0,False,False
839,"e0200","ffxiv/fst_f1/fld/f1f2/level/f1f2",1,"검은장막 숲","검은장막 숲","검은장막 숲 동부삼림","f1f2/00","LoadingImage#3",3,"TerritoryIntendedUse#9","",False,0,False,0,True,False,False,False,"music/ffxiv/BGM_Event_BKC09.scd",,,,"QuestBattle#184","",100,369,-1,False,"신생 에오르제아",0,0,0,"",False,True,0,False,False,True,False,False,True,0,False,False
840,"n4d7","ex3/01_nvt_n4/dun/n4d7/level/n4d7",1,"노르브란트","노르브란트","쌍둥이 시르쿠스","n4d7/01","LoadingImage#19",2,"TerritoryIntendedUse#3","쌍둥이 시르쿠스",False,0,False,0,True,False,False,False,"BGMSituation#1001",,,,"QuestBattle#0","",-1,375,-1,False,"칠흑의 반역자",0,0,0,"",False,True,0,False,False,False,False,False,True,0,False,False
841,"n4d8","ex3/01_nvt_n4/dun/n4d8/level/n4d8",1,"노르브란트","노르브란트","애나이더 아카데미아","n4d8/01","LoadingImage#18",2,"TerritoryIntendedUse#3","애나이더 아카데미아",False,0,False,0,True,False,False,False,"BGMSituation#1001",,,,"QuestBattle#0","",-1,309,-1,False,"칠흑의 반역자",0,0,0,"",False,True,0,False,False,False,False,False,True,0,False,False
842,"l1e5","ffxiv/lak_l1/evt/l1e5/level/l1e5",1,"모르도나","모르도나","시르쿠스 협간","l1e5/00","LoadingImage#6",0,"TerritoryIntendedUse#15","",False,0,False,0,True,False,False,False,"BGMSituation#1280",,,,"QuestBattle#0","망자의 종소리",-1,0,-1,False,"칠흑의 반역자",0,0,0,"",False,True,0,False,False,False,False,False,True,0,False,False
843,"n4ti","ex3/01_nvt_n4/twn/n4ti/level/n4ti",1,"노르브란트","크리스타리움","펜던트 거주관: 거주실","n4ti/00","LoadingImage#19",0,"TerritoryIntendedUse#2","",False,112,False,0,True,False,False,False,"BGMSituation#1282",,,"ArrayEventHandler#853884","QuestBattle#0","크리스타리움",-1,0,-1,False,"칠흑의 반역자",0,33,0,"",False,True,1,False,False,False,False,False,True,0,False,False
844,"n4e1","ex3/01_nvt_n4/evt/n4e1/level/n4e1",1,"노르브란트","크리스타리움","성견의 방","n4e1/00","LoadingImage#19",0,"TerritoryIntendedUse#15","",False,0,False,0,True,False,False,False,,,,"ArrayEventHandler#853887","QuestBattle#0","크리스타리움",-1,0,-1,False,"칠흑의 반역자",0,0,0,"",False,True,1,False,False,False,False,False,True,0,False,False
845,"n4fa","ex3/01_nvt_n4/fld/n4fa/level/n4fa",1,"노르브란트","노르브란트","요정왕의 무도회장","n4fa/00","LoadingImage#16",2,"TerritoryIntendedUse#10","티타니아 토벌전",False,103,False,0,True,False,False,False,"BGMSituation#1001",,,,"QuestBattle#0","",-1,393,-1,False,"칠흑의 반역자",0,0,0,"",False,True,0,False,False,False,False,False,True,0,False,False
846,"n4fb","ex3/01_nvt_n4/fld/n4fb/level/n4fb",1,"노르브란트","노르브란트","무원죄 왕관","n4fb/00","LoadingImage#14",2,"TerritoryIntendedUse#10","이노센스 토벌전",False,104,False,0,True,False,False,False,"BGMSituation#1001",,,"ArrayEventHandler#853916","QuestBattle#0","",-1,395,-1,False,"칠흑의 반역자",0,0,0,"",False,True,0,False,False,False,False,False,True,0,False,False
847,"n4fc","ex3/01_nvt_n4/fld/n4fc/level/n4fc",1,"노르브란트","노르브란트","종말의 아모로트","n4fc/00","LoadingImage#18",2,"TerritoryIntendedUse#10","하데스 토벌전",False,105,False,0,True,False,False,False,"BGMSituation#1001",,,,"QuestBattle#0","",2000,379,-1,False,"칠흑의 반역자",0,0,0,"",False,True,0,False,False,False,False,False,True,0,False,False
848,"n4fb_2","ex3/01_nvt_n4/fld/n4fb/level/n4fb",1,"노르브란트","노르브란트","무원죄 왕관","n4fb/00","LoadingImage#14",2,"TerritoryIntendedUse#10","극 이노센스 토벌전",False,104,False,0,True,False,False,False,"BGMSituation#1001",,,,"QuestBattle#0","",-1,396,-1,False,"칠흑의 반역자",0,0,0,"",False,True,0,False,False,False,False,False,True,0,False,False
849,"n4g1","ex3/01_nvt_n4/goe/n4g1/level/n4g1",1,"노르브란트","노르브란트","에덴 중추","n4g1/00","LoadingImage#15",2,"TerritoryIntendedUse#17","희망의 낙원 에덴: 각성편 1",False,0,False,0,True,False,False,False,"BGMSituation#1001",,,,"QuestBattle#0","",-1,386,-1,False,"칠흑의 반역자",0,0,0,"",False,True,0,False,False,False,False,False,True,0,False,False
850,"n4g2","ex3/01_nvt_n4/goe/n4g2/level/n4g2",1,"노르브란트","노르브란트","에덴 갑판","n4g2/00","LoadingImage#15",2,"TerritoryIntendedUse#17","희망의 낙원 에덴: 각성편 2",False,0,False,0,True,False,False,False,"BGMSituation#1001",,,,"QuestBattle#0","",-1,377,-1,False,"칠흑의 반역자",0,0,0,"",False,True,0,False,False,False,False,False,True,0,False,False
851,"n4g3","ex3/01_nvt_n4/goe/n4g3/level/n4g3",1,"노르브란트","노르브란트","네레우스 해연","n4g3/00","LoadingImage#15",2,"TerritoryIntendedUse#17","희망의 낙원 에덴: 각성편 3",False,38,False,0,True,False,False,False,"BGMSituation#1001",,,,"QuestBattle#0","",-1,382,-1,False,"칠흑의 반역자",0,0,0,"",False,True,0,False,False,False,False,False,True,0,False,False
852,"n4g4","ex3/01_nvt_n4/goe/n4g4/level/n4g4",1,"노르브란트","노르브란트","아틀라스 산꼭대기","n4g4/00","LoadingImage#15",2,"TerritoryIntendedUse#17","희망의 낙원 에덴: 각성편 4",False,23,False,0,True,False,False,False,"BGMSituation#1001",,,,"QuestBattle#0","",-1,380,-1,False,"칠흑의 반역자",0,0,0,"",False,True,0,False,False,False,True,False,True,0,False,False
853,"n4g1_2","ex3/01_nvt_n4/goe/n4g1/level/n4g1",1,"노르브란트","노르브란트","에덴 중추","n4g1/00","LoadingImage#15",2,"TerritoryIntendedUse#17","희망의 낙원 에덴: 각성편(영웅) 1",False,0,False,0,True,False,False,False,"BGMSituation#1001",,,,"QuestBattle#0","",-1,387,-1,False,"칠흑의 반역자",0,0,0,"",False,True,0,False,False,False,False,False,True,0,False,False
854,"n4g2_2","ex3/01_nvt_n4/goe/n4g2/level/n4g2",1,"노르브란트","노르브란트","에덴 갑판","n4g2/00","LoadingImage#15",2,"TerritoryIntendedUse#17","희망의 낙원 에덴: 각성편(영웅) 2",False,0,False,0,True,False,False,False,"BGMSituation#1001",,,,"QuestBattle#0","",-1,378,-1,False,"칠흑의 반역자",0,0,0,"",False,True,0,False,False,False,False,False,True,0,False,False
855,"n4g3_2","ex3/01_nvt_n4/goe/n4g3/level/n4g3",1,"노르브란트","노르브란트","네레우스 해연","n4g3/00","LoadingImage#15",2,"TerritoryIntendedUse#17","희망의 낙원 에덴: 각성편(영웅) 3",False,38,False,0,True,False,False,False,"BGMSituation#1001",,,,"QuestBattle#0","",-1,383,-1,False,"칠흑의 반역자",0,0,0,"",False,True,0,False,False,False,False,False,True,0,False,False
856,"n4g4_2","ex3/01_nvt_n4/goe/n4g4/level/n4g4",1,"노르브란트","노르브란트","아틀라스 산꼭대기","n4g4/00","LoadingImage#15",2,"TerritoryIntendedUse#17","희망의 낙원 에덴: 각성편(영웅) 4",False,23,False,0,True,False,False,False,"BGMSituation#1001",,,,"QuestBattle#0","",-1,381,-1,False,"칠흑의 반역자",0,0,0,"",False,True,0,False,False,False,True,False,True,0,False,False
857,"n4gy","ex3/01_nvt_n4/goe/n4gy/level/n4gy",1,"노르브란트","노르브란트","에덴 중추","default/00","LoadingImage#15",0,"TerritoryIntendedUse#12","",False,0,False,0,True,False,False,False,,,,"ArrayEventHandler#853912","QuestBattle#0","모르드 수크",-1,0,-1,False,"칠흑의 반역자",0,0,0,"",False,True,0,False,False,False,False,False,True,0,False,False
858,"n4fa_2","ex3/01_nvt_n4/fld/n4fa/level/n4fa",1,"노르브란트","노르브란트","요정왕의 무도회장","n4fa/00","LoadingImage#16",2,"TerritoryIntendedUse#10","극 티타니아 토벌전",False,103,False,0,True,False,False,False,"BGMSituation#1001",,,,"QuestBattle#0","",-1,394,-1,False,"칠흑의 반역자",0,0,0,"",False,True,0,False,False,False,False,False,True,0,False,False
859,"ec012","ex3/01_nvt_n4/btl/n4b1/level/n4b1",1,"노르브란트","노르브란트","대 투파사의 신당","default/00","LoadingImage#17",1,"TerritoryIntendedUse#29","함정과 저주와 독",False,102,False,0,True,False,False,False,"BGMSituation#1001",,,,"QuestBattle#0","",-1,376,-1,False,"칠흑의 반역자",0,0,0,"",False,True,0,False,False,True,False,False,True,0,False,False
860,"ec013","ex3/01_nvt_n4/fld/n4f3/level/n4f3",1,"노르브란트","노르브란트","아므 아랭","n4f3/00","LoadingImage#15",1,"TerritoryIntendedUse#29","나바스아렝 폐허",False,102,False,0,True,False,False,False,"BGMSituation#1001",,,,"QuestBattle#0","",-1,413,-1,False,"칠흑의 반역자",0,0,0,"",False,True,0,False,False,True,False,False,True,0,False,False
861,"e0201","ex3/01_nvt_n4/fld/n4f1/level/n4f1",1,"노르브란트","노르브란트","레이크랜드","n4f1/00","LoadingImage#13",3,"TerritoryIntendedUse#9","",False,114,False,0,True,False,False,False,"music/ex3/BGM_EX3_Event_06.scd",,,,"QuestBattle#185","",1200,412,-1,False,"칠흑의 반역자",0,26,0,"",False,True,0,False,False,True,False,False,True,0,False,False
862,"e0202","ex3/01_nvt_n4/fld/n4f1/level/n4f1",1,"노르브란트","노르브란트","레이크랜드","n4f1/00","LoadingImage#13",3,"TerritoryIntendedUse#9","",False,115,False,0,True,False,False,False,"music/ex3/BGM_EX3_Event_06.scd",,,,"QuestBattle#186","",-1,416,-1,False,"칠흑의 반역자",0,26,0,"",False,True,0,False,False,True,False,False,True,0,False,False
863,"e0203","ex3/01_nvt_n4/twn/n4t2/level/n4t2",1,"노르브란트","노르브란트","율모어","n4t2/01","LoadingImage#20",3,"TerritoryIntendedUse#9","",False,102,False,0,True,False,False,False,"BGMSituation#1001",,,,"QuestBattle#191","",-1,372,-1,False,"칠흑의 반역자",0,31,0,"",False,True,0,False,False,True,False,False,True,0,False,False
864,"e0204","ex3/01_nvt_n4/fld/n4f2/level/n4f2",1,"노르브란트","노르브란트","콜루시아 섬","n4f2/00","LoadingImage#14",3,"TerritoryIntendedUse#9","",False,102,False,0,True,False,False,False,"music/ffxiv/BGM_Behest.scd",,,,"QuestBattle#192","",-1,385,-1,False,"칠흑의 반역자",0,27,0,"",False,True,0,False,False,True,False,False,True,0,False,False
865,"e0205","ffxiv/fst_f1/twn/f1t2/level/f1t2",1,"검은장막 숲","그리다니아","그리다니아 구시가지","f1t2/00","LoadingImage#3",3,"TerritoryIntendedUse#9","",False,0,False,0,True,False,False,False,"music/ffxiv/BGM_Town_Gri_Day.scd",,,,"QuestBattle#193","",1200,414,-1,False,"칠흑의 반역자",0,0,0,"",False,True,0,False,False,True,False,False,True,0,False,False
866,"e0206","ex1/01_roc_r2/fld/r2f1/level/r2f1",1,"커르다스","커르다스","커르다스 서부고지","r2f1/00","LoadingImage#5",3,"TerritoryIntendedUse#9","",False,49,False,0,True,False,False,False,"music/ffxiv/BGM_Con_Teikoku_Boss.scd",,,,"QuestBattle#194","",-1,415,-1,False,"칠흑의 반역자",0,0,0,"",False,True,0,False,False,True,False,False,True,0,False,False
867,"e0207","ffxiv/sea_s1/fld/s1f3/level/s1f3",1,"라노시아","라노시아","동부 라노시아","s1f3/01","LoadingImage#2",3,"TerritoryIntendedUse#9","",False,0,False,0,True,False,False,False,"music/ffxiv/BGM_Field_Lim_Beach.scd",,,,"QuestBattle#188","",845,410,-1,False,"칠흑의 반역자",0,0,0,"",False,True,0,False,False,True,False,False,True,0,False,False
868,"e0208","ex2/01_gyr_g3/fld/g3f2/level/g3f2",1,"기라바니아","기라바니아","기라바니아 산악지대","g3f2/00","LoadingImage#9",3,"TerritoryIntendedUse#9","",False,0,False,0,True,False,False,False,"music/ex3/BGM_EX3_Event_12.scd",,,,"QuestBattle#189","",1200,411,-1,False,"칠흑의 반역자",0,0,0,"",False,True,0,False,False,True,False,False,True,0,False,False
869,"e0209","ex3/01_nvt_n4/fld/n4f4/level/n4f4",1,"노르브란트","노르브란트","일 메그","n4f4/00","LoadingImage#16",3,"TerritoryIntendedUse#9","",False,109,False,0,True,False,False,False,"music/ffxiv/BGM_Event_JobShiren.scd",,,,"QuestBattle#187","",-1,390,-1,False,"칠흑의 반역자",0,0,0,"",False,True,4,False,False,True,False,False,True,0,False,False
870,"e0210","ex3/01_nvt_n4/fld/n4f2/level/n4f2",1,"노르브란트","노르브란트","콜루시아 섬","n4f2/00","LoadingImage#14",3,"TerritoryIntendedUse#9","",False,107,False,0,True,False,False,False,"music/ffxiv/BGM_Event_BattleCommon_02.scd",,,,"QuestBattle#195","",-1,391,-1,False,"칠흑의 반역자",0,27,0,"",False,True,2,False,False,True,False,False,True,0,False,False
871,"e0211","ex3/01_nvt_n4/fld/n4f5/level/n4f5",1,"노르브란트","노르브란트","라케티카 대삼림","n4f5/00","LoadingImage#17",3,"TerritoryIntendedUse#9","",False,110,False,0,True,False,False,False,"music/ffxiv/BGM_Event_JobShiren.scd",,,,"QuestBattle#196","",-1,384,-1,False,"칠흑의 반역자",0,0,0,"",False,True,5,False,False,True,False,False,True,0,False,False
872,"e0212","ex3/01_nvt_n4/fld/n4f3/level/n4f3",1,"노르브란트","노르브란트","아므 아랭","n4f3/00","LoadingImage#15",3,"TerritoryIntendedUse#9","",False,108,False,0,True,False,False,False,"music/ffxiv/BGM_Event_JobShiren.scd",,,,"QuestBattle#190","",-1,402,-1,False,"칠흑의 반역자",0,0,0,"",False,True,3,False,False,True,False,False,True,0,False,False
873,"ec014","ex3/01_nvt_n4/fld/n4fa/level/n4fa",1,"노르브란트","노르브란트","요정왕의 무도회장","n4fa/00","LoadingImage#16",1,"TerritoryIntendedUse#29","흔들리는 천칭",False,0,False,0,True,False,False,False,"BGMSituation#1001",,,,"QuestBattle#0","",1200,389,-1,False,"칠흑의 반역자",0,0,0,"",False,True,0,False,False,True,False,False,True,0,False,False
874,"ec015","ex3/01_nvt_n4/fld/n4f5/level/n4f5",1,"노르브란트","노르브란트","라케티카 대삼림","n4f5/00","LoadingImage#17",1,"TerritoryIntendedUse#29","고대의 대재생 마법",False,110,False,0,True,False,False,False,"BGMSituation#1001",,,,"QuestBattle#0","",-1,399,-1,False,"칠흑의 반역자",0,0,0,"",False,True,5,False,False,True,False,False,True,0,False,False
875,"ec016","ex3/01_nvt_n4/fld/n4f5/level/n4f5",1,"노르브란트","노르브란트","라케티카 대삼림","n4f5/00","LoadingImage#17",1,"TerritoryIntendedUse#29","용기 있는 사냥꾼",False,63,False,0,True,False,False,False,"BGMSituation#1001",,,,"QuestBattle#0","",1730,397,-1,False,"칠흑의 반역자",0,0,0,"",False,True,0,False,False,True,False,False,True,0,False,False
876,"ec017","ex3/01_nvt_n4/fld/n4f3/level/n4f3",1,"노르브란트","노르브란트","나바스 광산","n4f3/00","LoadingImage#15",1,"TerritoryIntendedUse#29","나일베르트의 후회",False,0,False,0,True,False,False,False,"BGMSituation#1001",,,,"QuestBattle#0","",1200,401,-1,False,"칠흑의 반역자",0,0,0,"",False,True,0,False,False,True,False,False,True,0,False,False
877,"n4f1_opening","ex3/01_nvt_n4/fld/n4f1/level/n4f1",1,"노르브란트","노르브란트","레이크랜드","n4f1/00","LoadingImage#13",0,"TerritoryIntendedUse#15","",False,102,False,0,True,False,False,False,"BGMSituation#1279",,,"ArrayEventHandler#853895","QuestBattle#0","좁 요새",-1,0,-1,False,"칠흑의 반역자",0,0,0,"",False,True,0,False,False,False,False,False,True,0,False,False
878,"n4gz","ex3/01_nvt_n4/goe/n4gz/level/n4gz",1,"노르브란트","노르브란트","무의 대지","n4gz/00","LoadingImage#15",0,"TerritoryIntendedUse#15","",False,0,False,0,True,False,False,False,,,,"ArrayEventHandler#853896","QuestBattle#0","모르드 수크",-1,0,-1,False,"칠흑의 반역자",0,32,0,"",False,True,7,False,False,False,False,False,True,0,False,False
879,"n4c1","ex3/01_nvt_n4/cnt/n4c1/level/n4c1",1,"노르브란트","노르브란트","리예 기아 지하미궁","default/00","LoadingImage#16",3,"TerritoryIntendedUse#33","보물고 리예 기아 지하미궁",False,0,False,0,True,False,False,False,"BGMSituation#1001",,,,"QuestBattle#0","",-1,409,-1,False,"칠흑의 반역자",0,0,0,"",False,True,0,False,False,False,False,False,True,0,False,False
880,"n4fb_event","ex3/01_nvt_n4/fld/n4fb/level/n4fb",1,"노르브란트","노르브란트","무원죄 왕관","default/00","LoadingImage#14",0,"TerritoryIntendedUse#15","",False,102,False,0,True,False,False,False,"BGMSituation#1283",,,"ArrayEventHandler#853917","QuestBattle#0","멈춘 물결",-1,0,-1,False,"칠흑의 반역자",0,0,0,"",False,True,0,False,False,False,False,False,True,0,False,False
881,"n4fc_event","ex3/01_nvt_n4/fld/n4fc/level/n4fc",1,"노르브란트","노르브란트","종말의 아모로트","n4fc/00","LoadingImage#18",0,"TerritoryIntendedUse#15","",False,116,False,0,True,False,False,False,"BGMSituation#1284",,,"ArrayEventHandler#853915","QuestBattle#0","온도 바다웅덩이",2000,0,-1,False,"칠흑의 반역자",0,0,0,"",False,True,0,False,False,False,False,False,True,0,False,False
882,"n4r1","ex3/01_nvt_n4/rad/n4r1/level/n4r1",1,"노르브란트","노르브란트","복제된 공장 폐허","n4r1/01","LoadingImage#14",2,"TerritoryIntendedUse#8","복제된 공장 폐허",False,0,False,0,True,False,False,False,"BGMSituation#1001",,,,"QuestBattle#0","",-1,0,-1,False,"칠흑의 반역자",0,0,0,"",False,True,0,False,False,True,False,False,True,0,False,False
883,"n4c1_2","ex3/01_nvt_n4/cnt/n4c1/level/n4c1",1,"노르브란트","노르브란트","리예 기아 지하미궁","default/00","LoadingImage#16",3,"TerritoryIntendedUse#33","보물고 리예 기아 지하미궁 외층",False,114,False,0,True,False,False,False,"BGMSituation#1001",,,,"QuestBattle#0","",-1,0,-1,False,"칠흑의 반역자",0,0,0,"",False,True,0,False,False,False,False,False,True,0,False,False
884,"n4d9","ex3/01_nvt_n4/dun/n4d9/level/n4d9",1,"노르브란트","노르브란트","그랑 코스모스","n4d9/01","LoadingImage#13",2,"TerritoryIntendedUse#3","그랑 코스모스",False,0,False,0,True,False,False,False,"BGMSituation#1001",,,,"QuestBattle#0","",-1,419,-1,False,"칠흑의 반역자",0,0,0,"",False,True,0,False,False,False,False,False,True,0,False,False
885,"n4fd","ex3/01_nvt_n4/fld/n4fd/level/n4fd",1,"노르브란트","노르브란트","종말의 아모로트","n4fc/00","LoadingImage#18",2,"TerritoryIntendedUse#10","극 하데스 토벌전",False,105,False,0,True,False,False,False,"BGMSituation#1001",,,,"QuestBattle#0","",2000,427,-1,False,"칠흑의 반역자",0,0,0,"",False,True,0,False,False,False,False,False,True,0,False,False
886,"r1hx","ffxiv/roc_r1/hou/r1hx/level/r1hx",1,"커르다스","이슈가르드","창천 거리","r1hx/00","LoadingImage#5",0,"TerritoryIntendedUse#21","",False,47,False,1,True,False,False,False,"music/ex1/BGM_EX1_Hukko_Finish01.scd",,,"ArrayEventHandler#854173","QuestBattle#0","이슈가르드 하층",-1,429,-1,False,"창천의 이슈가르드",0,35,0,"",False,True,0,False,False,False,False,False,True,0,False,False
887,"d2az","ex1/02_dra_d2/alx/d2az/level/d2az",1,"드라바니아","드라바니아","계차 폐쇄 우주","d2az/00","LoadingImage#8",2,"TerritoryIntendedUse#17","절 알렉산더 토벌전",False,0,False,0,True,False,False,False,"BGMSituation#1001",,,,"QuestBattle#0","",-1,428,-1,False,"칠흑의 반역자",0,0,0,"",False,True,0,False,False,False,False,False,True,0,False,False
888,"e3p1","ffxiv/pvp_xx/pvp/e3p1/level/e3p1",4,"오사드","늑대우리","온살 하카이르","e3p1/00","LoadingImage#10",2,"TerritoryIntendedUse#18","온살 하카이르(계절끝 합전)",False,117,False,0,True,False,True,True,"BGMSituation#1001",,,,"QuestBattle#0","",-1,817,-1,True,"신생 에오르제아",0,0,0,"",False,True,0,False,False,False,False,False,True,0,False,False
889,"n4e9_1","ex3/01_nvt_n4/evt/n4e9/level/n4e9",1,"노르브란트","노르브란트","리예 메그","n4e9/10","LoadingImage#16",0,"TerritoryIntendedUse#7","",False,40,False,0,True,False,False,False,"BGMSituation#1296",,,"ArrayEventHandler#854175","QuestBattle#0","리다 란",800,0,-1,False,"칠흑의 반역자",0,34,0,"",False,True,0,False,False,False,False,False,True,0,False,False
890,"n4e9_2","ex3/01_nvt_n4/evt/n4e9/level/n4e9",1,"노르브란트","노르브란트","리예 메그","n4e9/10","LoadingImage#16",0,"TerritoryIntendedUse#7","",False,0,False,0,True,False,False,False,"BGMSituation#1297",,,"ArrayEventHandler#854166","QuestBattle#0","리다 란",800,0,-1,False,"칠흑의 반역자",0,34,0,"",False,True,0,False,False,False,False,False,True,0,False,False
891,"n4e9_3","ex3/01_nvt_n4/evt/n4e9/level/n4e9",1,"노르브란트","노르브란트","리예 메그","n4e9/10","LoadingImage#16",0,"TerritoryIntendedUse#7","",False,0,False,0,True,False,False,False,"BGMSituation#1297",,,"ArrayEventHandler#854168","QuestBattle#0","리다 란",800,0,-1,False,"칠흑의 반역자",0,34,0,"",False,True,0,False,False,False,False,False,True,0,False,False
892,"n4e9_4","ex3/01_nvt_n4/evt/n4e9/level/n4e9",1,"노르브란트","노르브란트","리예 메그","n4e9/40","LoadingImage#16",0,"TerritoryIntendedUse#7","",False,118,False,0,True,False,False,False,"BGMSituation#1297",,,"ArrayEventHandler#854176","QuestBattle#0","리다 란",800,0,-1,False,"칠흑의 반역자",0,34,0,"",False,True,0,False,False,False,False,False,True,0,False,False
893,"ec018","ex2/05_zon_z3/btl/z3b1/level/z3b1",1,"???","","제도 마도성","default/00","LoadingImage#1",1,"TerritoryIntendedUse#29","하얀 서약, 검은 밀약",False,0,False,0,True,False,False,False,"BGMSituation#1001",,,,"QuestBattle#0","",1000,430,-1,False,"칠흑의 반역자",0,0,0,"",False,True,0,False,False,True,False,False,True,0,False,False
894,"ec019","ex3/01_nvt_n4/evt/n4e9/level/n4e9",1,"노르브란트","노르브란트","리예 메그","n4e9/10","LoadingImage#16",1,"TerritoryIntendedUse#29","이 마음이 원하는 대로",False,40,False,0,True,False,False,False,"BGMSituation#1001",,,,"QuestBattle#0","",800,431,-1,False,"칠흑의 반역자",0,0,0,"",False,True,0,False,False,True,False,False,True,0,False,False
895,"n4e8","ex3/01_nvt_n4/evt/n4e8/level/n4e8",1,"노르브란트","노르브란트","기계 유적 갱도","n4e8/01","LoadingImage#14",0,"TerritoryIntendedUse#15","",False,0,False,0,True,False,False,False,,,,"ArrayEventHandler#854179","QuestBattle#0","멈춘 물결",-1,0,-1,False,"칠흑의 반역자",0,0,0,"",False,True,0,False,False,False,False,False,True,0,False,False
896,"n4r1_event","ex3/01_nvt_n4/rad/n4r1/level/n4r1",1,"노르브란트","노르브란트","복제된 공장 폐허","n4r1/01","LoadingImage#14",0,"TerritoryIntendedUse#15","",False,0,False,0,True,False,False,False,,,,"ArrayEventHandler#854209","QuestBattle#0","멈춘 물결",-1,0,-1,False,"칠흑의 반역자",0,0,0,"",False,True,0,False,False,False,False,False,True,0,False,False
897,"n4fe","ex3/01_nvt_n4/fld/n4fe/level/n4fe",1,"기라바니아","기라바니아","김리트 방어선","","LoadingImage#9",2,"TerritoryIntendedUse#10","루비 웨폰 파괴작전",False,28,False,0,True,False,False,False,"BGMSituation#1001",,,,"QuestBattle#0","",-1,434,-1,False,"칠흑의 반역자",0,0,0,"",False,True,0,False,False,False,False,False,True,0,False,False
898,"n4da","ex3/01_nvt_n4/dun/n4da/level/n4da",1,"노르브란트","노르브란트","애니드라스 아남네시스","n4da/01","LoadingImage#18",2,"TerritoryIntendedUse#3","애니드라스 아남네시스",False,0,False,0,True,False,False,False,"BGMSituation#1001",,,,"QuestBattle#0","",-1,432,-1,False,"칠흑의 반역자",0,0,0,"",False,True,0,False,False,False,False,False,True,0,False,False
899,"s1e8","ffxiv/sea_s1/evt/s1e8/level/s1e8",1,"라노시아","골드 소서","니므 하늘유적풍 특설 경기장","default/00","LoadingImage#2",3,"TerritoryIntendedUse#44","뛰어라! 점핑 운동회",False,0,False,0,True,False,False,False,"music/ffxiv/BGM_GlodSaucer_GATE.scd",,,,"QuestBattle#0","",-1,0,-1,False,"신생 에오르제아",0,0,0,"",False,True,0,False,False,False,False,False,True,0,False,False
900,"o1a1","ffxiv/ocn_o1/ang/o1a1/level/o1a1",1,"먼바다 낚시","","성취호","o1a1/00","LoadingImage#1",2,"TerritoryIntendedUse#46","먼바다 낚시",False,14,False,0,True,False,False,False,"BGMSituation#1001",,,,"QuestBattle#0","",-1,446,-1,False,"신생 에오르제아",0,0,0,"",False,True,0,False,False,False,False,False,True,0,False,False
901,"a2fx","ex1/03_abr_a2/fld/a2fx/level/a2fx",1,"아발라시아","아발라시아","디아뎀 제도","a2fx/00","LoadingImage#7",3,"TerritoryIntendedUse#47","디아뎀 제도",False,0,False,0,True,True,True,False,"BGMSituation#1177",,,,"QuestBattle#0","",-1,445,-1,False,"창천의 이슈가르드",0,0,0,"",False,True,0,False,False,False,False,False,True,0,False,False
902,"n4g5","ex3/01_nvt_n4/goe/n4g5/level/n4g5",1,"노르브란트","노르브란트","간도프 번개평원","n4g5/00","LoadingImage#15",2,"TerritoryIntendedUse#17","희망의 낙원 에덴: 공명편 1",False,0,False,0,True,False,False,False,"BGMSituation#1001",,,,"QuestBattle#0","",-1,443,-1,False,"칠흑의 반역자",0,0,0,"",False,True,0,False,False,False,False,False,True,0,False,False
903,"n4g6","ex3/01_nvt_n4/goe/n4g6/level/n4g6",1,"노르브란트","노르브란트","재의 여정","n4g6/00","LoadingImage#15",2,"TerritoryIntendedUse#17","희망의 낙원 에덴: 공명편 2",False,0,False,0,True,False,False,False,"BGMSituation#1001",,,,"QuestBattle#0","",-1,441,-1,False,"칠흑의 반역자",0,0,0,"",False,True,0,False,False,False,False,False,True,0,False,False
904,"n4g7","ex3/01_nvt_n4/goe/n4g7/level/n4g7",1,"노르브란트","노르브란트","에덴 갑판","n4g7/00","LoadingImage#15",2,"TerritoryIntendedUse#17","희망의 낙원 에덴: 공명편 3",False,0,False,0,True,False,False,False,"BGMSituation#1001",,,,"QuestBattle#0","",-1,447,-1,False,"칠흑의 반역자",0,0,0,"",False,True,0,False,False,False,False,False,True,0,False,False
905,"n4g8","ex3/01_nvt_n4/goe/n4g8/level/n4g8",1,"노르브란트","노르브란트","대빙하","n4g8/01","LoadingImage#15",2,"TerritoryIntendedUse#17","희망의 낙원 에덴: 공명편 4",False,46,False,0,True,False,False,False,"BGMSituation#1001",,,,"QuestBattle#0","",-1,436,-1,False,"칠흑의 반역자",0,0,0,"",False,True,0,False,False,False,False,False,True,0,False,False
906,"n4g5_2","ex3/01_nvt_n4/goe/n4g5/level/n4g5",1,"노르브란트","노르브란트","간도프 번개평원","n4g5/00","LoadingImage#15",2,"TerritoryIntendedUse#17","희망의 낙원 에덴: 공명편(영웅) 1",False,0,False,0,True,False,False,False,"BGMSituation#1001",,,,"QuestBattle#0","",-1,444,-1,False,"칠흑의 반역자",0,0,0,"",True,True,0,False,False,False,False,False,True,0,False,False
907,"n4g6_2","ex3/01_nvt_n4/goe/n4g6/level/n4g6",1,"노르브란트","노르브란트","재의 여정","n4g6/00","LoadingImage#15",2,"TerritoryIntendedUse#17","희망의 낙원 에덴: 공명편(영웅) 2",False,0,False,0,True,False,False,False,"BGMSituation#1001",,,,"QuestBattle#0","",-1,442,-1,False,"칠흑의 반역자",0,0,0,"",True,True,0,False,False,False,False,False,True,0,False,False
908,"n4g7_2","ex3/01_nvt_n4/goe/n4g7/level/n4g7",1,"노르브란트","노르브란트","에덴 갑판","n4g7/00","LoadingImage#15",2,"TerritoryIntendedUse#17","희망의 낙원 에덴: 공명편(영웅) 3",False,0,False,0,True,False,False,False,"BGMSituation#1001",,,,"QuestBattle#0","",-1,448,-1,False,"칠흑의 반역자",0,0,0,"",True,True,0,False,False,False,False,False,True,0,False,False
909,"n4g8_2","ex3/01_nvt_n4/goe/n4g8/level/n4g8",1,"노르브란트","노르브란트","대빙하","n4g8/01","LoadingImage#15",2,"TerritoryIntendedUse#17","희망의 낙원 에덴: 공명편(영웅) 4",False,46,False,0,True,False,False,False,"BGMSituation#1001",,,,"QuestBattle#0","",-1,437,-1,False,"칠흑의 반역자",0,0,0,"",True,True,0,False,False,False,False,False,True,0,False,False
910,"","",0,"","","","","LoadingImage#0",0,"TerritoryIntendedUse#0","",False,0,False,0,False,False,False,False,"",,,,"QuestBattle#0","",0,0,0,False,"신생 에오르제아",0,0,0,"",False,False,0,False,False,False,False,False,False,0,False,False
911,"ec020","ex3/01_nvt_n4/btl/n4b2/level/n4b2",1,"???","","시드의 기억","default/00","LoadingImage#1",1,"TerritoryIntendedUse#29","보즈야 사건",False,123,False,0,True,False,False,False,"BGMSituation#1001",,,,"QuestBattle#0","",1130,0,-1,False,"칠흑의 반역자",0,0,0,"",False,True,0,False,False,True,False,False,True,0,False,False
912,"n4fe_2","ex3/01_nvt_n4/fld/n4fe/level/n4fe",1,"기라바니아","기라바니아","김리트 방어선","","LoadingImage#9",2,"TerritoryIntendedUse#10","극 루비 웨폰 파괴작전",False,28,False,0,True,False,False,False,"BGMSituation#1001",,,,"QuestBattle#0","",-1,435,-1,False,"칠흑의 반역자",0,0,0,"",False,True,0,False,False,False,False,False,True,0,False,False
913,"n4b2","ex3/01_nvt_n4/btl/n4b2/level/n4b2",1,"???","","번개 관제탑 관제실","n4b2/00","LoadingImage#1",2,"TerritoryIntendedUse#10","극 보즈야 추억전",False,123,False,0,True,False,False,False,"BGMSituation#1001",,,,"QuestBattle#0","",-1,449,-1,False,"칠흑의 반역자",0,0,0,"",False,True,0,False,False,False,False,False,True,0,False,False
914,"ec021","ex3/01_nvt_n4/btl/n4b3/level/n4b3",1,"노르브란트","노르브란트","시련의 문턱","default/00","LoadingImage#17",1,"TerritoryIntendedUse#29","그대, 영웅의 잠을 방해하는가",False,0,False,0,True,False,False,False,"BGMSituation#1001",,,,"QuestBattle#0","",-1,433,-1,False,"칠흑의 반역자",0,0,0,"",False,True,0,False,False,True,False,False,True,0,False,False
915,"n4ea","ex3/01_nvt_n4/evt/n4ea/level/n4ea",1,"???","","강고스","n4ea/00","LoadingImage#1",0,"TerritoryIntendedUse#7","",False,0,False,0,True,False,False,False,"music/ex3/BGM_EX3_Event_21.scd",,,"ArrayEventHandler#854217","QuestBattle#0","도마 도읍지",-1,0,-1,False,"칠흑의 반역자",0,0,0,"",False,True,0,False,False,False,False,False,True,0,False,False
916,"n4db","ex3/01_nvt_n4/dun/n4db/level/n4db",1,"노르브란트","노르브란트","노르브란트","n4db/01","LoadingImage#15",2,"TerritoryIntendedUse#3","노르브란트",False,125,False,0,True,False,False,False,"BGMSituation#1001",,,,"QuestBattle#0","",-1,463,-1,False,"칠흑의 반역자",0,0,0,"",False,True,0,False,False,True,True,False,True,0,False,False
917,"n4r2","ex3/01_nvt_n4/rad/n4r2/level/n4r2",1,"노르브란트","노르브란트","인형들의 군사 기지","n4r2/01","LoadingImage#14",2,"TerritoryIntendedUse#8","인형들의 군사 기지",False,0,False,0,True,False,False,False,"BGMSituation#1001",,,,"QuestBattle#0","",-1,0,-1,False,"칠흑의 반역자",0,0,0,"",False,True,0,False,False,True,False,False,True,0,False,False
918,"n4da_event","ex3/01_nvt_n4/dun/n4da/level/n4da",1,"노르브란트","노르브란트","애니드라스 아남네시스","n4da/03","LoadingImage#18",0,"TerritoryIntendedUse#15","",False,114,False,0,True,False,False,False,"BGMSituation#1265",,,"ArrayEventHandler#854216","QuestBattle#0","온도 바다웅덩이",-1,0,-1,False,"칠흑의 반역자",0,0,0,"",False,True,0,False,False,False,False,False,True,0,False,False
919,"n4eb","ex3/01_nvt_n4/evt/n4eb/level/n4eb",1,"???","","턴클리프","n4eb/01","LoadingImage#1",0,"TerritoryIntendedUse#15","",False,0,False,0,True,False,False,False,"music/ex3/BGM_EX3_Field_Welrit.scd",,,"ArrayEventHandler#854236","QuestBattle#0","알라미고인 거주구",-1,0,-1,False,"칠흑의 반역자",0,0,0,"",False,True,0,False,False,False,False,False,True,0,False,False
920,"n4b4","ex3/01_nvt_n4/btl/n4b4/level/n4b4",1,"???","","남부 보즈야 전선","n4b4/01","LoadingImage#1",3,"TerritoryIntendedUse#48","남부 보즈야 전선",False,124,False,0,True,False,True,False,"music/ex3/BGM_EX3_MYC_01.scd",,,,"QuestBattle#0","",-1,0,-1,False,"칠흑의 반역자",0,36,0,"",False,True,0,False,True,True,False,True,True,0,False,False
921,"w1ef_2","ffxiv/wil_w1/evt/w1ef/level/w1ef",1,"다날란","울다하","프론데일 약학원 소아병동","w1ef/00","LoadingImage#4",0,"TerritoryIntendedUse#40","",False,0,False,0,True,False,False,False,"BGMSituation#1035",,,"ArrayEventHandler#854218","QuestBattle#0","울다하 날 회랑",-1,0,-1,False,"신생 에오르제아",0,0,0,"",False,True,0,False,False,False,False,False,True,0,False,False
922,"n4ff","ex3/01_nvt_n4/fld/n4ff/level/n4ff",1,"노르브란트","노르브란트","시황제의 옥좌","n4ff/01","LoadingImage#13",2,"TerritoryIntendedUse#10","빛의 전사 토벌전",False,125,False,0,True,False,False,False,"BGMSituation#1001",,,,"QuestBattle#0","",1400,456,-1,False,"칠흑의 반역자",0,0,0,"",False,True,0,False,False,False,False,False,True,0,False,False
923,"n4ff_2","ex3/01_nvt_n4/fld/n4ff/level/n4ff",1,"노르브란트","노르브란트","시황제의 옥좌","n4ff/01","LoadingImage#13",2,"TerritoryIntendedUse#10","극 빛의 전사 토벌전",False,126,False,0,True,False,False,False,"BGMSituation#1001",,,,"QuestBattle#0","",1400,457,-1,False,"칠흑의 반역자",0,0,0,"",False,True,0,False,False,False,False,False,True,0,False,False
924,"n4c2","ex3/01_nvt_n4/cnt/n4c2/level/n4c2",1,"노르브란트","노르브란트","리예 기아 지하미궁 제전","n4c2/00","LoadingImage#16",3,"TerritoryIntendedUse#33","보물고 리예 기아 지하미궁 제전",False,0,False,0,True,False,False,False,"BGMSituation#1001",,,,"QuestBattle#0","",-1,482,-1,False,"칠흑의 반역자",0,0,0,"",False,True,0,False,False,False,False,False,True,0,False,False
925,"ec022","ex3/01_nvt_n4/evt/n4eb/level/n4eb",1,"???","","턴클리프 앞바다","n4eb/02","LoadingImage#1",1,"TerritoryIntendedUse#29","날아라! 웰리트를 향하여",True,0,False,0,True,False,False,False,"BGMSituation#1001",,,,"QuestBattle#0","",-1,477,-1,False,"칠흑의 반역자",0,0,0,"",False,True,0,False,False,False,False,False,True,0,False,False
926,"ec023","ex3/01_nvt_n4/evt/n4eb/level/n4eb",1,"???","","턴클리프 앞바다","n4eb/02","LoadingImage#1",1,"TerritoryIntendedUse#29","날아라! 웰리트를 향하여",True,0,False,0,True,False,False,False,"BGMSituation#1001",,,,"QuestBattle#0","",-1,478,-1,False,"칠흑의 반역자",0,0,0,"",False,True,0,False,False,False,False,False,True,0,False,False
927,"","",0,"","","","","LoadingImage#0",0,"TerritoryIntendedUse#0","",False,0,False,0,False,False,False,False,"",,,,"QuestBattle#0","",0,0,0,False,"신생 에오르제아",0,0,0,"",False,False,0,False,False,False,False,False,False,0,False,False
928,"n4r2_event","ex3/01_nvt_n4/rad/n4r2/level/n4r2",1,"노르브란트","노르브란트","인형들의 군사 기지","n4r2/01","LoadingImage#14",0,"TerritoryIntendedUse#15","",False,0,False,0,True,False,False,False,,,,"ArrayEventHandler#854289","QuestBattle#0","멈춘 물결",-1,0,-1,False,"칠흑의 반역자",0,40,0,"",False,True,0,False,False,False,False,False,True,0,False,False
929,"a2fx_2","ex1/03_abr_a2/fld/a2fx/level/a2fx",1,"아발라시아","아발라시아","디아뎀 제도","a2fx/00","LoadingImage#7",3,"TerritoryIntendedUse#47","디아뎀 제도",False,68,False,0,True,True,True,False,"BGMSituation#1177",,,,"QuestBattle#0","",-1,445,-1,False,"창천의 이슈가르드",0,0,0,"",False,True,0,False,False,False,False,False,True,0,False,False
930,"","",0,"","","","","LoadingImage#0",0,"TerritoryIntendedUse#0","",False,0,False,0,False,False,False,False,"",,,,"QuestBattle#0","",0,0,0,False,"신생 에오르제아",0,0,0,"",False,False,0,False,False,False,False,False,False,0,False,False
931,"n4ff_event","ex3/01_nvt_n4/fld/n4ff/level/n4ff",1,"노르브란트","노르브란트","시황제의 옥좌","n4ff/01","LoadingImage#13",0,"TerritoryIntendedUse#15","",False,125,False,0,True,False,False,False,"music/ex3/BGM_EX3_Ban_11.scd",,,"ArrayEventHandler#854265","QuestBattle#0","좁 요새",-1,0,-1,False,"칠흑의 반역자",0,0,0,"",False,True,0,False,False,False,False,False,True,0,False,False
932,"ec024","ex3/01_nvt_n4/fld/n4f6/level/n4f6",1,"노르브란트","노르브란트","템페스트","n4f6/00","LoadingImage#18",1,"TerritoryIntendedUse#29","빛바랜 기억",False,114,False,0,True,False,False,False,"BGMSituation#1001",,,,"QuestBattle#0","",-1,480,-1,False,"칠흑의 반역자",0,0,0,"",False,True,0,False,False,True,False,False,True,0,False,False
933,"d4d1","ex3/02_dra_d4/dun/d4d1/level/d4d1",1,"드라바니아","드라바니아","마토야의 공방","d4d1/01","LoadingImage#8",2,"TerritoryIntendedUse#3","마토야의 공방",False,0,False,0,True,False,False,False,"BGMSituation#1001",,,,"QuestBattle#0","",-1,497,-1,False,"칠흑의 반역자",0,0,0,"",False,True,0,False,False,False,False,False,True,0,False,False
934,"n4fg","ex3/01_nvt_n4/fld/n4fg/level/n4fg",1,"다날란","다날란","카스트룸 마리눔 건선거","n4fg/00","LoadingImage#4",2,"TerritoryIntendedUse#10","에메랄드 웨폰 파괴작전",False,0,False,0,True,False,False,False,"BGMSituation#1001",,,,"QuestBattle#0","",-1,498,-1,False,"칠흑의 반역자",0,0,0,"",False,True,0,False,False,False,False,False,True,0,False,False
935,"n4fg_2","ex3/01_nvt_n4/fld/n4fg/level/n4fg",1,"다날란","다날란","카스트룸 마리눔 건선거","n4fg/00","LoadingImage#4",2,"TerritoryIntendedUse#10","극 에메랄드 웨폰 파괴작전",False,0,False,0,True,False,False,False,"BGMSituation#1001",,,,"QuestBattle#0","",-1,499,-1,False,"칠흑의 반역자",0,0,0,"",False,True,0,False,False,False,False,False,True,0,False,False
936,"n4b5","ex3/01_nvt_n4/btl/n4b5/level/n4b5",1,"???","","군힐드 사원","n4b5/01","LoadingImage#1",3,"TerritoryIntendedUse#52","군힐드 사원",False,0,False,0,True,False,False,False,"BGMSituation#1001",,,,"QuestBattle#0","",-1,0,-1,False,"칠흑의 반역자",0,0,0,"",False,True,0,False,False,True,False,True,True,0,False,False
937,"n4b5_2","ex3/01_nvt_n4/btl/n4b5/level/n4b5",1,"???","","군힐드 사원","n4b5/01","LoadingImage#1",3,"TerritoryIntendedUse#53","군힐드 사원(영웅)",False,0,False,0,True,False,False,False,"BGMSituation#1001",,,,"QuestBattle#0","",-1,0,-1,False,"칠흑의 반역자",0,0,0,"",False,True,0,False,True,True,False,True,True,0,False,False
938,"w4d1","ex3/04_wil_w4/dun/w4d1/level/w4d1",1,"다날란","다날란","파글단","w4d1/01","LoadingImage#4",2,"TerritoryIntendedUse#3","파글단",False,0,False,0,True,False,False,False,"BGMSituation#1001",,,,"QuestBattle#0","",-1,525,-1,False,"칠흑의 반역자",0,0,0,"",False,True,0,False,False,True,False,True,True,0,False,False
939,"a2fx_3","ex1/03_abr_a2/fld/a2fx/level/a2fx",1,"아발라시아","아발라시아","디아뎀 제도","a2fx/00","LoadingImage#7",3,"TerritoryIntendedUse#47","디아뎀 제도",False,27,False,1,True,True,True,False,"BGMSituation#1177",,,,"QuestBattle#0","",-1,445,-1,False,"창천의 이슈가르드",0,0,0,"",False,True,0,False,False,False,False,False,True,0,False,False
940,"w1ee_2","ffxiv/wil_w1/evt/w1ee/level/w1ee",1,"다날란","골드 소서","카드 대결장","w1ee/00","LoadingImage#4",2,"TerritoryIntendedUse#50","트리플 트라이어드: 공식 토너먼트",False,0,False,0,True,False,False,False,"music/ffxiv/BGM_GlodSaucer_TripleWaiting.scd",,,,"QuestBattle#0","",-1,0,-1,False,"신생 에오르제아",0,0,0,"",False,True,0,False,False,False,False,False,True,0,False,False
941,"w1ee_3","ffxiv/wil_w1/evt/w1ee/level/w1ee",1,"다날란","골드 소서","카드 대결장","w1ee/00","LoadingImage#4",2,"TerritoryIntendedUse#51","트리플 트라이어드: 친선 토너먼트",False,0,False,0,True,False,False,False,"music/ffxiv/BGM_GlodSaucer_TripleWaiting.scd",,,,"QuestBattle#0","",-1,0,-1,False,"신생 에오르제아",0,0,0,"",False,True,0,False,False,False,False,False,True,0,False,False
942,"n4g9","ex3/01_nvt_n4/goe/n4g9/level/n4g9",1,"노르브란트","노르브란트","어둠의 영역","n4g9/00","LoadingImage#15",2,"TerritoryIntendedUse#17","희망의 낙원 에덴: 재생편 1",False,0,False,0,True,False,False,False,"BGMSituation#1001",,,,"QuestBattle#0","",-1,504,-1,False,"칠흑의 반역자",0,0,0,"",False,True,0,False,False,False,False,False,True,0,False,False
943,"n4ga","ex3/01_nvt_n4/goe/n4ga/level/n4ga",1,"노르브란트","노르브란트","래크산 성","n4ga/00","LoadingImage#15",2,"TerritoryIntendedUse#17","희망의 낙원 에덴: 재생편 2",False,0,False,0,True,False,False,False,"BGMSituation#1001",,,,"QuestBattle#0","",-1,502,-1,False,"칠흑의 반역자",0,0,0,"",False,True,0,False,False,False,False,False,True,0,False,False
944,"n4gb","ex3/01_nvt_n4/goe/n4gb/level/n4gb",1,"노르브란트","노르브란트","율모어 감옥","n4gb/00","LoadingImage#15",2,"TerritoryIntendedUse#17","희망의 낙원 에덴: 재생편 3",False,0,False,0,True,False,False,False,"BGMSituation#1001",,,,"QuestBattle#0","",-1,500,-1,False,"칠흑의 반역자",0,0,0,"",False,True,0,False,False,False,False,False,True,0,False,False
945,"n4gc","ex3/01_nvt_n4/goe/n4gc/level/n4gc",1,"노르브란트","노르브란트","절망의 낙원","n4gc/01","LoadingImage#15",2,"TerritoryIntendedUse#17","희망의 낙원 에덴: 재생편 4",False,0,False,0,True,False,False,False,"BGMSituation#1001",,,,"QuestBattle#0","",-1,511,-1,False,"칠흑의 반역자",0,0,0,"",False,True,0,False,False,False,False,False,True,0,False,False
946,"n4g9_2","ex3/01_nvt_n4/goe/n4g9/level/n4g9",1,"노르브란트","노르브란트","어둠의 영역","n4g9/00","LoadingImage#15",2,"TerritoryIntendedUse#17","희망의 낙원 에덴: 재생편(영웅) 1",False,0,False,0,True,False,False,False,"BGMSituation#1001",,,,"QuestBattle#0","",-1,505,-1,False,"칠흑의 반역자",0,0,0,"",False,True,0,False,False,False,False,False,True,0,False,False
947,"n4ga_2","ex3/01_nvt_n4/goe/n4ga/level/n4ga",1,"노르브란트","노르브란트","래크산 성","n4ga/00","LoadingImage#15",2,"TerritoryIntendedUse#17","희망의 낙원 에덴: 재생편(영웅) 2",False,0,False,0,True,False,False,False,"BGMSituation#1001",,,,"QuestBattle#0","",-1,503,-1,False,"칠흑의 반역자",0,0,0,"",False,True,0,False,False,False,False,False,True,0,False,False
948,"n4gb_2","ex3/01_nvt_n4/goe/n4gb/level/n4gb",1,"노르브란트","노르브란트","율모어 감옥","n4gb/00","LoadingImage#15",2,"TerritoryIntendedUse#17","희망의 낙원 에덴: 재생편(영웅) 3",False,0,False,0,True,False,False,False,"BGMSituation#1001",,,,"QuestBattle#0","",-1,501,-1,False,"칠흑의 반역자",0,0,0,"",False,True,0,False,False,False,False,False,True,0,False,False
949,"n4gc_2","ex3/01_nvt_n4/goe/n4gc/level/n4gc",1,"노르브란트","노르브란트","절망의 낙원","n4gc/05","LoadingImage#15",2,"TerritoryIntendedUse#17","희망의 낙원 에덴: 재생편(영웅) 4",False,0,False,0,True,False,False,False,"BGMSituation#1001",,,,"QuestBattle#0","",-1,512,-1,False,"칠흑의 반역자",0,0,0,"",False,True,0,False,False,False,False,False,True,0,False,False
950,"n4fh","ex3/01_nvt_n4/fld/n4fh/level/n4fh",1,"???","","G 세이버 전투 갑판","n4fh/00","LoadingImage#1",2,"TerritoryIntendedUse#10","다이아몬드 웨폰 포획작전",False,0,False,0,True,False,False,False,"BGMSituation#1001",,,,"QuestBattle#0","",-1,537,-1,False,"칠흑의 반역자",0,0,0,"",False,True,0,False,False,False,False,True,True,0,False,False
951,"n4fh_2","ex3/01_nvt_n4/fld/n4fh/level/n4fh",1,"???","","G 세이버 전투 갑판","n4fh/00","LoadingImage#1",2,"TerritoryIntendedUse#10","극 다이아몬드 웨폰 포획작전",False,0,False,0,True,False,False,False,"BGMSituation#1001",,,,"QuestBattle#0","",-1,538,-1,False,"칠흑의 반역자",0,0,0,"",False,True,0,False,False,False,False,True,True,0,False,False
952,"m5d1","ex4/02_mid_m5/dun/m5d1/level/m5d1",1,"일사바드","사베네어 섬","조트 탑","m5d1/01","LoadingImage#23",2,"TerritoryIntendedUse#3","조트 탑",False,0,False,0,True,False,False,False,"BGMSituation#1001",,,,"QuestBattle#0","",-1,550,-1,False,"효월의 종언",0,0,0,"",False,True,0,False,False,True,False,True,True,0,False,False
953,"","",0,"","","","","LoadingImage#0",0,"TerritoryIntendedUse#0","",False,0,False,0,False,False,False,False,"",,,,"QuestBattle#0","",0,0,0,False,"신생 에오르제아",0,0,0,"",False,False,0,False,False,False,False,False,False,0,False,False
954,"ec025","ffxiv/sea_s1/fld/s1fa/level/s1fa",1,"라노시아","라노시아","오고모로 화산구 신전","s1fa/00","LoadingImage#2",1,"TerritoryIntendedUse#29","바일브랜드 출항",False,23,False,0,True,False,False,False,"BGMSituation#1001",,,,"QuestBattle#0","",-1,508,-1,False,"칠흑의 반역자",0,0,0,"",False,True,0,False,False,True,False,False,True,0,False,False
955,"ec026","ex3/01_nvt_n4/btl/n4b5/level/n4b5",1,"???","","잃어버린 유적","default/00","LoadingImage#1",1,"TerritoryIntendedUse#29","갓 세이브 더 퀸",False,0,False,0,True,False,False,False,"BGMSituation#1001",,,,"QuestBattle#0","",-1,509,-1,False,"칠흑의 반역자",0,0,0,"",False,True,0,False,False,True,False,False,True,0,False,False
956,"k5f1","ex4/03_kld_k5/fld/k5f1/level/k5f1",1,"북해 지역","라비린토스","라비린토스","k5f1/00","LoadingImage#25",0,"TerritoryIntendedUse#1","",False,131,False,0,True,True,True,False,,,,"ArrayEventHandler#854348","QuestBattle#0","아르케이온 보관원",-1,0,-1,False,"효월의 종언",0,43,20,"",False,True,0,False,False,False,False,True,True,36,False,False
957,"m5f1","ex4/02_mid_m5/fld/m5f1/level/m5f1",1,"일사바드","사베네어 섬","사베네어 섬","m5f1/00","LoadingImage#23",0,"TerritoryIntendedUse#1","",False,132,False,0,True,True,True,False,,,,"ArrayEventHandler#854379","QuestBattle#0","예드리만",-1,0,-1,False,"효월의 종언",0,44,21,"",False,True,9,False,False,False,False,True,True,37,False,False
958,"m5f2","ex4/02_mid_m5/fld/m5f2/level/m5f2",1,"일사바드","갈레말드","갈레말드","m5f2/00","LoadingImage#21",0,"TerritoryIntendedUse#1","",False,133,False,1,True,True,True,False,,,,"ArrayEventHandler#854408","QuestBattle#0","깨진 유리 전초지",-1,0,-1,False,"효월의 종언",0,45,22,"",False,True,10,False,False,False,False,True,True,38,False,False
959,"u5f1","ex4/04_uvs_u5/fld/u5f1/level/u5f1",1,"외계 우주","외계","비탄의 바다","u5f1/00","LoadingImage#26",0,"TerritoryIntendedUse#1","",False,135,False,0,True,True,True,False,,,,"ArrayEventHandler#854445","QuestBattle#0","눈물의 만",-1,0,-1,False,"효월의 종언",0,46,23,"",False,True,0,False,False,False,False,True,True,39,False,False
960,"u5f2","ex4/04_uvs_u5/fld/u5f2/level/u5f2",1,"외계 우주","외계","울티마 툴레","u5f2/00","LoadingImage#28",0,"TerritoryIntendedUse#1","",False,136,False,0,True,True,True,False,,,,"ArrayEventHandler#854529","QuestBattle#0","리아 타라",-1,0,-1,False,"효월의 종언",0,47,25,"",False,True,0,False,False,False,False,True,True,40,False,False
961,"n5f1","ex4/01_nvt_n5/fld/n5f1/level/n5f1",1,"고대세계","고대세계","엘피스","n5f1/00","LoadingImage#27",0,"TerritoryIntendedUse#1","",False,134,False,0,True,True,True,False,,,,"ArrayEventHandler#854495","QuestBattle#0","아나그노리시스 천측원",-1,0,-1,False,"효월의 종언",0,0,24,"",False,True,0,False,False,False,False,True,True,41,False,False
962,"k5t1","ex4/03_kld_k5/twn/k5t1/level/k5t1",1,"북해 지역","올드 샬레이안","올드 샬레이안","k5t1/00","LoadingImage#22",0,"TerritoryIntendedUse#0","",False,137,False,0,True,False,False,False,"BGMSituation#1314",,,"ArrayEventHandler#854349","QuestBattle#0","올드 샬레이안",-1,0,-1,False,"효월의 종언",0,48,0,"",False,True,0,False,False,False,False,False,True,0,False,False
963,"m5t1","ex4/02_mid_m5/twn/m5t1/level/m5t1",1,"일사바드","라자한","라자한","m5t1/00","LoadingImage#24",0,"TerritoryIntendedUse#0","",False,138,False,0,True,False,False,False,,,,"ArrayEventHandler#854352","QuestBattle#0","라자한",-1,0,-1,False,"효월의 종언",0,49,0,"",False,True,8,False,False,False,False,False,True,0,False,False
964,"n4b5_event","ex3/01_nvt_n4/btl/n4b5/level/n4b5",1,"???","","잃어버린 유적","default/00","LoadingImage#1",0,"TerritoryIntendedUse#15","",False,0,False,0,True,False,False,False,"music/ex2/BGM_EX2_BanFort_Koujin_Bad.scd",,,"ArrayEventHandler#854302","QuestBattle#0","도마 도읍지",-1,0,-1,False,"칠흑의 반역자",0,0,0,"",False,True,0,False,False,False,False,False,True,0,False,False
965,"n4gz_3","ex3/01_nvt_n4/goe/n4gz/level/n4gz",1,"노르브란트","노르브란트","무의 대지","n4gz/00","LoadingImage#15",0,"TerritoryIntendedUse#7","",False,0,False,0,True,False,False,False,"music/ex3/BGM_EX3_Event_20.scd",,,,"QuestBattle#0","모르드 수크",-1,0,-1,False,"칠흑의 반역자",0,32,0,"",False,True,0,False,False,False,False,False,True,0,False,False
966,"n4r3","ex3/01_nvt_n4/rad/n4r3/level/n4r3",1,"노르브란트","노르브란트","희망의 포대: '탑'","n4r3/01","LoadingImage#14",2,"TerritoryIntendedUse#8","희망의 포대: '탑'",False,0,False,0,True,False,False,False,"BGMSituation#1001",,,,"QuestBattle#0","",-1,0,-1,False,"칠흑의 반역자",0,0,0,"",False,True,0,False,False,True,False,True,True,0,False,False
967,"n4fg_event","ex3/01_nvt_n4/fld/n4fg/level/n4fg",1,"다날란","다날란","카스트룸 마리눔 건선거","default/00","LoadingImage#4",0,"TerritoryIntendedUse#15","",False,0,False,0,True,False,False,False,"music/ffxiv/BGM_Con_Teikoku_01.scd",,,,"QuestBattle#0","지평선 관문",-1,0,-1,False,"칠흑의 반역자",0,0,0,"",False,True,0,False,False,False,False,False,True,0,False,False
968,"r1fz","ffxiv/roc_r1/fld/r1fz/level/r1fz",1,"커르다스","커르다스","시상 공간","r1fz/01","LoadingImage#5",2,"TerritoryIntendedUse#17","절 용시전쟁",False,0,False,0,True,False,False,False,"BGMSituation#1001",,,,"QuestBattle#0","",-1,582,-1,False,"효월의 종언",0,0,0,"",False,True,0,False,False,True,False,True,True,0,False,False
969,"m5d2","ex4/02_mid_m5/dun/m5d2/level/m5d2",1,"일사바드","사베네어 섬","바브일 탑","m5d2/01","LoadingImage#21",2,"TerritoryIntendedUse#3","바브일 탑",False,28,False,0,True,False,False,False,"BGMSituation#1001",,,,"QuestBattle#0","",-1,548,-1,False,"효월의 종언",0,0,0,"",False,True,0,False,False,True,False,True,True,0,False,False
970,"m5d3","ex4/02_mid_m5/dun/m5d3/level/m5d3",1,"일사바드","사베네어 섬","바나스파티 밀림","m5d3/01","LoadingImage#23",2,"TerritoryIntendedUse#3","바나스파티",False,141,False,0,True,False,False,False,"BGMSituation#1001",,,,"QuestBattle#0","",-1,558,-1,False,"효월의 종언",0,0,0,"",False,True,0,False,False,True,False,True,True,0,False,False
971,"w1ej","ffxiv/wil_w1/evt/w1ej/level/w1ej",1,"다날란","다날란","레무레스 사무실","w1ej/00","LoadingImage#4",0,"TerritoryIntendedUse#15","",False,0,False,0,True,False,False,False,"music/ffxiv/BGM_Event_ShinAyashii.scd",,,"ArrayEventHandler#854330","QuestBattle#0","울다하 날 회랑",-1,0,-1,False,"효월의 종언",0,0,0,"",False,True,0,False,False,False,False,False,True,0,False,False
972,"","",0,"","","","","LoadingImage#0",0,"TerritoryIntendedUse#0","",False,0,False,0,False,False,False,False,"",,,,"QuestBattle#0","",0,0,0,False,"신생 에오르제아",0,0,0,"",False,False,0,False,False,False,False,False,False,0,False,False
973,"u5d1","ex4/04_uvs_u5/dun/u5d1/level/u5d1",1,"외계 우주","외계","잔해별","u5d1/01","LoadingImage#28",2,"TerritoryIntendedUse#3","잔해별",False,144,False,0,True,False,False,False,"BGMSituation#1001",,,,"QuestBattle#0","",-1,549,-1,False,"효월의 종언",0,0,0,"",False,True,0,False,False,True,False,True,True,0,False,False
974,"n5d1","ex4/01_nvt_n5/dun/n5d1/level/n5d1",1,"고대세계","고대세계","휘페르보레아 조물원","n5d1/01","LoadingImage#27",2,"TerritoryIntendedUse#3","휘페르보레아 조물원",False,0,False,0,True,False,False,False,"BGMSituation#1001",,,,"QuestBattle#0","",-1,554,-1,False,"효월의 종언",0,0,0,"",False,True,0,False,False,True,False,True,True,0,False,False
975,"n4b6","ex3/01_nvt_n4/btl/n4b6/level/n4b6",1,"???","","자트노르 고원","n4b6/01","LoadingImage#1",3,"TerritoryIntendedUse#48","자트노르 고원",False,130,False,0,True,False,True,False,"music/ex3/BGM_EX3_MYC_01.scd",,,,"QuestBattle#0","",-1,0,-1,False,"칠흑의 반역자",0,42,0,"",False,True,0,False,True,True,False,True,True,0,False,False
976,"u5d2","ex4/04_uvs_u5/dun/u5d2/level/u5d2",1,"외계 우주","외계","스마일턴","u5d2/01","LoadingImage#26",2,"TerritoryIntendedUse#3","스마일턴",False,0,False,0,True,False,False,False,"BGMSituation#1001",,,,"QuestBattle#0","",-1,553,-1,False,"효월의 종언",0,0,0,"",False,True,0,False,False,True,False,True,True,0,False,False
977,"ec027","ffxiv/lak_l1/pvp/l1p1/level/l1p1",1,"모르도나","모르도나","카르테노 평원: 외곽 유적지대","l1p3/00","LoadingImage#6",1,"TerritoryIntendedUse#29","여명의 사투",False,114,False,0,True,False,False,False,"BGMSituation#1001",,,,"QuestBattle#0","",1930,555,-1,False,"칠흑의 반역자",0,0,0,"",False,True,0,False,False,True,False,True,True,0,False,False
978,"k5d1","ex4/03_kld_k5/dun/k5d1/level/k5d1",1,"북해 지역","라비린토스","아이티온 별현미경","k5d1/01","LoadingImage#25",2,"TerritoryIntendedUse#3","아이티온 별현미경",False,0,False,0,True,False,False,False,"BGMSituation#1001",,,,"QuestBattle#0","",-1,556,-1,False,"효월의 종언",0,0,0,"",False,True,0,False,False,True,False,True,True,0,False,False
979,"r1h1","ffxiv/roc_r1/hou/r1h1/level/r1h1",1,"커르다스","이슈가르드","지고천 거리","r1h1/01","LoadingImage#5",0,"TerritoryIntendedUse#13","",False,142,True,1,True,False,True,False,"BGMSituation#1311",,,"ArrayEventHandler#854331","QuestBattle#0","이슈가르드 하층",-1,78,-1,False,"신생 에오르제아",0,0,0,"숙명의 끝",False,True,0,False,False,False,False,False,True,0,False,False
980,"r1i1","ffxiv/roc_r1/ind/r1i1/level/r1i1",1,"커르다스","이슈가르드","지고천 거리: 아담한 주택","r1i1/01","LoadingImage#5",0,"TerritoryIntendedUse#14","",False,0,False,0,True,False,False,False,"BGMSituation#1311",,,,"QuestBattle#0","이슈가르드 하층",-1,0,-1,False,"신생 에오르제아",0,0,0,"",False,True,0,False,False,False,False,False,True,0,False,False
981,"r1i2","ffxiv/roc_r1/ind/r1i2/level/r1i2",1,"커르다스","이슈가르드","지고천 거리: 일반 주택","r1i2/01","LoadingImage#5",0,"TerritoryIntendedUse#14","",False,0,False,0,True,False,False,False,"BGMSituation#1311",,,,"QuestBattle#0","이슈가르드 하층",-1,0,-1,False,"신생 에오르제아",0,0,0,"",False,True,0,False,False,False,False,False,True,0,False,False
982,"r1i3","ffxiv/roc_r1/ind/r1i3/level/r1i3",1,"커르다스","이슈가르드","지고천 거리: 대형 주택","r1i3/01","LoadingImage#5",0,"TerritoryIntendedUse#14","",False,0,False,0,True,False,False,False,"BGMSituation#1311",,,,"QuestBattle#0","이슈가르드 하층",-1,0,-1,False,"신생 에오르제아",0,0,0,"",False,True,0,False,False,False,False,False,True,0,False,False
983,"r1i4","ffxiv/roc_r1/ind/r1i4/level/r1i4",1,"커르다스","이슈가르드","지고천 거리: 개인실","r1i4/00","LoadingImage#5",0,"TerritoryIntendedUse#14","",False,0,False,0,True,False,False,False,"BGMSituation#1311",,,,"QuestBattle#0","이슈가르드 하층",-1,0,-1,False,"신생 에오르제아",0,0,0,"",False,True,0,False,False,False,False,False,True,0,False,False
984,"r1i5","ffxiv/roc_r1/ind/r1i5/level/r1i5",1,"커르다스","이슈가르드","지고천 거리: 지하 공방","r1i5/00","LoadingImage#5",0,"TerritoryIntendedUse#14","",False,0,False,0,True,False,False,False,"music/ffxiv/BGM_Field_Workshop.scd",,,,"QuestBattle#0","이슈가르드 하층",-1,0,-1,False,"신생 에오르제아",0,0,0,"",False,True,0,False,False,False,False,False,True,0,False,False
985,"r1i6","ffxiv/roc_r1/ind/r1i6/level/r1i6",1,"커르다스","이슈가르드","단란한 난롯가 로비","r1i6/00","LoadingImage#5",0,"TerritoryIntendedUse#14","",False,0,False,0,True,False,False,False,"BGMSituation#1311",,,,"QuestBattle#0","이슈가르드 하층",-1,0,-1,False,"신생 에오르제아",0,0,0,"",False,True,0,False,False,False,False,False,True,0,False,False
986,"u5d3","ex4/04_uvs_u5/dun/u5d3/level/u5d3",1,"외계 우주","외계","스티그마-4","u5d3/01","LoadingImage#28",2,"TerritoryIntendedUse#3","스티그마-4",False,140,False,0,True,False,False,False,"BGMSituation#1001",,,,"QuestBattle#0","",-1,551,-1,False,"효월의 종언",0,0,0,"",False,True,0,False,False,True,False,True,True,0,False,False
987,"k5e1","ex4/03_kld_k5/evt/k5e1/level/k5e1",1,"북해 지역","올드 샬레이안","대회의실","k5e1/00","LoadingImage#22",0,"TerritoryIntendedUse#15","",False,137,False,0,True,False,False,False,,,,"ArrayEventHandler#854404","QuestBattle#0","올드 샬레이안",-1,0,-1,False,"효월의 종언",0,0,0,"",False,True,0,False,False,False,False,False,True,0,False,False
988,"m5e1","ex4/02_mid_m5/evt/m5e1/level/m5e1",1,"일사바드","라자한","","","LoadingImage#1",0,"TerritoryIntendedUse#7","",False,0,False,0,True,False,False,False,"BGMSituation#1001",,,,"QuestBattle#0","",-1,0,-1,False,"효월의 종언",0,0,0,"",False,True,0,False,False,False,False,False,True,0,False,False
989,"k5e2","ex4/03_kld_k5/evt/k5e2/level/k5e2",1,"북해 지역","라비린토스","","","LoadingImage#1",0,"TerritoryIntendedUse#7","",False,0,False,0,True,False,False,False,"BGMSituation#1001",,,,"QuestBattle#0","",-1,0,-1,False,"효월의 종언",0,0,0,"",False,True,0,False,False,False,False,False,True,0,False,False
990,"k5ti","ex4/03_kld_k5/twn/k5ti/level/k5ti",1,"북해 지역","올드 샬레이안","휴게실","k5ti/00","LoadingImage#22",0,"TerritoryIntendedUse#2","",False,137,False,0,True,False,False,False,,,,"ArrayEventHandler#854572","QuestBattle#0","올드 샬레이안",-1,0,-1,False,"효월의 종언",0,0,0,"",False,True,0,False,False,False,False,False,True,0,False,False
991,"n4fh_event","ex3/01_nvt_n4/fld/n4fh/level/n4fh",1,"???","","G 세이버 전투 갑판","default/00","LoadingImage#1",0,"TerritoryIntendedUse#15","",False,0,False,0,True,False,False,False,,,,,"QuestBattle#0","알라미고인 거주구",-1,0,-1,False,"칠흑의 반역자",0,41,0,"",False,True,0,False,False,False,False,False,True,0,False,False
992,"u5fa","ex4/04_uvs_u5/fld/u5fa/level/u5fa",1,"외계 우주","외계","달 밑바닥","u5fa/00","LoadingImage#26",2,"TerritoryIntendedUse#10","조디아크 토벌전",False,139,False,0,True,False,False,False,"BGMSituation#1001",,,,"QuestBattle#0","",-1,595,-1,False,"효월의 종언",0,0,0,"",False,True,0,False,False,True,False,True,True,0,False,False
993,"u5fa_2","ex4/04_uvs_u5/fld/u5fa/level/u5fa",1,"외계 우주","외계","달 밑바닥","u5fa/00","LoadingImage#26",2,"TerritoryIntendedUse#10","극 조디아크 토벌전",False,139,False,0,True,False,False,False,"BGMSituation#1001",,,,"QuestBattle#0","",-1,598,-1,False,"효월의 종언",0,0,0,"",False,True,0,False,False,True,False,True,True,0,False,False
994,"f1db","ffxiv/fst_f1/dun/f1db/level/f1db",1,"검은장막 숲","검은장막 숲","유령의 연회","f1db/01","LoadingImage#3",3,"TerritoryIntendedUse#34","유령의 연회",False,0,False,0,True,False,False,False,"BGMSituation#1001",,,,"QuestBattle#0","",-1,0,-1,False,"신생 에오르제아",0,0,0,"",False,True,0,False,False,True,False,True,True,0,False,False
995,"k5fa","ex4/03_kld_k5/fld/k5fa/level/k5fa",1,"북해 지역","라비린토스","어머니 크리스탈","k5fa/00","LoadingImage#25",2,"TerritoryIntendedUse#10","하이델린 토벌전",False,139,False,0,True,False,False,False,"BGMSituation#1001",,,,"QuestBattle#0","",-1,568,-1,False,"효월의 종언",0,0,0,"",False,True,0,False,False,True,False,True,True,0,False,False
996,"k5fa_2","ex4/03_kld_k5/fld/k5fa/level/k5fa",1,"북해 지역","라비린토스","어머니 크리스탈","k5fa/00","LoadingImage#25",2,"TerritoryIntendedUse#10","극 하이델린 토벌전",False,139,False,0,True,False,False,False,"BGMSituation#1001",,,,"QuestBattle#0","",-1,569,-1,False,"효월의 종언",0,0,0,"",False,True,0,False,False,True,False,True,True,0,False,False
997,"u5fb","ex4/04_uvs_u5/fld/u5fb/level/u5fb",1,"외계 우주","외계","최후의 종언","u5fb/00","LoadingImage#28",2,"TerritoryIntendedUse#10","종언의 결전",False,116,False,0,True,False,False,False,"BGMSituation#1001",,,,"QuestBattle#0","",-1,567,-1,False,"효월의 종언",0,0,0,"",False,True,0,False,False,True,False,True,True,0,False,False
998,"u5fb_2","ex4/04_uvs_u5/fld/u5fb/level/u5fb",1,"외계 우주","외계","최후의 종언","u5fb/00","LoadingImage#28",2,"TerritoryIntendedUse#10","종극의 결전",False,146,False,0,True,False,False,False,"BGMSituation#1001",,,,"QuestBattle#0","",-1,610,-1,False,"효월의 종언",0,0,0,"",False,True,0,False,False,False,False,True,True,0,False,False
999,"r1i4_2","ffxiv/roc_r1/ind/r1i4/level/r1i4",1,"커르다스","이슈가르드","단란한 난롯가 개인실","r1i4/00","LoadingImage#5",0,"TerritoryIntendedUse#14","",False,0,False,0,True,False,False,False,"BGMSituation#1311",,,,"QuestBattle#0","이슈가르드 하층",-1,0,-1,False,"신생 에오르제아",0,0,0,"",False,True,0,False,False,False,False,False,True,0,False,False
1000,"u5c1","ex4/04_uvs_u5/cnt/u5c1/level/u5c1",1,"외계 우주","외계","익사이트론","default/00","LoadingImage#26",3,"TerritoryIntendedUse#33","보물고 익사이트론",False,0,False,0,True,False,False,False,"BGMSituation#1001",,,,"QuestBattle#0","",-1,585,-1,False,"효월의 종언",0,0,0,"",False,True,0,False,False,True,False,False,True,0,False,False
1001,"r2ea","ex1/01_roc_r2/evt/r2ea/level/r2ea",1,"커르다스","이슈가르드","작전 계획실","r2ea/00","LoadingImage#5",0,"TerritoryIntendedUse#15","",False,0,False,1,True,False,False,False,"music/ex1/BGM_EX1_Event_IshDragonHead.scd",,,"ArrayEventHandler#854339","QuestBattle#0","이슈가르드 하층",-1,0,-1,False,"효월의 종언",0,0,0,"",False,True,0,False,False,False,False,False,True,0,False,False
1002,"n5r1","ex4/01_nvt_n5/rad/n5r1/level/n5r1",1,"고대세계","고대세계","판데모니움 정문","n5r1/00","LoadingImage#27",2,"TerritoryIntendedUse#17","마의 전당 판데모니움: 변옥편 1",False,145,False,0,True,False,False,False,"BGMSituation#1001",,,,"QuestBattle#0","",-1,572,-1,False,"효월의 종언",0,0,0,"",False,True,0,False,False,True,False,True,True,0,False,False
1003,"n5r1_2","ex4/01_nvt_n5/rad/n5r1/level/n5r1",1,"고대세계","고대세계","판데모니움 정문","n5r1/00","LoadingImage#27",2,"TerritoryIntendedUse#17","마의 전당 판데모니움: 변옥편(영웅) 1",False,145,False,0,True,False,False,False,"BGMSituation#1001",,,,"QuestBattle#0","",-1,573,-1,False,"효월의 종언",0,0,0,"",False,True,0,False,False,True,False,True,True,0,False,False
1004,"n5r2","ex4/01_nvt_n5/rad/n5r2/level/n5r2",1,"고대세계","고대세계","판데모니움 변옥 수로","n5r2/00","LoadingImage#27",2,"TerritoryIntendedUse#17","마의 전당 판데모니움: 변옥편 2",False,145,False,0,True,False,False,False,"BGMSituation#1001",,,,"QuestBattle#0","",-1,565,-1,False,"효월의 종언",0,0,0,"",False,True,0,False,False,True,False,True,True,0,False,False
1005,"n5r2_2","ex4/01_nvt_n5/rad/n5r2/level/n5r2",1,"고대세계","고대세계","판데모니움 변옥 수로","n5r2/00","LoadingImage#27",2,"TerritoryIntendedUse#17","마의 전당 판데모니움: 변옥편(영웅) 2",False,145,False,0,True,False,False,False,"BGMSituation#1001",,,,"QuestBattle#0","",-1,566,-1,False,"효월의 종언",0,0,0,"",False,True,0,False,False,True,False,True,True,0,False,False
1006,"n5r3","ex4/01_nvt_n5/rad/n5r3/level/n5r3",1,"고대세계","고대세계","판데모니움 변옥 하층","n5r3/00","LoadingImage#27",2,"TerritoryIntendedUse#17","마의 전당 판데모니움: 변옥편 3",False,145,False,0,True,False,False,False,"BGMSituation#1001",,,,"QuestBattle#0","",-1,591,-1,False,"효월의 종언",0,0,0,"",False,True,0,False,False,True,False,True,True,0,False,False
1007,"n5r3_2","ex4/01_nvt_n5/rad/n5r3/level/n5r3",1,"고대세계","고대세계","판데모니움 변옥 하층","n5r3/00","LoadingImage#27",2,"TerritoryIntendedUse#17","마의 전당 판데모니움: 변옥편(영웅) 3",False,145,False,0,True,False,False,False,"BGMSituation#1001",,,,"QuestBattle#0","",-1,592,-1,False,"효월의 종언",0,0,0,"",False,True,0,False,False,True,False,True,True,0,False,False
1008,"n5r4","ex4/01_nvt_n5/rad/n5r4/level/n5r4",1,"고대세계","고대세계","판데모니움 변옥 심층","n5r4/00","LoadingImage#27",2,"TerritoryIntendedUse#17","마의 전당 판데모니움: 변옥편 4",False,145,False,0,True,False,False,False,"BGMSituation#1001",,,,"QuestBattle#0","",-1,588,-1,False,"효월의 종언",0,0,0,"",False,True,0,False,False,True,False,True,True,0,False,False
1009,"n5r4_2","ex4/01_nvt_n5/rad/n5r4/level/n5r4",1,"고대세계","고대세계","판데모니움 변옥 심층","n5r4/00","LoadingImage#27",2,"TerritoryIntendedUse#17","마의 전당 판데모니움: 변옥편(영웅) 4",False,145,False,0,True,False,False,False,"BGMSituation#1001",,,,"QuestBattle#0","",-1,589,-1,False,"효월의 종언",0,0,0,"",False,True,0,False,False,True,False,True,True,0,False,False
1010,"ec028","ex4/02_mid_m5/btl/m5b1/level/m5b1",1,"일사바드","사베네어 섬","마그나 글라키에스","default/00","LoadingImage#21",1,"TerritoryIntendedUse#29","눈서리를 밟고",False,0,False,1,True,False,False,False,"BGMSituation#1001",,,,"QuestBattle#0","",1200,562,-1,False,"효월의 종언",0,0,0,"",False,True,0,False,False,True,False,True,True,0,False,False
1011,"ec029","ex4/02_mid_m5/fld/m5f2/level/m5f2",1,"일사바드","갈레말드","갈레말드","m5f2/00","LoadingImage#21",1,"TerritoryIntendedUse#29","어느 추운 밤에",False,27,False,0,True,False,False,False,"BGMSituation#1001",,,,"QuestBattle#0","",1900,563,-1,False,"효월의 종언",0,45,0,"",False,True,0,False,False,True,False,True,True,0,False,False
1012,"ec030","ex4/02_mid_m5/btl/m5b1/level/m5b1",1,"일사바드","사베네어 섬","마그나 글라키에스","default/00","LoadingImage#21",1,"TerritoryIntendedUse#29","퍼져가는 종말",False,141,False,1,True,False,False,False,"BGMSituation#1001",,,,"QuestBattle#0","",1200,564,-1,False,"효월의 종언",0,0,0,"",False,True,0,False,False,True,False,True,True,0,False,False
1013,"ec031","ex4/04_uvs_u5/evt/u5e1/level/u5e1",1,"외계 우주","외계","하늘의 끝","default/00","LoadingImage#28",1,"TerritoryIntendedUse#29","효월의 종언",False,143,False,0,True,False,False,False,"BGMSituation#1001",,,,"QuestBattle#0","",605,584,-1,False,"효월의 종언",0,0,0,"",False,True,0,False,False,True,False,True,True,0,False,False
1014,"ec032","ex4/01_nvt_n5/fld/n5f1/level/n5f1",1,"고대세계","고대세계","엘피스","n5f1/00","LoadingImage#27",1,"TerritoryIntendedUse#29","선대 아젬과의 대련",False,134,False,0,True,False,False,False,"BGMSituation#1001",,,,"QuestBattle#0","",-1,594,-1,False,"효월의 종언",0,0,0,"",False,True,0,False,False,True,False,True,True,0,False,False
1015,"ec033","ffxiv/fst_f1/fld/f1f1/level/f1f1",1,"검은장막 숲","검은장막 숲","검은장막 숲 중부삼림","f1f1/00","LoadingImage#3",1,"TerritoryIntendedUse#29","열린 길 저편으로",False,3,False,0,True,False,False,False,"BGMSituation#1001",,,,"QuestBattle#0","",-1,593,-1,False,"효월의 종언",0,0,0,"",False,True,0,False,False,True,False,True,True,0,False,False
1016,"ec034","ffxiv/sea_s1/dun/s1d1/level/s1d1",1,"라노시아","라노시아","사스타샤 침식 동굴","s1d1/00","LoadingImage#2",1,"TerritoryIntendedUse#29","화합을 향한 출항",False,0,False,0,True,False,False,False,"BGMSituation#1001",,,,"QuestBattle#0","",-1,561,-1,False,"효월의 종언",0,0,0,"",False,True,0,False,False,True,False,True,True,0,False,False
1017,"ec035","ex2/02_est_e3/dun/e3d6/level/e3d6",1,"오사드","오사드","강엔 종묘","e3d6/01","LoadingImage#10",1,"TerritoryIntendedUse#29","도마의 추도",False,0,False,0,True,False,False,False,"BGMSituation#1001",,,,"QuestBattle#0","",-1,590,-1,False,"효월의 종언",0,0,0,"",False,True,0,False,False,True,False,True,True,0,False,False
1018,"ec036","ex1/01_roc_r2/dun/r2d2/level/r2d2",1,"커르다스","이슈가르드","이슈가르드 교황청","r2d2/04","LoadingImage#5",1,"TerritoryIntendedUse#29","창천을 보며 나아가자",False,114,False,1,True,False,False,False,"BGMSituation#1001",,,,"QuestBattle#0","",-1,599,-1,False,"효월의 종언",0,0,0,"",False,True,0,False,False,True,False,True,True,0,False,False
1019,"ec037","ex2/01_gyr_g3/fld/g3f2/level/g3f2",1,"기라바니아","기라바니아","기라바니아 산악지대","g3f2/00","LoadingImage#9",1,"TerritoryIntendedUse#29","우리는 돌아가 그대를 보내리",False,0,False,0,True,False,False,False,"BGMSituation#1001",,,,"QuestBattle#0","",1200,596,-1,False,"효월의 종언",0,13,0,"",False,True,0,False,False,True,False,True,True,0,False,False
1020,"ec038","ffxiv/wil_w1/rad/w1r1/level/w1r1",1,"다날란","다날란","나무꾼의 비명","w1r1/01","LoadingImage#4",1,"TerritoryIntendedUse#29","큰낫의 의미",False,0,False,0,True,False,False,False,"BGMSituation#1001",,,,"QuestBattle#0","",-1,586,-1,False,"효월의 종언",0,0,0,"",False,True,0,False,False,True,False,True,True,0,False,False
1021,"ec039","ex1/01_roc_r2/dun/r2d1/level/r2d1",1,"커르다스","커르다스","어스름 요새","r2d1/00","LoadingImage#5",1,"TerritoryIntendedUse#29","암살의 길",False,42,False,2,True,False,False,False,"BGMSituation#1001",,,,"QuestBattle#0","",-1,587,-1,False,"효월의 종언",0,0,0,"",False,True,0,False,False,True,False,True,True,0,False,False
1022,"ec040","ex1/02_dra_d2/dun/d2d4/level/d2d4",1,"드라바니아","드라바니아","성 모샨 식물원","d2d4/01","LoadingImage#8",1,"TerritoryIntendedUse#29","현자의 짧은 지팡이",False,0,False,0,True,False,False,False,"BGMSituation#1001",,,,"QuestBattle#0","",-1,559,-1,False,"효월의 종언",0,0,0,"",False,True,0,False,False,True,False,True,True,0,False,False
1023,"ec041","ex1/02_dra_d2/fld/d2f1/level/d2f1",1,"드라바니아","드라바니아","고지 드라바니아","d2f1/00","LoadingImage#8",1,"TerritoryIntendedUse#29","생명은 덧없으나 기술은 영원하리",False,50,False,0,True,False,False,False,"BGMSituation#1001",,,,"QuestBattle#0","",-1,560,-1,False,"효월의 종언",0,0,0,"",False,True,0,False,False,True,False,True,True,0,False,False
1024,"m5e3","ex4/02_mid_m5/evt/m5e3/level/m5e3",1,"일사바드","사베네어 섬","신의 문","default/00","LoadingImage#21",0,"TerritoryIntendedUse#15","",False,0,False,0,True,False,False,False,"music/ffxiv/BGM_Con_Teikoku_01.scd",,,"ArrayEventHandler#854443","QuestBattle#0","깨진 유리 전초지",-1,0,-1,False,"효월의 종언",0,0,0,"",False,True,0,False,False,False,False,False,True,0,False,False
1025,"n5r0","ex4/01_nvt_n5/rad/n5r0/level/n5r0",1,"고대세계","고대세계","판데모니움 정문","default/00","LoadingImage#27",0,"TerritoryIntendedUse#15","",False,145,False,0,True,False,False,False,"music/ex4/BGM_EX4_Raid_01.scd",,,"ArrayEventHandler#854531","QuestBattle#0","아나그노리시스 천측원",-1,0,-1,False,"효월의 종언",0,0,0,"",False,True,0,False,False,False,False,False,True,0,False,False
1026,"u5e1","ex4/04_uvs_u5/evt/u5e1/level/u5e1",1,"외계 우주","외계","하늘의 끝","default/00","LoadingImage#28",0,"TerritoryIntendedUse#15","",False,143,False,0,True,False,False,False,"music/ex4/BGM_EX4_Event_18.scd",,,"ArrayEventHandler#854526","QuestBattle#0","리아 타라",605,0,-1,False,"효월의 종언",0,0,0,"",False,True,0,False,False,False,False,True,True,0,False,False
1027,"u5f2_event","ex4/04_uvs_u5/fld/u5f2/level/u5f2",1,"외계 우주","외계","울티마 툴레","u5f2/00","LoadingImage#28",0,"TerritoryIntendedUse#54","",False,136,False,0,True,False,False,False,"music/ex4/BGM_EX4_Field_Ult_Day03.scd",,,,"QuestBattle#0","리아 타라",-1,0,-1,False,"효월의 종언",0,50,0,"",False,True,0,False,False,False,False,False,True,0,False,False
1028,"u5fa_event","ex4/04_uvs_u5/fld/u5fa/level/u5fa",1,"외계 우주","외계","달 밑바닥","u5fa/00","LoadingImage#26",0,"TerritoryIntendedUse#15","",False,139,False,0,True,False,False,False,"music/ex4/BGM_EX4_Ban_01.scd",,,,"QuestBattle#0","눈물의 만",-1,0,-1,False,"효월의 종언",0,0,0,"",False,True,0,False,False,False,False,False,True,0,False,False
1029,"u5fb_event","ex4/04_uvs_u5/fld/u5fb/level/u5fb",1,"외계 우주","외계","최후의 종언","u5fb/00","LoadingImage#28",0,"TerritoryIntendedUse#15","",False,116,False,0,True,False,False,False,"music/ex4/BGM_EX4_Ban_04.scd",,,"ArrayEventHandler#854525","QuestBattle#0","리아 타라",-1,0,-1,False,"효월의 종언",0,0,0,"",False,True,0,False,False,False,False,False,True,0,False,False
1030,"k5fa_event","ex4/03_kld_k5/fld/k5fa/level/k5fa",1,"북해 지역","라비린토스","어머니 크리스탈","k5fa/00","LoadingImage#25",0,"TerritoryIntendedUse#15","",False,139,False,0,True,False,False,False,"music/ex4/BGM_EX4_Ban_02.scd",,,"ArrayEventHandler#854530","QuestBattle#0","아르케이온 보관원",-1,0,-1,False,"효월의 종언",0,0,0,"",False,True,0,False,False,False,False,False,True,0,False,False
1031,"n5e1","ex4/01_nvt_n5/evt/n5e1/level/n5e1",1,"고대세계","고대세계","프로필라이온","default/00","LoadingImage#27",0,"TerritoryIntendedUse#54","",False,0,False,0,True,False,False,False,"music/ex2/BGM_EX2_Event_31.scd",,,"ArrayEventHandler#854543","QuestBattle#0","아나그노리시스 천측원",-1,0,-1,False,"효월의 종언",0,0,0,"",False,True,0,False,False,False,False,False,True,0,False,False
1032,"s5p1","ffxiv/pvp_xx/pvp/s5p1/level/s5p1",4,"???","늑대우리","팔라이스트라","s5p1/00","LoadingImage#1",2,"TerritoryIntendedUse#28","",False,0,False,0,True,False,False,False,"BGMSituation#1001",,,,"QuestBattle#0","",1100,622,-1,True,"신생 에오르제아",0,0,0,"",False,True,0,False,False,False,False,True,True,0,False,False
1033,"s5p2","ffxiv/pvp_xx/pvp/s5p2/level/s5p2",4,"???","늑대우리","화산심장","s5p2/00","LoadingImage#1",2,"TerritoryIntendedUse#28","",False,0,False,0,True,False,False,False,"BGMSituation#1001",,,,"QuestBattle#0","",1100,623,-1,True,"신생 에오르제아",0,0,0,"",False,True,0,False,False,False,False,True,True,0,False,False
1034,"s5p3","ffxiv/pvp_xx/pvp/s5p3/level/s5p3",4,"???","늑대우리","절정의 구름","s5p3/00","LoadingImage#1",2,"TerritoryIntendedUse#28","",False,0,False,0,True,False,False,False,"BGMSituation#1001",,,,"QuestBattle#0","",1100,624,-1,True,"신생 에오르제아",0,0,0,"",False,True,0,False,False,False,False,True,True,0,False,False
1035,"","",0,"","","","","LoadingImage#0",0,"TerritoryIntendedUse#0","",False,0,False,0,False,False,False,False,"",,,,"QuestBattle#0","",0,0,0,False,"신생 에오르제아",0,0,0,"",False,False,0,False,False,False,False,False,False,0,False,False
1036,"s1d1_re","ffxiv/sea_s1/dun/s1d1/level/s1d1",1,"라노시아","라노시아","사스타샤 침식 동굴","s1d1/00","LoadingImage#2",2,"TerritoryIntendedUse#3","사스타샤 침식 동굴",False,0,False,0,True,False,False,False,"BGMSituation#1032",,,,"QuestBattle#0","",-1,24,-1,False,"신생 에오르제아",0,0,0,"",False,True,0,False,False,False,False,False,True,0,False,False
1037,"f1d1_re","ffxiv/fst_f1/dun/f1d1/level/f1d1",1,"검은장막 숲","검은장막 숲","탐타라 묘소","f1d1/00","LoadingImage#3",2,"TerritoryIntendedUse#3","탐타라 묘소",False,0,False,0,True,False,False,False,"BGMSituation#1015",,,,"QuestBattle#0","",-1,28,-1,False,"신생 에오르제아",0,0,0,"",False,True,0,False,False,False,False,False,True,0,False,False
1038,"w1d1_re","ffxiv/wil_w1/dun/w1d1/level/w1d1",1,"다날란","다날란","구리종 광산","w1d1/01","LoadingImage#4",2,"TerritoryIntendedUse#3","구리종 광산",False,0,False,0,True,False,False,False,"BGMSituation#1047",,,,"QuestBattle#0","",-1,603,-1,False,"신생 에오르제아",0,0,0,"",False,True,0,False,False,False,False,False,True,0,False,False
1039,"f1r1_re","ffxiv/fst_f1/rad/f1r1/level/f1r1",1,"검은장막 숲","검은장막 숲","토토라크 감옥","f1r1/00","LoadingImage#3",2,"TerritoryIntendedUse#3","토토라크 감옥",False,0,False,0,True,False,False,False,"BGMSituation#1016",,,,"QuestBattle#0","",-1,31,-1,False,"신생 에오르제아",0,0,0,"",False,True,0,False,False,False,False,False,True,0,False,False
1040,"f1d2_re","ffxiv/fst_f1/dun/f1d2/level/f1d2",1,"검은장막 숲","검은장막 숲","하우케타 별궁","f1d2/01","LoadingImage#3",2,"TerritoryIntendedUse#3","하우케타 별궁",False,0,False,0,True,False,False,False,"BGMSituation#1017",,,,"QuestBattle#0","",-1,602,-1,False,"신생 에오르제아",0,0,0,"",False,True,0,False,False,False,False,False,True,0,False,False
1041,"s1d2_re","ffxiv/sea_s1/dun/s1d2/level/s1d2",1,"라노시아","라노시아","브레이플록스의 야영지","s1d2/00","LoadingImage#2",2,"TerritoryIntendedUse#3","브레이플록스의 야영지",False,0,False,0,True,False,False,False,"BGMSituation#1033",,,,"QuestBattle#0","",-1,25,-1,False,"신생 에오르제아",0,0,0,"",False,True,0,False,False,False,False,False,True,0,False,False
1042,"r1d1_re","ffxiv/roc_r1/dun/r1d1/level/r1d1",1,"커르다스","커르다스","돌방패 경계초소","r1d1/00","LoadingImage#5",2,"TerritoryIntendedUse#3","돌방패 경계초소",False,27,False,2,True,False,False,False,"BGMSituation#1069",,,,"QuestBattle#0","",-1,12,-1,False,"신생 에오르제아",0,0,0,"",False,True,0,False,False,False,False,False,True,0,False,False
1043,"w1d4_re","ffxiv/wil_w1/dun/w1d4/level/w1d4",1,"다날란","다날란","카스트룸 메리디아눔","w1d4/00","LoadingImage#4",2,"TerritoryIntendedUse#3","카스트룸 메리디아눔",False,0,False,0,True,False,False,False,"BGMSituation#1001",,,,"QuestBattle#0","",-1,611,-1,False,"신생 에오르제아",0,0,0,"",False,True,0,False,False,True,False,False,True,0,False,False
1044,"w1d5_re","ffxiv/wil_w1/dun/w1d5/level/w1d5",1,"다날란","다날란","마도성 프라이토리움","w1d5/01","LoadingImage#4",2,"TerritoryIntendedUse#3","마도성 프라이토리움",False,0,False,0,True,False,False,False,"BGMSituation#1001",,,,"QuestBattle#0","",-1,605,-1,False,"신생 에오르제아",0,0,0,"",False,True,0,False,False,False,False,False,True,0,False,False
1045,"w1fa_re","ffxiv/wil_w1/fld/w1fa/level/w1fa",1,"다날란","다날란","불꽃신의 제단","w1fa/00","LoadingImage#4",2,"TerritoryIntendedUse#10","이프리트 토벌전",False,25,False,0,True,False,False,False,"BGMSituation#1001",,,,"QuestBattle#0","",-1,5,-1,False,"신생 에오르제아",0,0,0,"",False,True,0,False,False,False,False,False,True,0,False,False
1046,"s1fa_re","ffxiv/sea_s1/fld/s1fa/level/s1fa",1,"라노시아","라노시아","오고모로 화산구 신전","s1fa/00","LoadingImage#2",2,"TerritoryIntendedUse#10","타이탄 토벌전",False,23,False,0,True,False,False,False,"BGMSituation#1001",,,,"QuestBattle#0","",-1,6,-1,False,"신생 에오르제아",0,0,0,"",False,True,0,False,False,False,False,False,True,0,False,False
1047,"r1fa_re","ffxiv/roc_r1/fld/r1fa/level/r1fa",1,"커르다스","커르다스","울부짖는 눈 석탑군","r1fa/01","LoadingImage#5",2,"TerritoryIntendedUse#10","가루다 토벌전",False,26,False,0,True,False,False,False,"BGMSituation#1001",,,,"QuestBattle#0","",-1,10,-1,False,"신생 에오르제아",0,0,0,"",False,True,0,False,False,False,False,False,True,0,False,False
1048,"w1d5_battle","ffxiv/wil_w1/dun/w1d5/level/w1d5",1,"다날란","다날란","후방 출입구","w1d5/08","LoadingImage#4",2,"TerritoryIntendedUse#10","알테마 웨폰 파괴작전",False,0,False,0,True,False,False,False,"BGMSituation#1001",,,,"QuestBattle#0","",-1,618,-1,False,"신생 에오르제아",0,0,0,"",False,True,0,False,False,False,False,False,True,0,False,False
1049,"ec043","ffxiv/wil_w1/fld/w1f1/level/w1f1",1,"다날란","다날란","서부 다날란","w1f1/00","LoadingImage#4",1,"TerritoryIntendedUse#29","리트아틴 강습전",False,0,False,0,True,False,False,False,"BGMSituation#1001",,,,"QuestBattle#0","",2330,620,-1,False,"신생 에오르제아",0,0,0,"",False,True,0,False,False,False,False,False,True,0,False,False
1050,"m5d4","ex4/02_mid_m5/dun/m5d4/level/m5d4",1,"일사바드","사베네어 섬","알자달 해저 유적","m5d4/01","LoadingImage#23",2,"TerritoryIntendedUse#3","알자달 해저 유적",False,0,False,0,True,False,False,False,"BGMSituation#1001",,,,"QuestBattle#0","",-1,607,-1,False,"효월의 종언",0,0,0,"",False,True,0,False,False,True,False,True,True,0,False,False
1051,"ec042","ex4/02_mid_m5/dun/m5d2/level/m5d2",1,"일사바드","사베네어 섬","바브일 탑","m5d2/04","LoadingImage#21",1,"TerritoryIntendedUse#29","네르바의 제국",False,28,False,0,True,False,False,False,"BGMSituation#1001",,,,"QuestBattle#0","",-1,604,-1,False,"효월의 종언",0,0,0,"",False,True,0,False,False,True,False,True,True,0,False,False
1052,"ec044","ffxiv/wil_w1/dun/w1d5/level/w1d5",1,"다날란","다날란","후방 출입구","w1d5/09","LoadingImage#4",1,"TerritoryIntendedUse#29","아씨엔 라하브레아 토벌전",False,0,False,0,True,False,False,False,"BGMSituation#1001",,,,"QuestBattle#0","",-1,616,-1,False,"신생 에오르제아",0,0,0,"",False,True,0,False,False,False,False,True,True,0,False,False
1053,"w1d5_event","ffxiv/wil_w1/dun/w1d5/level/w1d5",1,"다날란","다날란","후방 출입구","w1d5/09","LoadingImage#4",0,"TerritoryIntendedUse#15","",False,0,False,0,True,False,False,False,,,,"ArrayEventHandler#854592","QuestBattle#0","청린 정제소",-1,0,-1,False,"신생 에오르제아",0,0,0,"",False,True,0,False,False,False,False,False,True,0,False,False
1054,"z5r1","ex4/05_zon_z5/rad/z5r1/level/z5r1",1,"???","","아글라이아","z5r1/01","LoadingImage#1",2,"TerritoryIntendedUse#8","찬란한 신역 아글라이아",False,147,False,0,True,False,False,False,"BGMSituation#1001",,,,"QuestBattle#0","",-1,0,-1,False,"효월의 종언",0,0,0,"",False,True,0,False,False,True,False,True,True,0,False,False
1055,"h1m2","ffxiv/hou_xx/hou/h1m2/level/h1m2",1,"???","","이름 없는 섬","h1m2/02","LoadingImage#1",0,"TerritoryIntendedUse#49","",False,148,False,0,True,False,True,False,"BGMSituation#1001",,,"ArrayEventHandler#854627","QuestBattle#0","모라비 조선소",-1,653,-1,False,"신생 에오르제아",0,0,0,"",False,True,0,False,False,False,False,False,True,0,False,False
1056,"m5d4_event","ex4/02_mid_m5/dun/m5d4/level/m5d4",1,"일사바드","사베네어 섬","알자달 해저 유적","m5d4/01","LoadingImage#23",0,"TerritoryIntendedUse#15","",False,0,False,0,True,False,False,False,"music/ex4/BGM_EX4_Dan_D09.scd",,,"ArrayEventHandler#854597","QuestBattle#0","예드리만",-1,0,-1,False,"효월의 종언",0,0,0,"",False,True,0,False,False,False,False,False,True,0,False,False
1057,"k5e4","ex4/03_kld_k5/evt/k5e4/level/k5e4",1,"북해 지역","올드 샬레이안","누메논 대서원 금서고","k5e4/00","LoadingImage#22",0,"TerritoryIntendedUse#15","",False,137,False,0,True,False,False,False,"music/ex4/BGM_EX4_Town_O_Event01.scd",,,,"QuestBattle#0","올드 샬레이안",-1,0,-1,False,"효월의 종언",0,0,0,"",False,True,0,False,False,False,False,False,True,0,False,False
1058,"s5p1_ctm","ffxiv/pvp_xx/pvp/s5p1/level/s5p1",4,"???","늑대우리","팔라이스트라","s5p1/00","LoadingImage#1",2,"TerritoryIntendedUse#37","",False,0,False,0,True,False,False,False,"BGMSituation#1001",,,,"QuestBattle#0","",1100,622,-1,True,"신생 에오르제아",0,0,0,"",False,True,0,False,False,False,False,True,True,0,False,False
1059,"s5p2_ctm","ffxiv/pvp_xx/pvp/s5p2/level/s5p2",4,"???","늑대우리","화산심장","s5p2/00","LoadingImage#1",2,"TerritoryIntendedUse#37","",False,0,False,0,True,False,False,False,"BGMSituation#1001",,,,"QuestBattle#0","",1100,623,-1,True,"신생 에오르제아",0,0,0,"",False,True,0,False,False,False,False,True,True,0,False,False
1060,"s5p3_ctm","ffxiv/pvp_xx/pvp/s5p3/level/s5p3",4,"???","늑대우리","절정의 구름","s5p3/00","LoadingImage#1",2,"TerritoryIntendedUse#37","",False,0,False,0,True,False,False,False,"BGMSituation#1001",,,,"QuestBattle#0","",1100,624,-1,True,"신생 에오르제아",0,0,0,"",False,True,0,False,False,False,False,True,True,0,False,False
1061,"z5e1","ex4/05_zon_z5/evt/z5e1/level/z5e1",1,"???","","옴팔로스","z5e1/00","LoadingImage#1",0,"TerritoryIntendedUse#15","",False,147,False,0,True,False,False,False,"music/ex4/BGM_EX4_MoE_01.scd",,,"ArrayEventHandler#854598","QuestBattle#0","망자의 종소리",-1,0,-1,False,"효월의 종언",0,0,0,"",False,True,0,False,False,False,False,False,True,0,False,False
1062,"r1d3_re","ffxiv/roc_r1/dun/r1d3/level/r1d3",1,"커르다스","커르다스","얼음외투 대빙벽","r1d3/00","LoadingImage#5",2,"TerritoryIntendedUse#3","얼음외투 대빙벽",False,42,False,2,True,False,False,False,"BGMSituation#1001",,,,"QuestBattle#0","",-1,634,-1,False,"신생 에오르제아",0,0,0,"",False,True,0,False,False,False,False,True,True,0,False,False
1063,"l1d1_re","ffxiv/lak_l1/dun/l1d1/level/l1d1",1,"모르도나","모르도나","묵약의 탑","l1d1/01","LoadingImage#6",2,"TerritoryIntendedUse#3","묵약의 탑",False,74,False,0,True,False,False,False,"BGMSituation#1001",,,,"QuestBattle#0","",-1,626,-1,False,"신생 에오르제아",0,0,0,"",False,True,0,False,False,False,False,True,True,0,False,False
1064,"d2d1_re","ex1/02_dra_d2/dun/d2d1/level/d2d1",1,"드라바니아","드라바니아","솜 알","d2d1/01","LoadingImage#8",2,"TerritoryIntendedUse#3","솜 알",False,0,False,0,True,False,False,False,"BGMSituation#1001",,,,"QuestBattle#0","",-1,111,-1,False,"창천의 이슈가르드",0,0,0,"",False,True,0,False,False,False,False,True,True,0,False,False
1065,"d2d2_re","ex1/02_dra_d2/dun/d2d2/level/d2d2",1,"드라바니아","드라바니아","용의 둥지","d2d2/00","LoadingImage#8",2,"TerritoryIntendedUse#3","용의 둥지",False,28,False,0,True,False,False,False,"BGMSituation#1001",,,,"QuestBattle#0","",-1,627,-1,False,"창천의 이슈가르드",0,0,0,"",False,True,0,False,False,False,False,True,True,0,False,False
1066,"r2d2_re","ex1/01_roc_r2/dun/r2d2/level/r2d2",1,"커르다스","이슈가르드","이슈가르드 교황청","r2d2/01","LoadingImage#5",2,"TerritoryIntendedUse#3","이슈가르드 교황청",False,0,False,1,True,False,False,False,"BGMSituation#1001",,,,"QuestBattle#0","",-1,93,-1,False,"창천의 이슈가르드",0,0,0,"",False,True,0,False,False,False,False,True,True,0,False,False
1067,"f1fa_re","ffxiv/fst_f1/fld/f1fa/level/f1fa",1,"검은장막 숲","검은장막 숲","가시 정원","f1fa/00","LoadingImage#3",2,"TerritoryIntendedUse#10","선왕 모그루 모그 XII세 토벌전",False,30,False,0,True,False,False,False,"BGMSituation#1001",,,,"QuestBattle#0","",-1,625,-1,False,"신생 에오르제아",0,0,0,"",False,True,0,False,False,False,False,True,True,0,False,False
1068,"ec045","ffxiv/roc_r1/fld/r1fd/level/r1fd",1,"커르다스","커르다스","구름길","r1fd/00","LoadingImage#5",1,"TerritoryIntendedUse#29","성도 이슈가르드 방어전",False,28,False,2,True,False,False,False,"BGMSituation#1001",,,,"QuestBattle#0","",-1,654,-1,False,"신생 에오르제아",0,0,0,"",False,True,0,False,False,True,False,True,True,0,False,False
1069,"w5d1","ex4/06_wil_w5/dun/w5d1/level/w5d1",1,"다날란","다날란","실디하 지하수도","w5d1/00","LoadingImage#4",2,"TerritoryIntendedUse#4","변형 던전: 실디하 지하수도",False,0,False,0,True,False,False,False,"BGMSituation#1001",,,,"QuestBattle#0","",-1,0,-1,False,"효월의 종언",0,0,0,"",False,True,0,False,False,True,False,True,True,0,False,False
1070,"z5d1","ex4/05_zon_z5/dun/z5d1/level/z5d1",1,"???","","트로이아 궁정","z5d1/01","LoadingImage#1",2,"TerritoryIntendedUse#3","트로이아 궁정",False,149,False,0,True,False,False,False,"BGMSituation#1001",,,,"QuestBattle#0","",-1,628,-1,False,"효월의 종언",0,0,0,"",False,True,0,False,False,True,False,True,True,0,False,False
1071,"z5fa","ex4/05_zon_z5/fld/z5fa/level/z5fa",1,"???","","머릿결 바람탑","z5fa/00","LoadingImage#1",2,"TerritoryIntendedUse#10","바르바리차 토벌전",False,149,False,0,True,False,False,False,"BGMSituation#1001",,,,"QuestBattle#0","",-1,629,-1,False,"효월의 종언",0,0,0,"",False,True,0,False,False,True,False,True,True,0,False,False
1072,"z5fa_2","ex4/05_zon_z5/fld/z5fa/level/z5fa",1,"???","","머릿결 바람탑","z5fa/00","LoadingImage#1",2,"TerritoryIntendedUse#10","극 바르바리차 토벌전",False,149,False,0,True,False,False,False,"BGMSituation#1001",,,,"QuestBattle#0","",-1,630,-1,False,"효월의 종언",0,0,0,"",False,True,0,False,False,True,False,True,True,0,False,False
1073,"u5e3","ex4/04_uvs_u5/evt/u5e3/level/u5e3",1,"외계 우주","외계","엘리시온","u5e3/02","LoadingImage#28",0,"TerritoryIntendedUse#56","",False,136,False,0,True,False,False,False,"music/ex4/BGM_EX4_BanFort_Omi_Good.scd",,,"ArrayEventHandler#854628","QuestBattle#0","오미크론 기지",-1,0,-1,False,"효월의 종언",0,0,0,"",False,True,0,False,False,False,False,False,True,0,False,False
1074,"","",0,"","","","","LoadingImage#0",0,"TerritoryIntendedUse#0","",False,0,False,0,False,False,False,False,"",,,,"QuestBattle#0","",0,0,0,False,"신생 에오르제아",0,0,0,"",False,False,0,False,False,False,False,False,False,0,False,False
1075,"w5d2","ex4/06_wil_w5/dun/w5d2/level/w5d2",1,"다날란","다날란","번외 실디하 지하수도","w5d2/01","LoadingImage#4",2,"TerritoryIntendedUse#57","파생 던전: 번외 실디하 지하수도",False,0,False,0,True,False,False,False,"BGMSituation#1001",,,,"QuestBattle#0","",-1,645,-1,False,"효월의 종언",0,0,0,"",False,True,0,False,False,False,False,True,True,0,False,False
1076,"w5d2_2","ex4/06_wil_w5/dun/w5d2/level/w5d2",1,"다날란","다날란","번외 실디하 지하수도","w5d2/01","LoadingImage#4",2,"TerritoryIntendedUse#58","파생 던전: 번외 실디하 지하수도(영웅)",False,0,False,0,True,False,False,False,"BGMSituation#1001",,,,"QuestBattle#0","",-1,649,-1,False,"효월의 종언",0,0,0,"",False,True,0,False,False,False,False,True,True,0,False,False
1077,"z5e4","ex4/05_zon_z5/evt/z5e4/level/z5e4",1,"???","","제로의 영역","z5e4/00","LoadingImage#1",0,"TerritoryIntendedUse#15","",False,149,False,0,True,False,True,False,"music/ex4/BGM_EX4_Event_28.scd",,,"ArrayEventHandler#854641","QuestBattle#0","예드리만",-1,0,-1,False,"효월의 종언",0,0,0,"",False,True,0,False,False,False,False,False,True,0,False,False
1078,"m5e4","ex4/02_mid_m5/evt/m5e4/level/m5e4",1,"일사바드","라자한","메가두타 궁전 객실","m5e4/00","LoadingImage#24",0,"TerritoryIntendedUse#15","",False,138,False,0,True,False,False,False,"music/ex4/BGM_EX4_Town_R_Day2.scd",,,,"QuestBattle#0","라자한",-1,0,-1,False,"효월의 종언",0,0,0,"",False,True,0,False,False,False,False,False,True,0,False,False
1079,"k5e5","ex4/03_kld_k5/evt/k5e5/level/k5e5",1,"북해 지역","라비린토스","아이티온 별현미경","k5e5/00","LoadingImage#25",0,"TerritoryIntendedUse#15","",False,0,False,0,True,False,False,False,,,,"ArrayEventHandler#854666","QuestBattle#0","아포리아 본부",-1,0,-1,False,"효월의 종언",0,0,0,"",False,True,0,False,False,False,False,False,True,0,False,False
1080,"u5c1_2","ex4/04_uvs_u5/cnt/u5c1/level/u5c1",1,"외계 우주","외계","익사이트론","default/00","LoadingImage#26",3,"TerritoryIntendedUse#33","보물고 익사이트론 외층",False,114,False,0,True,False,False,False,"BGMSituation#1001",,,,"QuestBattle#0","",-1,585,-1,False,"효월의 종언",0,0,0,"",False,True,0,False,False,True,False,False,True,0,False,False
1081,"n5r5","ex4/01_nvt_n5/rad/n5r5/level/n5r5",1,"고대세계","고대세계","맹독생물 격리동","n5r5/00","LoadingImage#27",2,"TerritoryIntendedUse#17","마의 전당 판데모니움: 연옥편 1",False,145,False,0,True,False,False,False,"BGMSituation#1001",,,,"QuestBattle#0","",-1,641,-1,False,"효월의 종언",0,0,0,"",False,True,0,False,False,True,False,True,False,0,False,False
1082,"n5r5_2","ex4/01_nvt_n5/rad/n5r5/level/n5r5",1,"고대세계","고대세계","맹독생물 격리동","n5r5/00","LoadingImage#27",2,"TerritoryIntendedUse#17","마의 전당 판데모니움: 연옥편(영웅) 1",False,145,False,0,True,False,False,False,"BGMSituation#1001",,,,"QuestBattle#0","",-1,642,-1,False,"효월의 종언",0,0,0,"",False,True,0,False,False,True,False,True,True,0,False,False
1083,"n5r6","ex4/01_nvt_n5/rad/n5r6/level/n5r6",1,"고대세계","고대세계","기생생물 격리동","n5r6/00","LoadingImage#27",2,"TerritoryIntendedUse#17","마의 전당 판데모니움: 연옥편 2",False,145,False,0,True,False,False,False,"BGMSituation#1001",,,,"QuestBattle#0","",-1,632,-1,False,"효월의 종언",0,0,0,"",False,True,0,False,False,True,False,True,True,0,False,False
1084,"n5r6_2","ex4/01_nvt_n5/rad/n5r6/level/n5r6",1,"고대세계","고대세계","기생생물 격리동","n5r6/00","LoadingImage#27",2,"TerritoryIntendedUse#17","마의 전당 판데모니움: 연옥편(영웅) 2",False,145,False,0,True,False,False,False,"BGMSituation#1001",,,,"QuestBattle#0","",-1,633,-1,False,"효월의 종언",0,0,0,"",False,True,0,False,False,True,False,True,True,0,False,False
1085,"n5r7","ex4/01_nvt_n5/rad/n5r7/level/n5r7",1,"고대세계","고대세계","생명의 나무 격리동","n5r7/00","LoadingImage#27",2,"TerritoryIntendedUse#17","마의 전당 판데모니움: 연옥편 3",False,145,False,0,True,False,False,False,"BGMSituation#1001",,,,"QuestBattle#0","",-1,643,-1,False,"효월의 종언",0,0,0,"",False,True,0,False,False,True,False,True,True,0,False,False
1086,"n5r7_2","ex4/01_nvt_n5/rad/n5r7/level/n5r7",1,"고대세계","고대세계","생명의 나무 격리동","n5r7/00","LoadingImage#27",2,"TerritoryIntendedUse#17","마의 전당 판데모니움: 연옥편(영웅) 3",False,145,False,0,True,False,False,False,"BGMSituation#1001",,,,"QuestBattle#0","",-1,644,-1,False,"효월의 종언",0,0,0,"",False,True,0,False,False,True,False,True,True,0,False,False
1087,"n5r8","ex4/01_nvt_n5/rad/n5r8/level/n5r8",1,"고대세계","고대세계","생명신비 연구동","n5r8/00","LoadingImage#27",2,"TerritoryIntendedUse#17","마의 전당 판데모니움: 연옥편 4",False,145,False,0,True,False,False,False,"BGMSituation#1001",,,,"QuestBattle#0","",-1,639,-1,False,"효월의 종언",0,0,0,"",False,True,0,False,False,True,False,True,True,0,False,False
1088,"n5r8_2","ex4/01_nvt_n5/rad/n5r8/level/n5r8",1,"고대세계","고대세계","생명신비 연구동","n5r8/00","LoadingImage#27",2,"TerritoryIntendedUse#17","마의 전당 판데모니움: 연옥편(영웅) 4",False,145,False,0,True,False,False,False,"BGMSituation#1001",,,,"QuestBattle#0","",-1,640,-1,False,"효월의 종언",0,0,0,"",False,True,0,False,False,True,False,True,True,0,False,False
1089,"z5d1_event","ex4/05_zon_z5/dun/z5d1/level/z5d1",1,"???","","트로이아 궁정","z5d1/01","LoadingImage#1",0,"TerritoryIntendedUse#15","",False,149,False,0,True,False,True,False,"music/ex4/BGM_EX4_Dan_D10.scd",,,"ArrayEventHandler#854634","QuestBattle#0","예드리만",-1,0,-1,False,"효월의 종언",0,0,0,"",False,True,0,False,False,False,False,False,True,0,False,False
1090,"","",0,"","","","","LoadingImage#0",0,"TerritoryIntendedUse#0","",False,0,False,0,False,False,False,False,"",,,,"QuestBattle#0","",0,0,0,False,"신생 에오르제아",0,0,0,"",False,False,0,False,False,False,False,False,False,0,False,False
1091,"ec046","ex4/05_zon_z5/dun/z5d1/level/z5d1",1,"???","","트로이아 궁정","z5d1/02","LoadingImage#1",1,"TerritoryIntendedUse#29","잃어버린 힘",False,149,False,0,True,False,False,False,"BGMSituation#1001",,,,"QuestBattle#0","",-1,631,-1,False,"효월의 종언",0,0,0,"",False,True,0,False,False,True,False,True,True,0,False,False
1092,"z5fa_event","ex4/05_zon_z5/fld/z5fa/level/z5fa",1,"???","","머릿결 바람탑","default/00","LoadingImage#1",0,"TerritoryIntendedUse#15","",False,149,False,0,True,False,False,False,"music/ex4/BGM_EX4_Ban_07.scd",,,"ArrayEventHandler#854650","QuestBattle#0","예드리만",-1,0,-1,False,"효월의 종언",0,0,0,"",False,True,0,False,False,False,False,False,True,0,False,False
1093,"n5r8_event","ex4/01_nvt_n5/rad/n5r8/level/n5r8",1,"고대세계","고대세계","생명신비 연구동","n5r8/00","LoadingImage#27",0,"TerritoryIntendedUse#15","",False,145,False,0,True,False,False,False,"music/ex4/BGM_EX4_Raid_01.scd",,,"ArrayEventHandler#854637","QuestBattle#0","아포리아 본부",-1,0,-1,False,"효월의 종언",0,0,0,"",False,True,0,False,False,False,False,False,True,0,False,False
1094,"f1ea","ffxiv/fst_f1/evt/f1ea/level/f1ea",1,"검은장막 숲","검은장막 숲","마인의 은신처","f1ea/00","LoadingImage#3",0,"TerritoryIntendedUse#32","",False,0,False,0,True,False,False,False,"music/ffxiv/BGM_Season_Halloween.scd",,,,"QuestBattle#0","굽은가지 목장",-1,0,-1,False,"신생 에오르제아",0,0,0,"",False,True,0,False,False,False,False,False,True,0,False,False
1095,"m5fa","ex4/02_mid_m5/fld/m5fa/level/m5fa",1,"일사바드","사베네어 섬","시련의 산","m5fa/00","LoadingImage#23",2,"TerritoryIntendedUse#10","루비칸테 토벌전",False,0,False,0,True,False,False,False,"BGMSituation#1001",,,,"QuestBattle#0","",-1,688,-1,False,"효월의 종언",0,0,0,"",False,True,0,False,False,True,False,True,True,0,False,False
1096,"m5fa_2","ex4/02_mid_m5/fld/m5fa/level/m5fa",1,"일사바드","사베네어 섬","시련의 산","m5fa/00","LoadingImage#23",2,"TerritoryIntendedUse#10","극 루비칸테 토벌전",False,0,False,0,True,False,False,False,"BGMSituation#1001",,,,"QuestBattle#0","",-1,689,-1,False,"효월의 종언",0,0,0,"",False,True,0,False,False,True,False,True,True,0,False,False
1097,"m5d5","ex4/02_mid_m5/dun/m5d5/level/m5d5",1,"일사바드","사베네어 섬","라피스 마날리스","m5d5/01","LoadingImage#21",2,"TerritoryIntendedUse#3","라피스 마날리스",False,42,False,1,True,False,False,False,"BGMSituation#1001",,,,"QuestBattle#0","깨진 유리 전초지",-1,655,-1,False,"효월의 종언",0,0,0,"",False,True,0,False,False,True,False,True,True,0,False,False
1098,"f1eb","ffxiv/fst_f1/evt/f1eb/level/f1eb",1,"검은장막 숲","골드 소서","실프 영지풍 특설 경기장","default/00","LoadingImage#3",3,"TerritoryIntendedUse#44","뛰어라! 점핑 운동회",False,0,False,0,True,False,False,False,"music/ffxiv/BGM_GlodSaucer_GATE.scd",,,,"QuestBattle#0","",-1,0,-1,False,"신생 에오르제아",0,0,0,"",False,True,0,False,False,False,False,False,True,0,False,False
1099,"l5c1","ex4/07_lak_l5/cnt/l5c1/level/l5c1",1,"모르도나","모르도나","에우레카 오르토스","","LoadingImage#6",2,"TerritoryIntendedUse#31","에우레카 오르토스 B1~B10",False,0,False,0,True,False,False,False,"BGMSituation#1001",,,,"QuestBattle#0","",-1,669,-1,False,"효월의 종언",0,0,0,"",False,True,0,False,False,False,False,True,True,0,False,False
1100,"l5c2","ex4/07_lak_l5/cnt/l5c2/level/l5c2",1,"모르도나","모르도나","에우레카 오르토스","","LoadingImage#6",2,"TerritoryIntendedUse#31","에우레카 오르토스 B11~B20",False,0,False,0,True,False,False,False,"BGMSituation#1001",,,,"QuestBattle#0","",-1,670,-1,False,"효월의 종언",0,0,0,"",False,True,0,False,False,False,False,True,True,0,False,False
1101,"l5c3","ex4/07_lak_l5/cnt/l5c3/level/l5c3",1,"모르도나","모르도나","에우레카 오르토스","","LoadingImage#6",2,"TerritoryIntendedUse#31","에우레카 오르토스 B21~B30",False,0,False,0,True,False,False,False,"BGMSituation#1001",,,,"QuestBattle#0","",-1,671,-1,False,"효월의 종언",0,0,0,"",False,True,0,False,False,False,False,True,True,0,False,False
1102,"l5c3_2","ex4/07_lak_l5/cnt/l5c3/level/l5c3",1,"모르도나","모르도나","에우레카 오르토스","","LoadingImage#6",2,"TerritoryIntendedUse#31","에우레카 오르토스 B31~B40",False,0,False,0,True,False,False,False,"BGMSituation#1001",,,,"QuestBattle#0","",-1,672,-1,False,"효월의 종언",0,0,0,"",False,True,0,False,False,False,False,True,True,0,False,False
1103,"l5c4","ex4/07_lak_l5/cnt/l5c4/level/l5c4",1,"모르도나","모르도나","에우레카 오르토스","","LoadingImage#6",2,"TerritoryIntendedUse#31","에우레카 오르토스 B41~B50",False,0,False,0,True,False,False,False,"BGMSituation#1001",,,,"QuestBattle#0","",-1,673,-1,False,"효월의 종언",0,0,0,"",False,True,0,False,False,False,False,True,True,0,False,False
1104,"l5c4_2","ex4/07_lak_l5/cnt/l5c4/level/l5c4",1,"모르도나","모르도나","에우레카 오르토스","","LoadingImage#6",2,"TerritoryIntendedUse#31","에우레카 오르토스 B51~B60",False,0,False,0,True,False,False,False,"BGMSituation#1001",,,,"QuestBattle#0","",-1,674,-1,False,"효월의 종언",0,0,0,"",False,True,0,False,False,False,False,True,True,0,False,False
1105,"l5c5","ex4/07_lak_l5/cnt/l5c5/level/l5c5",1,"모르도나","모르도나","에우레카 오르토스","","LoadingImage#6",2,"TerritoryIntendedUse#31","에우레카 오르토스 B61~B70",False,0,False,0,True,False,False,False,"BGMSituation#1001",,,,"QuestBattle#0","",-1,675,-1,False,"효월의 종언",0,0,0,"",False,True,0,False,False,False,False,True,True,0,False,False
1106,"l5c5_2","ex4/07_lak_l5/cnt/l5c5/level/l5c5",1,"모르도나","모르도나","에우레카 오르토스","","LoadingImage#6",2,"TerritoryIntendedUse#31","에우레카 오르토스 B71~B80",False,0,False,0,True,False,False,False,"BGMSituation#1001",,,,"QuestBattle#0","",-1,676,-1,False,"효월의 종언",0,0,0,"",False,True,0,False,False,False,False,True,True,0,False,False
1107,"l5c6","ex4/07_lak_l5/cnt/l5c6/level/l5c6",1,"모르도나","모르도나","에우레카 오르토스","","LoadingImage#6",2,"TerritoryIntendedUse#31","에우레카 오르토스 B81~B90",False,0,False,0,True,False,False,False,"BGMSituation#1001",,,,"QuestBattle#0","",-1,677,-1,False,"효월의 종언",0,0,0,"",False,True,0,False,False,False,False,True,True,0,False,False
1108,"l5c6_2","ex4/07_lak_l5/cnt/l5c6/level/l5c6",1,"모르도나","모르도나","에우레카 오르토스","","LoadingImage#6",2,"TerritoryIntendedUse#31","에우레카 오르토스 B91~B100",False,0,False,0,True,False,False,False,"BGMSituation#1001",,,,"QuestBattle#0","",-1,678,-1,False,"효월의 종언",0,0,0,"",False,True,0,False,False,False,False,True,True,0,False,False
1109,"d2d3_re","ex1/02_dra_d2/dun/d2d3/level/d2d3",1,"드라바니아","드라바니아","구브라 환상도서관","d2d3/00","LoadingImage#8",2,"TerritoryIntendedUse#3","구브라 환상도서관",False,0,False,0,True,False,False,False,"BGMSituation#1001",,,,"QuestBattle#0","",-1,90,-1,False,"창천의 이슈가르드",0,0,0,"",False,True,0,False,False,False,False,True,True,0,False,False
1110,"a2d1_re","ex1/03_abr_a2/dun/a2d1/level/a2d1",1,"아발라시아","아발라시아","마과학 연구소","a2d1/01","LoadingImage#7",2,"TerritoryIntendedUse#3","마과학 연구소",False,0,False,0,True,False,False,False,"BGMSituation#1001",,,,"QuestBattle#0","",-1,681,-1,False,"창천의 이슈가르드",0,0,0,"",False,True,0,False,False,False,False,True,True,0,False,False
1111,"d2d5_re","ex1/02_dra_d2/dun/d2d5/level/d2d5",1,"드라바니아","드라바니아","거꾸로 선 탑","d2d5/01","LoadingImage#8",2,"TerritoryIntendedUse#3","거꾸로 선 탑",False,0,False,0,True,False,False,False,"BGMSituation#1001",,,,"QuestBattle#0","",-1,666,-1,False,"창천의 이슈가르드",0,0,0,"",False,True,0,False,False,False,False,True,True,0,False,False
1112,"d2d6_re","ex1/02_dra_d2/dun/d2d6/level/d2d6",1,"드라바니아","드라바니아","소르 카이","d2d6/01","LoadingImage#8",2,"TerritoryIntendedUse#3","소르 카이",False,0,False,0,True,False,False,False,"BGMSituation#1001",,,,"QuestBattle#0","",-1,667,-1,False,"창천의 이슈가르드",0,0,0,"",False,True,0,False,False,False,False,True,True,0,False,False
1113,"r2d3_re","ex1/01_roc_r2/dun/r2d3/level/r2d3",1,"커르다스","커르다스","젤파톨","r2d3/00","LoadingImage#5",2,"TerritoryIntendedUse#3","젤파톨",False,40,False,0,True,False,False,False,"BGMSituation#1001",,,,"QuestBattle#0","",-1,668,-1,False,"창천의 이슈가르드",0,0,0,"",False,True,0,False,False,False,False,True,True,0,False,False
1114,"f1da_re","ffxiv/fst_f1/dun/f1da/level/f1da",1,"검은장막 숲","검은장막 숲","바일사르 장성","f1da/01","LoadingImage#3",2,"TerritoryIntendedUse#3","바일사르 장성",False,40,False,0,True,False,False,False,"BGMSituation#1001",,,,"QuestBattle#0","",-1,202,-1,False,"창천의 이슈가르드",0,0,0,"",False,True,0,False,False,False,False,True,True,0,False,False
1115,"ec047","ex4/02_mid_m5/dun/m5d2/level/m5d2",1,"일사바드","사베네어 섬","바브일 탑","m5d2/04","LoadingImage#21",1,"TerritoryIntendedUse#29","은밀한 음모",False,28,False,0,True,False,False,False,"BGMSituation#1001",,,,"QuestBattle#0","",-1,665,-1,False,"효월의 종언",0,0,0,"",False,True,0,False,False,True,False,True,True,0,False,False
1116,"s5p4","ffxiv/pvp_xx/pvp/s5p4/level/s5p4",4,"???","늑대우리","동방 꼭두각시 어전","s5p4/00","LoadingImage#1",2,"TerritoryIntendedUse#28","",False,0,False,0,True,False,False,False,"BGMSituation#1001",,,,"QuestBattle#0","",1100,685,-1,True,"신생 에오르제아",0,0,0,"",False,True,0,False,False,False,False,True,True,0,False,False
1117,"s5p4_ctm","ffxiv/pvp_xx/pvp/s5p4/level/s5p4",4,"???","늑대우리","동방 꼭두각시 어전","s5p4/00","LoadingImage#1",2,"TerritoryIntendedUse#37","",False,0,False,0,True,False,False,False,"BGMSituation#1001",,,,"QuestBattle#0","",1100,685,-1,True,"신생 에오르제아",0,0,0,"",False,True,0,False,False,False,False,True,True,0,False,False
1118,"z5r2","ex4/05_zon_z5/rad/z5r2/level/z5r2",1,"???","","에우프로시네","z5r2/01","LoadingImage#1",2,"TerritoryIntendedUse#8","환희의 신역 에우프로시네",False,147,False,0,True,False,False,False,"BGMSituation#1001",,,,"QuestBattle#0","",-1,657,-1,False,"효월의 종언",0,0,0,"",False,True,0,False,True,True,False,True,True,0,False,False
1119,"m5d5_event","ex4/02_mid_m5/dun/m5d5/level/m5d5",1,"일사바드","사베네어 섬","라피스 마날리스","m5d5/01","LoadingImage#21",0,"TerritoryIntendedUse#15","",False,0,False,1,True,False,True,False,"music/ex2/BGM_EX2_Event_31.scd",,,"ArrayEventHandler#854655","QuestBattle#0","깨진 유리 전초지",-1,0,-1,False,"효월의 종언",0,0,0,"",False,True,0,False,False,False,False,False,True,0,False,False
1120,"ec048","ex4/02_mid_m5/fld/m5f2/level/m5f2",1,"일사바드","갈레말드","갈레말드","m5f2/00","LoadingImage#21",1,"TerritoryIntendedUse#29","빵 하나와 바꾸어",False,58,False,0,True,False,False,False,"BGMSituation#1001",,,,"QuestBattle#0","",1200,682,-1,False,"효월의 종언",0,0,0,"",False,True,0,False,False,True,False,True,True,0,False,False
1121,"","",0,"","","","","LoadingImage#0",0,"TerritoryIntendedUse#0","",False,0,False,0,False,False,False,False,"",,,,"QuestBattle#0","",0,0,0,False,"신생 에오르제아",0,0,0,"",False,False,0,False,False,False,False,False,False,0,False,False
1122,"z3oz","ex2/05_zon_z3/ome/z3oz/level/z3oz",1,"???","","차원의 틈","z3oz/00","LoadingImage#1",2,"TerritoryIntendedUse#17","절 오메가 검증전",False,150,False,0,True,False,False,False,"BGMSituation#1001",,,,"QuestBattle#0","",-1,687,-1,False,"효월의 종언",0,0,0,"",False,True,0,False,False,True,False,True,True,0,False,False
1123,"n5c1","ex4/01_nvt_n5/cnt/n5c1/level/n5c1",1,"고대세계","고대세계","엘피스 김나시온 제전","n5c1/00","LoadingImage#27",3,"TerritoryIntendedUse#33","보물고 엘피스 김나시온 제전",False,0,False,0,True,False,False,False,"BGMSituation#1001",,,,"QuestBattle#0","",-1,664,-1,False,"효월의 종언",0,0,0,"",False,True,0,False,False,True,False,True,True,0,False,False
1124,"l5c0","ex4/07_lak_l5/cnt/l5c0/level/l5c0",1,"모르도나","모르도나","에우레카 오르토스","default/00","LoadingImage#6",0,"TerritoryIntendedUse#12","",False,0,False,0,True,False,False,False,"BGMSituation#1001",,,,"QuestBattle#0","",-1,0,-1,False,"효월의 종언",0,0,0,"",False,True,0,False,False,True,False,True,True,0,False,False
1125,"m5e6","ex4/02_mid_m5/evt/m5e6/level/m5e6",1,"일사바드","사베네어 섬","카드가 바위","default/00","LoadingImage#23",0,"TerritoryIntendedUse#15","",False,0,False,0,True,False,False,False,"music/ex4/BGM_EX4_Event_25.scd",,,"ArrayEventHandler#854660","QuestBattle#0","예드리만",-1,0,-1,False,"효월의 종언",0,0,0,"",False,True,0,False,False,False,False,False,True,0,False,False
1126,"k5d2","ex4/03_kld_k5/dun/k5d2/level/k5d2",1,"북해 지역","라비린토스","함 섬","k5d2/01","LoadingImage#22",2,"TerritoryIntendedUse#3","함 섬",False,0,False,1,True,False,False,False,"BGMSituation#1001",,,,"QuestBattle#0","",-1,690,-1,False,"효월의 종언",0,0,0,"",False,True,0,False,False,True,False,True,True,0,False,False
1127,"s1p6_begin01","ffxiv/sea_s1/pvp/s1p6/level/s1p6",1,"라노시아","라노시아","더 폴드","s1p6/00","LoadingImage#2",1,"TerritoryIntendedUse#27","공격 표식에 따라 대처하자!",False,0,False,0,True,False,False,False,"BGMSituation#1001",,,,"QuestBattle#0","",1200,784,-1,False,"신생 에오르제아",0,0,0,"",False,True,0,False,False,True,False,True,True,0,False,False
1128,"s1p6_begin02","ffxiv/sea_s1/pvp/s1p6/level/s1p6",1,"라노시아","라노시아","더 폴드","s1p6/00","LoadingImage#2",1,"TerritoryIntendedUse#27","지면에 표시되는 공격 조짐을 읽자!",False,0,False,0,True,False,False,False,"BGMSituation#1001",,,,"QuestBattle#0","",1200,785,-1,False,"신생 에오르제아",0,0,0,"",False,True,0,False,False,True,False,True,True,0,False,False
1129,"s1p6_begin03","ffxiv/sea_s1/pvp/s1p6/level/s1p6",1,"라노시아","라노시아","더 폴드","s1p6/00","LoadingImage#2",1,"TerritoryIntendedUse#27","다양한 공격에 대처하자!",False,0,False,0,True,False,False,False,"BGMSituation#1001",,,,"QuestBattle#0","",1200,786,-1,False,"신생 에오르제아",0,0,0,"",False,True,0,False,False,True,False,True,True,0,False,False
1130,"","",0,"","","","","LoadingImage#0",0,"TerritoryIntendedUse#0","",False,0,False,0,False,False,False,False,"",,,,"QuestBattle#0","",0,0,0,False,"신생 에오르제아",0,0,0,"",False,False,0,False,False,False,False,False,False,0,False,False
1131,"","",0,"","","","","LoadingImage#0",0,"TerritoryIntendedUse#0","",False,0,False,0,False,False,False,False,"",,,,"QuestBattle#0","",0,0,0,False,"신생 에오르제아",0,0,0,"",False,False,0,False,False,False,False,False,False,0,False,False
1132,"","",0,"","","","","LoadingImage#0",0,"TerritoryIntendedUse#0","",False,0,False,0,False,False,False,False,"",,,,"QuestBattle#0","",0,0,0,False,"신생 에오르제아",0,0,0,"",False,False,0,False,False,False,False,False,False,0,False,False
1133,"","",0,"","","","","LoadingImage#0",0,"TerritoryIntendedUse#0","",False,0,False,0,False,False,False,False,"",,,,"QuestBattle#0","",0,0,0,False,"신생 에오르제아",0,0,0,"",False,False,0,False,False,False,False,False,False,0,False,False
1134,"","",0,"","","","","LoadingImage#0",0,"TerritoryIntendedUse#0","",False,0,False,0,False,False,False,False,"",,,,"QuestBattle#0","",0,0,0,False,"신생 에오르제아",0,0,0,"",False,False,0,False,False,False,False,False,False,0,False,False
1135,"","",0,"","","","","LoadingImage#0",0,"TerritoryIntendedUse#0","",False,0,False,0,False,False,False,False,"",,,,"QuestBattle#0","",0,0,0,False,"신생 에오르제아",0,0,0,"",False,False,0,False,False,False,False,False,False,0,False,False
1136,"m5fb","ex4/02_mid_m5/fld/m5fb/level/m5fb",1,"일사바드","사베네어 섬","아라야 보탑","m5fb/00","LoadingImage#23",2,"TerritoryIntendedUse#10","아수라 토벌전",False,114,False,0,True,False,False,False,"BGMSituation#1001",,,,"QuestBattle#0","",-1,740,-1,False,"효월의 종언",0,0,0,"",False,True,0,False,False,True,False,True,True,0,False,False
1137,"e5d1","ex4/08_est_e5/dun/e5d1/level/e5d1",1,"동쪽 나라","쿠가네","육근산","e5d1/01","LoadingImage#11",2,"TerritoryIntendedUse#4","변형 던전: 육근산",False,0,False,0,True,False,False,False,"BGMSituation#1001",,,,"QuestBattle#0","",-1,0,-1,False,"효월의 종언",0,0,0,"",False,True,0,False,False,True,False,True,True,0,False,False
1138,"s5p5","ffxiv/pvp_xx/pvp/s5p5/level/s5p5",4,"???","늑대우리","붉은 사막","s5p5/00","LoadingImage#1",2,"TerritoryIntendedUse#28","",False,0,False,0,True,False,False,False,"BGMSituation#1001",,,,"QuestBattle#0","",1100,726,-1,True,"신생 에오르제아",0,0,0,"",False,True,0,False,False,False,False,True,True,0,False,False
1139,"s5p5_ctm","ffxiv/pvp_xx/pvp/s5p5/level/s5p5",4,"???","늑대우리","붉은 사막","s5p5/00","LoadingImage#1",2,"TerritoryIntendedUse#37","",False,0,False,0,True,False,False,False,"BGMSituation#1001",,,,"QuestBattle#0","",1100,726,-1,True,"신생 에오르제아",0,0,0,"",False,True,0,False,False,False,False,True,True,0,False,False
1140,"z5fb","ex4/05_zon_z5/fld/z5fb/level/z5fb",1,"???","","입방마법진","z5fb/00","LoadingImage#1",2,"TerritoryIntendedUse#10","골베자 토벌전",False,149,False,0,True,False,False,False,"BGMSituation#1001",,,,"QuestBattle#0","",-1,712,-1,False,"효월의 종언",0,0,0,"",False,True,0,False,False,True,False,True,True,0,False,False
1141,"z5fb_2","ex4/05_zon_z5/fld/z5fb/level/z5fb",1,"???","","입방마법진","z5fb/00","LoadingImage#1",2,"TerritoryIntendedUse#10","극 골베자 토벌전",False,149,False,0,True,False,False,False,"BGMSituation#1001",,,,"QuestBattle#0","",-1,713,-1,False,"효월의 종언",0,0,0,"",False,True,0,False,False,True,False,True,True,0,False,False
1142,"o3d1_re","ex2/03_ocn_o3/dun/o3d1/level/o3d1",1,"라노시아","라노시아","세이렌 해","o3d1/00","LoadingImage#2",2,"TerritoryIntendedUse#3","세이렌 해",False,36,False,0,True,False,False,False,"BGMSituation#1001",,,,"QuestBattle#0","",-1,228,-1,False,"홍련의 해방자",0,0,0,"",False,True,0,False,False,False,False,True,True,0,False,False
1143,"e3d2_re","ex2/02_est_e3/dun/e3d2/level/e3d2",1,"오사드","오사드","바르담 패도","e3d2/00","LoadingImage#10",2,"TerritoryIntendedUse#3","바르담 패도",False,0,False,0,True,False,False,False,"BGMSituation#1001",,,,"QuestBattle#0","",-1,215,-1,False,"홍련의 해방자",0,0,0,"",False,True,0,False,False,False,False,True,True,0,False,False
1144,"e3d3_re","ex2/02_est_e3/dun/e3d3/level/e3d3",1,"오사드","오사드","도마 성","e3d3/00","LoadingImage#10",2,"TerritoryIntendedUse#3","도마 성",False,0,False,0,True,False,False,False,"BGMSituation#1001",,,,"QuestBattle#0","",630,0,-1,False,"홍련의 해방자",0,0,0,"",False,True,0,False,False,False,False,True,True,0,False,False
1145,"g3d1_re","ex2/01_gyr_g3/dun/g3d1/level/g3d1",1,"기라바니아","기라바니아","카스트룸 아바니아","g3d1/00","LoadingImage#9",2,"TerritoryIntendedUse#3","카스트룸 아바니아",False,0,False,0,True,False,False,False,"BGMSituation#1001",,,,"QuestBattle#0","",-1,694,-1,False,"홍련의 해방자",0,0,0,"",False,True,0,False,False,False,False,True,True,0,False,False
1146,"g3d2_re","ex2/01_gyr_g3/dun/g3d2/level/g3d2",1,"기라바니아","기라바니아","알라미고","g3d2/01","LoadingImage#12",2,"TerritoryIntendedUse#3","알라미고",False,0,False,0,True,False,False,False,"BGMSituation#1001",,,,"QuestBattle#0","",-1,227,-1,False,"홍련의 해방자",0,0,0,"",False,True,0,False,False,False,False,True,True,0,False,False
1147,"n5r9","ex4/01_nvt_n5/rad/n5r9/level/n5r9",1,"북해 지역","라비린토스","별바다 체류해역","n5r9/00","LoadingImage#25",2,"TerritoryIntendedUse#17","마의 전당 판데모니움: 천옥편 1",False,0,False,0,True,False,False,False,"BGMSituation#1001",,,,"QuestBattle#0","",-1,710,-1,False,"효월의 종언",0,0,0,"",False,True,0,False,False,True,False,True,True,0,False,False
1148,"n5r9_2","ex4/01_nvt_n5/rad/n5r9/level/n5r9",1,"북해 지역","라비린토스","별바다 체류해역","n5r9/00","LoadingImage#25",2,"TerritoryIntendedUse#17","마의 전당 판데모니움: 천옥편(영웅) 1",False,0,False,0,True,False,False,False,"BGMSituation#1001",,,,"QuestBattle#0","",-1,711,-1,False,"효월의 종언",0,0,0,"",False,True,0,False,False,True,False,True,True,0,False,False
1149,"n5ra","ex4/01_nvt_n5/rad/n5ra/level/n5ra",1,"북해 지역","라비린토스","마의 산실","n5ra/00","LoadingImage#25",2,"TerritoryIntendedUse#17","마의 전당 판데모니움: 천옥편 2",False,145,False,0,True,False,False,False,"BGMSituation#1001",,,,"QuestBattle#0","",-1,709,-1,False,"효월의 종언",0,0,0,"",False,True,0,False,False,True,False,True,True,0,False,False
1150,"n5ra_2","ex4/01_nvt_n5/rad/n5ra/level/n5ra",1,"북해 지역","라비린토스","마의 산실","n5ra/00","LoadingImage#25",2,"TerritoryIntendedUse#17","마의 전당 판데모니움: 천옥편(영웅) 2",False,145,False,0,True,False,False,False,"BGMSituation#1001",,,,"QuestBattle#0","",-1,714,-1,False,"효월의 종언",0,0,0,"",False,True,0,False,False,True,False,True,True,0,False,False
1151,"n5rb","ex4/01_nvt_n5/rad/n5rb/level/n5rb",1,"북해 지역","라비린토스","열네 자리의 방","n5rb/00","LoadingImage#25",2,"TerritoryIntendedUse#17","마의 전당 판데모니움: 천옥편 3",False,145,False,0,True,False,False,False,"BGMSituation#1001",,,,"QuestBattle#0","",-1,706,-1,False,"효월의 종언",0,0,0,"",False,True,0,False,False,True,False,True,True,0,False,False
1152,"n5rb_2","ex4/01_nvt_n5/rad/n5rb/level/n5rb",1,"북해 지역","라비린토스","열네 자리의 방","n5rb/00","LoadingImage#25",2,"TerritoryIntendedUse#17","마의 전당 판데모니움: 천옥편(영웅) 3",False,145,False,0,True,False,False,False,"BGMSituation#1001",,,,"QuestBattle#0","",-1,707,-1,False,"효월의 종언",0,0,0,"",False,True,0,False,False,True,False,True,True,0,False,False
1153,"n5rc","ex4/01_nvt_n5/rad/n5rc/level/n5rc",1,"북해 지역","라비린토스","신의 전당","n5rc/01","LoadingImage#25",2,"TerritoryIntendedUse#17","마의 전당 판데모니움: 천옥편 4",False,145,False,0,True,False,False,False,"BGMSituation#1001",,,,"QuestBattle#0","",-1,704,-1,False,"효월의 종언",0,0,0,"",False,True,0,False,False,True,False,True,True,0,False,False
1154,"n5rc_2","ex4/01_nvt_n5/rad/n5rc/level/n5rc",1,"북해 지역","라비린토스","신의 전당","n5rc/01","LoadingImage#25",2,"TerritoryIntendedUse#17","마의 전당 판데모니움: 천옥편(영웅) 4",False,145,False,0,True,False,False,False,"BGMSituation#1001",,,,"QuestBattle#0","",-1,705,-1,False,"효월의 종언",0,0,0,"",False,True,0,False,False,True,False,True,True,0,False,False
1155,"e5d2","ex4/08_est_e5/dun/e5d2/level/e5d2",1,"동쪽 나라","쿠가네","번외 육근산","e5d2/01","LoadingImage#11",2,"TerritoryIntendedUse#57","파생 던전: 번외 육근산",False,74,False,0,True,False,False,False,"BGMSituation#1001",,,,"QuestBattle#0","",-1,696,-1,False,"효월의 종언",0,0,0,"",False,True,0,False,False,True,False,True,True,0,False,False
1156,"e5d2_2","ex4/08_est_e5/dun/e5d2/level/e5d2",1,"동쪽 나라","쿠가네","번외 육근산","e5d2/01","LoadingImage#11",2,"TerritoryIntendedUse#58","파생 던전: 번외 육근산(영웅)",False,74,False,0,True,False,False,False,"BGMSituation#1001",,,,"QuestBattle#0","",-1,700,-1,False,"효월의 종언",0,0,0,"",False,True,0,False,False,True,False,True,True,0,False,False
1157,"","",0,"","","","","LoadingImage#0",0,"TerritoryIntendedUse#0","",False,0,False,0,False,False,False,False,"",,,,"QuestBattle#0","",0,0,0,False,"신생 에오르제아",0,0,0,"",False,False,0,False,False,False,False,False,False,0,False,False
1158,"n5ra_event","ex4/01_nvt_n5/rad/n5ra/level/n5ra",1,"북해 지역","라비린토스","마의 산실","n5ra/00","LoadingImage#25",0,"TerritoryIntendedUse#15","",False,145,False,0,True,False,False,False,,,,"ArrayEventHandler#854667","QuestBattle#0","아포리아 본부",-1,0,-1,False,"효월의 종언",0,0,0,"",False,True,0,False,False,True,False,True,True,0,False,False
1159,"z5fb_event","ex4/05_zon_z5/fld/z5fb/level/z5fb",1,"???","","입방마법진","z5fb/00","LoadingImage#1",0,"TerritoryIntendedUse#15","",False,149,False,0,True,False,False,False,"music/ex4/BGM_EX4_Ban_14.scd",,,,"QuestBattle#0","눈물의 만",-1,0,-1,False,"효월의 종언",0,0,0,"",False,True,0,False,False,True,False,True,True,0,False,False
1160,"m5e7","ex4/02_mid_m5/evt/m5e7/level/m5e7",1,"일사바드","갈레말드","세나투스 역","m5e7/00","LoadingImage#21",0,"TerritoryIntendedUse#15","",False,133,False,1,True,False,False,False,"music/ex3/BGM_EX3_Field_Welrit.scd",,,,"QuestBattle#0","깨진 유리 전초지",-1,0,-1,False,"효월의 종언",0,0,0,"",False,True,0,False,False,True,False,True,True,0,False,False
1161,"m5e5","ex4/02_mid_m5/evt/m5e5/level/m5e5",1,"일사바드","라자한","에스티니앙의 방","m5e5/00","LoadingImage#24",0,"TerritoryIntendedUse#15","",False,138,False,0,True,False,False,False,"music/ex4/BGM_EX4_Town_R_Day2.scd",,,,"QuestBattle#0","라자한",-1,0,-1,False,"효월의 종언",0,0,0,"",False,True,0,False,False,True,False,True,True,0,False,False
1162,"z5e5","ex4/05_zon_z5/evt/z5e5/level/z5e5",1,"???","","붉은 달","z5e5/00","LoadingImage#1",0,"TerritoryIntendedUse#15","",False,149,False,0,True,False,False,False,,,,"ArrayEventHandler#854685","QuestBattle#0","눈물의 만",-1,0,-1,False,"효월의 종언",0,0,0,"",False,True,0,False,False,True,False,True,True,0,False,False
1163,"o1a2","ffxiv/ocn_o1/ang/o1a2/level/o1a2",1,"먼바다 낚시","","성취호","o1a1/00","LoadingImage#1",2,"TerritoryIntendedUse#46","먼바다 낚시",False,14,False,0,True,False,False,False,"BGMSituation#1001",,,,"QuestBattle#0","",-1,0,-1,False,"홍련의 해방자",0,0,0,"",False,True,0,False,False,False,False,True,True,0,False,False
1164,"z5d2","ex4/05_zon_z5/dun/z5d2/level/z5d2",1,"???","","달의 지하계곡","z5d2/01","LoadingImage#1",2,"TerritoryIntendedUse#3","달의 지하계곡",False,149,False,0,True,False,False,False,"BGMSituation#1001",,,,"QuestBattle#0","",-1,733,-1,False,"효월의 종언",0,0,0,"",False,True,0,False,False,True,False,True,True,0,False,False
1165,"w1ek","ffxiv/wil_w1/evt/w1ek/level/w1ek",1,"다날란","골드 소서","블런더빌","default/00","LoadingImage#4",3,"TerritoryIntendedUse#59","블런더빌",False,0,False,0,True,False,False,False,"BGMSituation#1001",,,,"QuestBattle#0","",-1,739,-1,False,"신생 에오르제아",0,0,0,"",False,True,0,False,False,True,False,True,True,0,False,False
1166,"w1fd","ffxiv/wil_w1/fld/w1fd/level/w1fd",1,"???","","시상 공간","w1fa/10","LoadingImage#1",1,"TerritoryIntendedUse#29","염영의 여로",False,155,False,0,True,False,False,False,"BGMSituation#1001",,,,"QuestBattle#0","",-1,734,-1,False,"신생 에오르제아",0,0,0,"",False,True,0,False,False,True,False,True,True,0,False,False
1167,"y6d1","ex5/02_ykt_y6/dun/y6d1/level/y6d1",1,"요카 투랄","요카 투랄","이후이카 투무","y6d1/01","LoadingImage#30",2,"TerritoryIntendedUse#3","이후이카 투무",False,0,False,0,True,False,False,False,"BGMSituation#1001",,,,"QuestBattle#0","",-1,749,-1,False,"황금의 유산",0,0,0,"",False,True,0,False,False,True,False,True,True,0,False,False
1168,"z5fc","ex4/05_zon_z5/fld/z5fc/level/z5fc",1,"???","","붉은 달 밑바닥","z5fc/00","LoadingImage#1",2,"TerritoryIntendedUse#10","제로무스 토벌전",False,149,False,0,True,False,False,False,"BGMSituation#1001",,,,"QuestBattle#0","",-1,737,-1,False,"효월의 종언",0,0,0,"",False,True,0,False,False,True,False,True,True,0,False,False
1169,"z5fc_2","ex4/05_zon_z5/fld/z5fc/level/z5fc",1,"???","","붉은 달 밑바닥","z5fc/00","LoadingImage#1",2,"TerritoryIntendedUse#10","극 제로무스 토벌전",False,149,False,0,True,False,False,False,"BGMSituation#1001",,,,"QuestBattle#0","",-1,738,-1,False,"효월의 종언",0,0,0,"",False,True,0,False,False,True,False,True,True,0,False,False
1170,"y6e1","ex5/02_ykt_y6/evt/y6e1/level/y6e1",1,"요카 투랄","요카 투랄","금봉황 옥좌","y6e1/00","LoadingImage#35",0,"TerritoryIntendedUse#15","",False,159,False,0,True,False,False,False,,,,"ArrayEventHandler#854727","QuestBattle#0","툴라이욜라",-1,0,-1,False,"황금의 유산",0,0,0,"",False,True,12,False,False,True,False,True,True,0,False,False
1171,"x6e1","ex5/01_xkt_x6/evt/x6e1/level/x6e1",1,"사카 투랄","사카 투랄","하늘갱도 아지트","x6e1/00","LoadingImage#33",0,"TerritoryIntendedUse#15","",False,165,False,0,True,False,False,False,"music/ex5/BGM_EX5_EventMap05.scd",,,"ArrayEventHandler#854733","QuestBattle#0","아웃스커츠",-1,0,-1,False,"황금의 유산",0,0,0,"",False,True,0,False,False,True,False,True,True,0,False,False
1172,"g3d4_re","ex2/01_gyr_g3/dun/g3d4/level/g3d4",1,"기라바니아","기라바니아","스칼라 유적","g3d4/01","LoadingImage#12",2,"TerritoryIntendedUse#3","스칼라 유적",False,0,False,0,True,False,False,False,"BGMSituation#1001",,,,"QuestBattle#0","",-1,261,-1,False,"홍련의 해방자",0,0,0,"",False,True,0,False,False,False,False,True,True,0,False,False
1173,"e3d7_re","ex2/02_est_e3/dun/e3d7/level/e3d7",1,"오사드","오사드","영구 초토지대","e3d7/00","LoadingImage#10",2,"TerritoryIntendedUse#3","영구 초토지대",False,97,False,0,True,False,False,False,"BGMSituation#1001",,,,"QuestBattle#0","",-1,330,-1,False,"홍련의 해방자",0,0,0,"",False,True,0,False,False,False,False,True,True,0,False,False
1174,"g3d5_re","ex2/01_gyr_g3/dun/g3d5/level/g3d5",1,"기라바니아","기라바니아","김리트 황야","g3d5/00","LoadingImage#9",2,"TerritoryIntendedUse#3","김리트 황야",False,0,False,0,True,False,False,False,"BGMSituation#1001",,,,"QuestBattle#0","",-1,368,-1,False,"홍련의 해방자",0,0,0,"",False,True,0,False,False,False,False,True,True,0,False,False
1175,"","",0,"","","","","LoadingImage#0",0,"TerritoryIntendedUse#0","",False,0,False,0,False,False,False,False,"",,,,"QuestBattle#0","",0,0,0,False,"신생 에오르제아",0,0,0,"",False,False,0,False,False,False,False,False,False,0,False,False
1176,"o5d1","ex4/09_ocn_o5/dun/o5d1/level/o5d1",1,"???","","알로알로 섬","o5d1/01","LoadingImage#1",2,"TerritoryIntendedUse#4","변형 던전: 알로알로 섬",False,0,False,0,True,False,False,False,"BGMSituation#1001",,,,"QuestBattle#0","",1200,0,-1,False,"효월의 종언",0,0,0,"",False,True,0,False,False,True,False,True,True,0,False,False
1177,"ec049","ex4/03_kld_k5/dun/k5d2/level/k5d2",1,"북해 지역","라비린토스","함 섬","k5d2/01","LoadingImage#22",1,"TerritoryIntendedUse#29","그 눈동자가 바라보는 것",False,0,False,1,True,False,False,False,"BGMSituation#1001",,,,"QuestBattle#0","",-1,735,-1,False,"효월의 종언",0,0,0,"",False,True,0,False,False,True,False,True,True,0,False,False
1178,"z5r3","ex4/05_zon_z5/rad/z5r3/level/z5r3",1,"???","","탈레이아","z5r3/01","LoadingImage#1",2,"TerritoryIntendedUse#8","번영의 신역 탈레이아",False,147,False,0,True,False,False,False,"BGMSituation#1001",,,"ArrayEventHandler#854706","QuestBattle#0","",1200,727,-1,False,"효월의 종언",0,0,0,"",False,True,0,False,True,True,False,True,True,0,False,False
1179,"o5d2","ex4/09_ocn_o5/dun/o5d2/level/o5d2",1,"???","","번외 알로알로 섬","o5d2/01","LoadingImage#1",2,"TerritoryIntendedUse#57","파생 던전: 번외 알로알로 섬",False,0,False,0,True,False,False,False,"BGMSituation#1001",,,,"QuestBattle#0","",1200,718,-1,False,"효월의 종언",0,0,0,"",False,True,0,False,False,True,False,True,True,0,False,False
1180,"o5d2_2","ex4/09_ocn_o5/dun/o5d2/level/o5d2",1,"???","","번외 알로알로 섬","o5d2/01","LoadingImage#1",2,"TerritoryIntendedUse#58","파생 던전: 번외 알로알로 섬(영웅)",False,0,False,0,True,False,False,False,"BGMSituation#1001",,,,"QuestBattle#0","",1200,722,-1,False,"효월의 종언",0,0,0,"",False,True,0,False,False,True,False,True,True,0,False,False
1181,"z5fc_event","ex4/05_zon_z5/fld/z5fc/level/z5fc",1,"???","","붉은 달 밑바닥","z5fc/00","LoadingImage#1",0,"TerritoryIntendedUse#15","",False,149,False,0,True,False,False,False,"music/ex4/BGM_EX4_Ban_15.scd",,,"ArrayEventHandler#854693","QuestBattle#0","눈물의 만",-1,0,-1,False,"효월의 종언",0,0,0,"",False,True,0,False,False,True,False,True,True,0,False,False
1182,"z5r3_event","ex4/05_zon_z5/rad/z5r3/level/z5r3",1,"???","","탈레이아","z5r3/07","LoadingImage#1",0,"TerritoryIntendedUse#15","",False,147,False,0,True,False,False,False,"BGMSituation#1001",,,"ArrayEventHandler#854710","QuestBattle#0","망자의 종소리",1200,0,-1,False,"효월의 종언",0,0,0,"",False,True,0,False,False,True,False,True,True,0,False,False
1183,"m5fb_event","ex4/02_mid_m5/fld/m5fb/level/m5fb",1,"일사바드","사베네어 섬","아라야 보탑","m5fb/00","LoadingImage#23",0,"TerritoryIntendedUse#15","",False,114,False,0,True,False,False,False,"music/ex4/BGM_EX4_Boss_Battle03.scd",,,"ArrayEventHandler#854703","QuestBattle#0","예드리만",-1,0,-1,False,"효월의 종언",0,0,0,"",False,True,0,False,False,True,False,True,True,0,False,False
1184,"z5d2_event","ex4/05_zon_z5/dun/z5d2/level/z5d2",1,"???","","달의 지하계곡","z5d2/01","LoadingImage#1",0,"TerritoryIntendedUse#15","",False,149,False,0,True,False,False,False,"BGMSituation#1001",,,"ArrayEventHandler#854692","QuestBattle#0","눈물의 만",-1,0,-1,False,"효월의 종언",0,0,0,"",False,True,0,False,False,True,False,True,True,0,False,False
1185,"y6t1","ex5/02_ykt_y6/twn/y6t1/level/y6t1",1,"요카 투랄","툴라이욜라","툴라이욜라","y6t1/00","LoadingImage#35",0,"TerritoryIntendedUse#0","",False,159,False,0,True,False,False,False,,,,"ArrayEventHandler#854715","QuestBattle#0","툴라이욜라",-1,0,-1,False,"황금의 유산",0,51,0,"",False,True,12,False,False,True,False,True,True,0,False,False
1186,"x6t1","ex5/01_xkt_x6/twn/x6t1/level/x6t1",1,"사카 투랄","솔루션 나인","솔루션 나인","x6t1/00","LoadingImage#36",0,"TerritoryIntendedUse#0","",False,163,False,0,True,False,False,False,,,,"ArrayEventHandler#854742","QuestBattle#0","솔루션 나인",-1,0,-1,False,"황금의 유산",0,55,0,"",False,True,0,False,False,True,False,True,True,0,False,False
1187,"y6f1","ex5/02_ykt_y6/fld/y6f1/level/y6f1",1,"요카 투랄","요카 투랄","오르코 파차","y6f1/00","LoadingImage#29",0,"TerritoryIntendedUse#1","",False,160,False,0,True,True,True,False,"BGMSituation#1362",,,"ArrayEventHandler#854712","QuestBattle#0","와춘 펠로",-1,0,-1,False,"황금의 유산",0,52,26,"",False,True,0,False,False,True,False,True,True,42,False,False
1188,"y6f2","ex5/02_ykt_y6/fld/y6f2/level/y6f2",1,"요카 투랄","요카 투랄","코자말루 카","y6f2/00","LoadingImage#30",0,"TerritoryIntendedUse#1","",False,161,False,0,True,True,True,False,"BGMSituation#1363",,,"ArrayEventHandler#854713","QuestBattle#0","오크 하누",-1,0,-1,False,"황금의 유산",0,53,27,"",False,True,0,False,False,True,False,True,True,43,False,False
1189,"y6f3","ex5/02_ykt_y6/fld/y6f3/level/y6f3",1,"요카 투랄","요카 투랄","야크텔 밀림","y6f3/00","LoadingImage#31",0,"TerritoryIntendedUse#1","",False,162,False,0,True,True,True,False,"BGMSituation#1364",,,"ArrayEventHandler#854714","QuestBattle#0","이크브라샤",-1,0,-1,False,"황금의 유산",0,54,28,"",False,True,0,False,False,True,False,True,True,44,False,False
1190,"x6f1","ex5/01_xkt_x6/fld/x6f1/level/x6f1",1,"사카 투랄","사카 투랄","샬로니 황야","x6f1/00","LoadingImage#32",0,"TerritoryIntendedUse#1","",False,164,False,0,True,True,True,False,"BGMSituation#1365",,,"ArrayEventHandler#854731","QuestBattle#0","후사타위 역마을",-1,0,-1,False,"황금의 유산",0,56,29,"",False,True,13,False,False,True,False,True,True,45,False,False
1191,"x6f2","ex5/01_xkt_x6/fld/x6f2/level/x6f2",1,"사카 투랄","사카 투랄","헤리티지 파운드","x6f2/00","LoadingImage#33",0,"TerritoryIntendedUse#1","",False,165,False,0,True,True,True,False,"BGMSituation#1366",,,"ArrayEventHandler#854726","QuestBattle#0","야술라니 역",-1,0,-1,False,"황금의 유산",0,57,30,"",False,True,0,False,False,True,False,True,True,46,False,False
1192,"x6f3","ex5/01_xkt_x6/fld/x6f3/level/x6f3",1,"언로스트 월드","언로스트 월드","리빙 메모리","x6f3/00","LoadingImage#34",0,"TerritoryIntendedUse#1","",False,166,False,0,True,True,True,False,,,,"ArrayEventHandler#854722","QuestBattle#0","레이노드 메모리즈",-1,0,-1,False,"황금의 유산",0,58,31,"",False,True,11,False,False,True,False,True,True,47,False,False
1193,"y6d2","ex5/02_ykt_y6/dun/y6d2/level/y6d2",1,"요카 투랄","요카 투랄","워코 조모","y6d2/01","LoadingImage#29",2,"TerritoryIntendedUse#3","워코 조모",False,0,False,0,True,False,False,False,"BGMSituation#1001",,,,"QuestBattle#0","",-1,743,-1,False,"황금의 유산",0,0,0,"",False,True,0,False,False,True,False,True,True,0,False,False
1194,"y6d3","ex5/02_ykt_y6/dun/y6d3/level/y6d3",1,"요카 투랄","요카 투랄","하늘심연 세노테","y6d3/01","LoadingImage#31",2,"TerritoryIntendedUse#3","하늘심연 세노테",False,0,False,0,True,False,False,False,"BGMSituation#1001",,,,"QuestBattle#0","",-1,747,-1,False,"황금의 유산",0,0,0,"",False,True,0,False,False,True,False,True,True,0,False,False
1195,"y6fa","ex5/02_ykt_y6/fld/y6fa/level/y6fa",1,"요카 투랄","요카 투랄","워코 라 도","y6fa/00","LoadingImage#29",2,"TerritoryIntendedUse#10","발리가르만다 토벌전",False,0,False,0,True,False,False,False,"BGMSituation#1001",,,,"QuestBattle#0","",1200,753,-1,False,"황금의 유산",0,0,0,"",False,True,0,False,False,True,False,True,True,0,False,False
1196,"y6fa_2","ex5/02_ykt_y6/fld/y6fa/level/y6fa",1,"요카 투랄","요카 투랄","워코 라 도","y6fa/00","LoadingImage#29",2,"TerritoryIntendedUse#10","극 발리가르만다 토벌전",False,0,False,0,True,False,False,False,"BGMSituation#1001",,,,"QuestBattle#0","",1200,754,-1,False,"황금의 유산",0,0,0,"",False,True,0,False,False,True,False,True,True,0,False,False
1197,"w1el","ffxiv/wil_w1/evt/w1el/level/w1el",1,"다날란","골드 소서","블런더빌 광장","w1el/00","LoadingImage#4",0,"TerritoryIntendedUse#23","",False,0,False,0,True,False,False,False,"music/ffxiv/BGM_Event_FGS01.scd",,,"ArrayEventHandler#854716","QuestBattle#0","골드 소서",-1,0,-1,False,"신생 에오르제아",0,0,0,"",False,True,0,False,False,False,False,False,True,0,False,False
1198,"x6d1","ex5/01_xkt_x6/dun/x6d1/level/x6d1",1,"사카 투랄","사카 투랄","뱅가드","x6d1/00","LoadingImage#32",2,"TerritoryIntendedUse#3","뱅가드",False,0,False,0,True,False,False,False,"BGMSituation#1001",,,,"QuestBattle#0","",-1,748,-1,False,"황금의 유산",0,0,0,"",False,True,0,False,False,True,False,True,True,0,False,False
1199,"x6d3","ex5/01_xkt_x6/dun/x6d3/level/x6d3",1,"언로스트 월드","언로스트 월드","알렉산드리아","x6d3/01","LoadingImage#34",2,"TerritoryIntendedUse#3","알렉산드리아",False,157,False,0,True,False,False,False,"BGMSituation#1001",,,,"QuestBattle#0","",-1,756,-1,False,"황금의 유산",0,0,0,"",False,True,0,False,False,True,False,True,True,0,False,False
1200,"x6fa","ex5/01_xkt_x6/fld/x6fa/level/x6fa",1,"사카 투랄","사카 투랄","에버킵 최상층","x6fa/00","LoadingImage#33",2,"TerritoryIntendedUse#10","조라쟈 토벌전",False,158,False,0,True,False,False,False,"BGMSituation#1001",,,,"QuestBattle#0","",1200,750,-1,False,"황금의 유산",0,0,0,"",False,True,0,False,False,True,False,True,True,0,False,False
1201,"x6fa_2","ex5/01_xkt_x6/fld/x6fa/level/x6fa",1,"사카 투랄","사카 투랄","에버킵 최상층","x6fa/00","LoadingImage#33",2,"TerritoryIntendedUse#10","극 조라쟈 토벌전",False,158,False,0,True,False,False,False,"BGMSituation#1001",,,,"QuestBattle#0","",1200,751,-1,False,"황금의 유산",0,0,0,"",False,True,0,False,False,True,False,True,True,0,False,False
1202,"x6fb","ex5/01_xkt_x6/fld/x6fb/level/x6fb",1,"언로스트 월드","언로스트 월드","차원 황도","x6fb/00","LoadingImage#34",2,"TerritoryIntendedUse#10","이터널 퀸 토벌전",False,157,False,0,True,False,False,False,"BGMSituation#1001",,,,"QuestBattle#0","",1200,760,-1,False,"황금의 유산",0,0,0,"",False,True,0,False,False,True,False,True,True,0,False,False
1203,"x6d4","ex5/01_xkt_x6/dun/x6d4/level/x6d4",1,"사카 투랄","사카 투랄","사보텐더 계곡","x6d4/01","LoadingImage#32",2,"TerritoryIntendedUse#3","사보텐더 계곡",False,0,False,0,True,False,False,False,"BGMSituation#1001",,,,"QuestBattle#0","",-1,745,-1,False,"황금의 유산",0,0,0,"",False,True,0,False,False,True,False,True,True,0,False,False
1204,"x6d5","ex5/01_xkt_x6/dun/x6d5/level/x6d5",1,"언로스트 월드","언로스트 월드","헤매는 성","x6d5/01","LoadingImage#34",2,"TerritoryIntendedUse#3","헤매는 성",False,150,False,0,True,False,False,False,"BGMSituation#1001",,,,"QuestBattle#0","",-1,679,-1,False,"황금의 유산",0,0,0,"",False,True,0,False,False,True,False,True,True,0,False,False
1205,"y6ti","ex5/02_ykt_y6/twn/y6ti/level/y6ti",1,"요카 투랄","툴라이욜라","뱃머리 선실","y6ti/00","LoadingImage#35",0,"TerritoryIntendedUse#2","",False,159,False,0,True,False,False,False,"music/ffxiv/BGM_Town_Rest_01.scd",,,"ArrayEventHandler#854785","QuestBattle#0","툴라이욜라",-1,0,-1,False,"황금의 유산",0,0,0,"",False,True,12,False,False,False,False,True,True,0,False,False
1206,"y6e3","ex5/02_ykt_y6/evt/y6e3/level/y6e3",1,"북해 지역","라비린토스","대양 항해선","y6e3/00","LoadingImage#22",0,"TerritoryIntendedUse#15","",False,0,False,0,True,False,False,False,"music/ex5/BGM_EX5_Event_11.scd",,,"ArrayEventHandler#854717","QuestBattle#0","올드 샬레이안",830,0,-1,False,"황금의 유산",0,0,0,"",False,True,0,False,False,False,False,True,True,0,False,False
1207,"x6e2","ex5/01_xkt_x6/evt/x6e2/level/x6e2",1,"사카 투랄","사카 투랄","백룸","x6e2/00","LoadingImage#36",0,"TerritoryIntendedUse#15","",False,0,False,0,True,False,False,False,,,,"ArrayEventHandler#855012","QuestBattle#0","일렉트로프 채석장",-1,0,-1,False,"황금의 유산",0,0,0,"",False,True,0,False,False,False,False,True,True,0,False,False
1208,"x6d2","ex5/01_xkt_x6/dun/x6d2/level/x6d2",1,"사카 투랄","사카 투랄","오리제닉스","x6d2/01","LoadingImage#33",2,"TerritoryIntendedUse#3","오리제닉스",False,156,False,0,True,False,False,False,"BGMSituation#1001",,,,"QuestBattle#0","",-1,742,-1,False,"황금의 유산",0,0,0,"",False,True,0,False,False,True,False,True,True,0,False,False
1209,"y6c1","ex5/02_ykt_y6/cnt/y6c1/level/y6c1",1,"요카 투랄","요카 투랄","세노테 쟈쟈구랄","default/00","LoadingImage#31",3,"TerritoryIntendedUse#33","보물고 세노테 쟈쟈구랄",False,0,False,0,True,False,False,False,"BGMSituation#1001",,,,"QuestBattle#0","",-1,744,-1,False,"황금의 유산",0,0,0,"",False,True,0,False,False,True,False,True,True,0,False,False
1210,"ec050","ex5/02_ykt_y6/evt/y6e1/level/y6e1",1,"요카 투랄","요카 투랄","금봉황 옥좌","y6e1/00","LoadingImage#35",1,"TerritoryIntendedUse#29","왕으로서, 아버지로서",False,0,False,0,True,False,False,False,"BGMSituation#1001",,,,"QuestBattle#0","",-1,764,-1,False,"황금의 유산",0,0,0,"",False,True,0,False,False,True,False,True,True,0,False,False
1211,"ec051","ex5/02_ykt_y6/fld/y6f3/level/y6f3",1,"요카 투랄","요카 투랄","야크텔 밀림","y6f3/00","LoadingImage#31",1,"TerritoryIntendedUse#29","행복을 지키기 위한 싸움",False,0,False,0,True,False,False,False,"BGMSituation#1001",,,,"QuestBattle#0","",1300,765,-1,False,"황금의 유산",0,54,0,"",False,True,0,False,False,True,False,True,True,0,False,False
1212,"ec052","ex5/02_ykt_y6/fld/y6f3/level/y6f3",1,"요카 투랄","요카 투랄","야크텔 밀림","y6f3/00","LoadingImage#31",1,"TerritoryIntendedUse#29","친구의 시련",False,0,False,0,True,False,False,False,"BGMSituation#1001",,,,"QuestBattle#0","",1300,757,-1,False,"황금의 유산",0,54,0,"",False,True,0,False,False,False,False,True,True,0,False,False
1213,"ec053","ex5/01_xkt_x6/twn/x6t1/level/x6t1",1,"사카 투랄","사카 투랄","솔루션 나인","x6t1/00","LoadingImage#36",1,"TerritoryIntendedUse#29","지키는 자, 파괴하는 자",False,0,False,0,True,False,False,False,"BGMSituation#1001",,,,"QuestBattle#0","",400,766,-1,False,"황금의 유산",0,0,0,"",False,True,0,False,False,True,False,True,True,0,False,False
1214,"ec054","ex1/03_abr_a2/fld/a2f1/level/a2f1",1,"아발라시아","아발라시아","아발라시아 구름바다","a2f1/00","LoadingImage#7",1,"TerritoryIntendedUse#29","잠이 들어도, 잠에서 깨어나도",False,0,False,0,True,False,False,False,"BGMSituation#1001",,,,"QuestBattle#0","",1200,783,-1,False,"황금의 유산",0,0,0,"",False,True,0,False,False,True,False,True,True,0,False,False
1215,"ec055","ffxiv/sea_s1/dun/s1d2/level/s1d2",1,"라노시아","라노시아","브레이플록스의 야영지","s1d2/00","LoadingImage#2",1,"TerritoryIntendedUse#29","독과 치유의 결전",False,0,False,0,True,False,False,False,"BGMSituation#1001",,,,"QuestBattle#0","",830,752,-1,False,"황금의 유산",0,0,0,"",False,True,0,False,False,True,False,True,True,0,False,False
1216,"ec056","ex2/02_est_e3/dun/e3d2/level/e3d2",1,"오사드","오사드","바르담 패도","e3d2/00","LoadingImage#10",1,"TerritoryIntendedUse#29","어엿한 사냥꾼",False,0,False,0,True,False,False,False,"BGMSituation#1001",,,,"QuestBattle#0","",900,761,-1,False,"황금의 유산",0,0,0,"",False,True,0,False,False,True,False,True,True,0,False,False
1217,"ec057","ex2/01_gyr_g3/dun/g3d2/level/g3d2",1,"기라바니아","기라바니아","알라미고","g3d2/02","LoadingImage#12",1,"TerritoryIntendedUse#29","타도! 샬토피트 도적단",False,36,False,0,True,False,False,False,"BGMSituation#1001",,,,"QuestBattle#0","",-1,779,-1,False,"황금의 유산",0,0,0,"",False,True,0,False,False,True,False,True,True,0,False,False
1218,"ec058","ex4/02_mid_m5/evt/m5e6/level/m5e6",1,"일사바드","사베네어 섬","카드가 바위","default/00","LoadingImage#23",1,"TerritoryIntendedUse#29","제기로 만든 허상",False,0,False,0,True,False,False,False,"BGMSituation#1001",,,,"QuestBattle#0","",-1,781,-1,False,"황금의 유산",0,0,0,"",False,True,0,False,False,True,False,True,True,0,False,False
1219,"x6d1_event","ex5/01_xkt_x6/dun/x6d1/level/x6d1",1,"사카 투랄","사카 투랄","뱅가드","default/00","LoadingImage#32",0,"TerritoryIntendedUse#15","",False,0,False,0,True,False,False,False,"music/ex2/BGM_EX2_BanFort_Koujin_Bad.scd",,,"ArrayEventHandler#854761","QuestBattle#0","셰셰네 청린샘",-1,0,-1,False,"황금의 유산",0,0,0,"",False,True,0,False,False,True,False,True,True,0,False,False
1220,"x6fa_event","ex5/01_xkt_x6/fld/x6fa/level/x6fa",1,"사카 투랄","사카 투랄","에버킵 최상층","x6fa/00","LoadingImage#33",0,"TerritoryIntendedUse#15","",False,158,False,0,True,False,False,False,,,,"ArrayEventHandler#854730","QuestBattle#0","아웃스커츠",-1,0,-1,False,"황금의 유산",0,0,0,"",False,True,0,False,False,True,False,True,True,0,False,False
1221,"x6fb_event","ex5/01_xkt_x6/fld/x6fb/level/x6fb",1,"언로스트 월드","언로스트 월드","차원 황도","x6fb/00","LoadingImage#34",0,"TerritoryIntendedUse#15","",False,157,False,0,True,False,False,False,"music/ex5/BGM_EX5_Ban_03.scd",,,"ArrayEventHandler#854724","QuestBattle#0","레이노드 메모리즈",-1,0,-1,False,"황금의 유산",0,0,0,"",False,True,0,False,False,True,False,True,True,0,False,False
1222,"y6e2","ex5/02_ykt_y6/evt/y6e2/level/y6e2",1,"요카 투랄","요카 투랄","하늘심연 세노테 최심부","y6e2/00","LoadingImage#31",0,"TerritoryIntendedUse#15","",False,0,False,0,True,False,False,False,,,,"ArrayEventHandler#854721","QuestBattle#0","이크브라샤",-1,0,-1,False,"황금의 유산",0,0,0,"",False,True,0,False,False,False,False,True,True,0,False,False
1223,"x6e4","ex5/01_xkt_x6/evt/x6e4/level/x6e4",1,"사카 투랄","사카 투랄","트라이테일 체육관","x6e4/00","LoadingImage#36",0,"TerritoryIntendedUse#15","",False,0,False,0,True,False,False,False,"music/ex5/BGM_EX5_Raid_01.scd",,,"ArrayEventHandler#854987","QuestBattle#0","솔루션 나인",-1,0,-1,False,"황금의 유산",0,0,0,"",False,True,0,False,False,False,False,True,True,0,False,False
1224,"x6e5","ex5/01_xkt_x6/evt/x6e5/level/x6e5",1,"사카 투랄","사카 투랄","대기실","x6e5/00","LoadingImage#36",0,"TerritoryIntendedUse#15","",False,0,False,0,True,False,False,False,,,,"ArrayEventHandler#854725","QuestBattle#0","솔루션 나인",-1,0,-1,False,"황금의 유산",0,0,0,"",False,True,0,False,False,False,False,True,True,0,False,False
1225,"x6r1","ex5/01_xkt_x6/rad/x6r1/level/x6r1",1,"사카 투랄","사카 투랄","캣 링","x6r1/00","LoadingImage#36",2,"TerritoryIntendedUse#17","아르카디아 선수권: 라이트헤비급 1",False,0,False,0,True,False,False,False,"BGMSituation#1001",,,,"QuestBattle#0","",-1,767,-1,False,"황금의 유산",0,0,0,"",False,True,0,False,False,True,False,True,True,0,False,False
1226,"x6r1_2","ex5/01_xkt_x6/rad/x6r1/level/x6r1",1,"사카 투랄","사카 투랄","캣 링","x6r1/00","LoadingImage#36",2,"TerritoryIntendedUse#17","아르카디아 선수권: 라이트헤비급(영웅) 1",False,0,False,0,True,False,False,False,"BGMSituation#1001",,,,"QuestBattle#0","",-1,782,-1,False,"황금의 유산",0,0,0,"",False,True,0,False,False,True,False,True,True,0,False,False
1227,"x6r2","ex5/01_xkt_x6/rad/x6r2/level/x6r2",1,"사카 투랄","사카 투랄","러블리 링","x6r2/00","LoadingImage#36",2,"TerritoryIntendedUse#17","아르카디아 선수권: 라이트헤비급 2",False,0,False,0,True,False,False,False,"BGMSituation#1001",,,,"QuestBattle#0","",-1,774,-1,False,"황금의 유산",0,0,0,"",False,True,0,False,False,True,False,True,True,0,False,False
1228,"x6r2_2","ex5/01_xkt_x6/rad/x6r2/level/x6r2",1,"사카 투랄","사카 투랄","러블리 링","x6r2/00","LoadingImage#36",2,"TerritoryIntendedUse#17","아르카디아 선수권: 라이트헤비급(영웅) 2",False,0,False,0,True,False,False,False,"BGMSituation#1001",,,,"QuestBattle#0","",-1,775,-1,False,"황금의 유산",0,0,0,"",False,True,0,False,False,True,False,True,True,0,False,False
1229,"x6r3","ex5/01_xkt_x6/rad/x6r3/level/x6r3",1,"사카 투랄","사카 투랄","봄버 링","x6r3/00","LoadingImage#36",2,"TerritoryIntendedUse#17","아르카디아 선수권: 라이트헤비급 3",False,0,False,0,True,False,False,False,"BGMSituation#1001",,,,"QuestBattle#0","",-1,758,-1,False,"황금의 유산",0,0,0,"",False,True,0,False,False,True,False,True,True,0,False,False
1230,"x6r3_2","ex5/01_xkt_x6/rad/x6r3/level/x6r3",1,"사카 투랄","사카 투랄","봄버 링","x6r3/00","LoadingImage#36",2,"TerritoryIntendedUse#17","아르카디아 선수권: 라이트헤비급(영웅) 3",False,0,False,0,True,False,False,False,"BGMSituation#1001",,,,"QuestBattle#0","",-1,759,-1,False,"황금의 유산",0,0,0,"",False,True,0,False,False,True,False,True,True,0,False,False
1231,"x6r4","ex5/01_xkt_x6/rad/x6r4/level/x6r4",1,"사카 투랄","사카 투랄","선더 링","x6r4/00","LoadingImage#36",2,"TerritoryIntendedUse#17","아르카디아 선수권: 라이트헤비급 4",False,0,False,0,True,False,False,False,"BGMSituation#1001",,,,"QuestBattle#0","",-1,762,-1,False,"황금의 유산",0,0,0,"",False,True,0,False,False,True,False,True,True,0,False,False
1232,"x6r4_2","ex5/01_xkt_x6/rad/x6r4/level/x6r4",1,"사카 투랄","사카 투랄","선더 링","x6r4/00","LoadingImage#36",2,"TerritoryIntendedUse#17","아르카디아 선수권: 라이트헤비급(영웅) 4",False,0,False,0,True,False,False,False,"BGMSituation#1001",,,,"QuestBattle#0","",-1,763,-1,False,"황금의 유산",0,0,0,"",False,True,0,False,False,True,False,True,True,0,False,False
1233,"ec059","ffxiv/fst_f1/dun/f1dc/level/f1dc",1,"검은장막 숲","검은장막 숲","폐가 지하실","f1dc/00","LoadingImage#3",1,"TerritoryIntendedUse#29","떠돌이 화가는 숲의 도시로",False,0,False,0,True,False,False,False,"BGMSituation#1001",,,,"QuestBattle#0","",-1,780,-1,False,"황금의 유산",0,0,0,"",False,True,0,False,False,True,False,True,True,0,False,False
1234,"ec060","ex3/01_nvt_n4/dun/n4d9/level/n4d9",1,"???","","꿈빛 궁전","n4d9/10","LoadingImage#37",1,"TerritoryIntendedUse#29","떠돌이 화가는 환상 속으로",False,0,False,0,True,False,False,False,"BGMSituation#1001",,,,"QuestBattle#0","",-1,778,-1,False,"황금의 유산",0,0,0,"",False,True,0,False,False,True,False,True,True,0,False,False
1235,"ec061","ffxiv/wil_w1/fld/w1f2/level/w1f2",1,"다날란","다날란","중부 다날란","w1f2/00","LoadingImage#4",1,"TerritoryIntendedUse#29","바이퍼의 사명",False,0,False,0,True,False,False,False,"BGMSituation#1001",,,,"QuestBattle#0","",-1,768,-1,False,"황금의 유산",0,0,0,"",False,True,0,False,False,True,False,True,True,0,False,False
1236,"ec062","ffxiv/wil_w1/fld/w1f4/level/w1f4",1,"다날란","다날란","남부 다날란","w1f4/01","LoadingImage#4",1,"TerritoryIntendedUse#29","투랄비드랄을 사냥하는 자",False,0,False,0,True,False,False,False,"BGMSituation#1001",,,,"QuestBattle#0","",-1,769,-1,False,"황금의 유산",0,0,0,"",False,True,0,False,False,True,False,True,True,0,False,False
1237,"c1w1","ffxiv/cos_c1/hou/c1w1/level/c1w1",1,"외계 우주","외계","동경의 만","c1w1/02","LoadingImage#1",0,"TerritoryIntendedUse#60","",False,169,False,0,True,False,True,False,"music/ex4/BGM_EX4_WKS_01.scd",,,"ArrayEventHandler#854969","QuestBattle#0","베스트웨이 피난처",-1,851,-1,False,"효월의 종언",0,0,0,"재회와 새로운 계획!",False,True,0,False,True,True,False,True,True,0,False,False
1238,"n4gw","ex3/01_nvt_n4/goe/n4gw/level/n4gw",1,"노르브란트","노르브란트","또 하나의 미래","n4gw/00","LoadingImage#15",2,"TerritoryIntendedUse#17","절 또 하나의 미래",False,0,False,0,True,False,False,False,"BGMSituation#1001",,,,"QuestBattle#0","",-1,837,-1,False,"황금의 유산",0,0,0,"",False,True,0,False,False,True,False,True,True,0,False,False
1239,"","",0,"","","","","LoadingImage#0",0,"TerritoryIntendedUse#0","",False,0,False,0,False,False,False,False,"",,,,"QuestBattle#0","",0,0,0,False,"신생 에오르제아",0,0,0,"",False,False,0,False,False,False,False,False,False,0,False,False
1240,"","",0,"","","","","LoadingImage#0",0,"TerritoryIntendedUse#0","",False,0,False,0,False,False,False,False,"",,,,"QuestBattle#0","",0,0,0,False,"신생 에오르제아",0,0,0,"",False,False,0,False,False,False,False,False,False,0,False,False
1241,"l1rz","ffxiv/lak_l1/rad/l1rz/level/l1rz",1,"모르도나","모르도나","어둠의 영역","l1rz/01","LoadingImage#6",2,"TerritoryIntendedUse#36","멸 어둠의 구름 격투전",False,28,False,0,True,False,False,False,"BGMSituation#1001",,,,"QuestBattle#0","",2300,793,-1,False,"황금의 유산",0,0,0,"",False,True,0,False,True,True,False,True,True,0,False,False
1242,"x6d6","ex5/01_xkt_x6/dun/x6d6/level/x6d6",1,"사카 투랄","사카 투랄","유웨야와타","x6d6/01","LoadingImage#33",2,"TerritoryIntendedUse#3","유웨야와타",False,86,False,0,True,False,False,False,"BGMSituation#1001",,,,"QuestBattle#0","",-1,796,-1,False,"황금의 유산",0,0,0,"",False,True,0,False,False,True,False,True,True,0,False,False
1243,"x6fc","ex5/01_xkt_x6/fld/x6fc/level/x6fc",1,"사카 투랄","사카 투랄","차원 황도","x6fb/00","LoadingImage#34",2,"TerritoryIntendedUse#10","극 이터널 퀸 토벌전",False,157,False,0,True,False,False,False,"BGMSituation#1001",,,,"QuestBattle#0","",1200,808,-1,False,"황금의 유산",0,0,0,"",False,True,0,False,False,True,False,True,True,0,False,False
1244,"ec063","ex5/01_xkt_x6/fld/x6f1/level/x6f1",1,"사카 투랄","사카 투랄","샬로니 황야","x6f1/00","LoadingImage#32",1,"TerritoryIntendedUse#29","왕의 가족",False,0,False,0,True,False,False,False,"BGMSituation#1001",,,,"QuestBattle#0","",1200,797,-1,False,"황금의 유산",0,56,0,"",False,True,0,False,False,True,False,True,True,0,False,False
1245,"w1d2_re","ffxiv/wil_w1/dun/w1d2/level/w1d2",1,"다날란","다날란","할라탈리 수련장","w1d2/00","LoadingImage#4",2,"TerritoryIntendedUse#3","할라탈리 수련장",False,0,False,0,True,False,False,False,"BGMSituation#1048",,,,"QuestBattle#0","",-1,787,-1,False,"신생 에오르제아",0,0,0,"",False,True,0,False,False,False,False,True,True,0,False,False
1246,"ec064","ex5/01_xkt_x6/evt/x6e7/level/x6e7",1,"사카 투랄","사카 투랄","조고 영결교","x6e7/00","LoadingImage#32",1,"TerritoryIntendedUse#29","결전, 조고 영결교",False,0,False,0,True,False,False,False,"BGMSituation#1001",,,,"QuestBattle#0","",-1,818,-1,False,"황금의 유산",0,56,0,"",False,True,0,False,False,True,False,True,True,0,False,False
1247,"f1ec","ffxiv/fst_f1/evt/f1ec/level/f1ec",1,"검은장막 숲","검은장막 숲","별빛 시장","f1ec/00","LoadingImage#3",0,"TerritoryIntendedUse#40","",False,27,False,0,True,False,False,False,"music/ffxiv/BGM_Season_Christmas.scd",,,,"QuestBattle#0","그리다니아 신시가지",-1,0,-1,False,"신생 에오르제아",0,62,0,"",False,True,0,False,False,False,False,True,True,0,False,False
1248,"z6r1","ex5/05_zon_z6/rad/z6r1/level/z6r1",1,"???","","쥬노: 첫 번째 반향세계","z6r1/01","LoadingImage#37",2,"TerritoryIntendedUse#8","쥬노: 첫 번째 반향세계",False,150,False,0,True,False,False,False,"BGMSituation#1378",,,,"QuestBattle#0","",1730,804,-1,False,"황금의 유산",0,0,0,"",False,True,0,False,True,True,False,True,True,0,False,False
1249,"h1i1","ffxiv/hou_xx/ind/h1i1/level/h1i1",1,"","","","","LoadingImage#1",0,"TerritoryIntendedUse#14","",False,0,False,0,True,False,False,False,"BGMSituation#1383",,,,"QuestBattle#0","",-1,0,-1,False,"신생 에오르제아",0,0,0,"",False,True,0,False,False,False,False,True,True,0,False,False
1250,"h1i2","ffxiv/hou_xx/ind/h1i2/level/h1i2",1,"","","","","LoadingImage#1",0,"TerritoryIntendedUse#14","",False,0,False,0,True,False,False,False,"BGMSituation#1383",,,,"QuestBattle#0","",-1,0,-1,False,"신생 에오르제아",0,0,0,"",False,True,0,False,False,False,False,True,True,0,False,False
1251,"h1i3","ffxiv/hou_xx/ind/h1i3/level/h1i3",1,"","","","","LoadingImage#1",0,"TerritoryIntendedUse#14","",False,0,False,0,True,False,False,False,"BGMSituation#1383",,,,"QuestBattle#0","",-1,0,-1,False,"신생 에오르제아",0,0,0,"",False,True,0,False,False,False,False,True,True,0,False,False
1252,"o6b1","ex5/03_ocn_o6/btl/o6b1/level/o6b1",1,"???","","초승달 섬 남부","o6b1/01","LoadingImage#37",3,"TerritoryIntendedUse#61","초승달 섬: 남부편",False,168,False,0,True,False,True,False,"music/ex5/BGM_EX5_MKD_01.scd",,,,"QuestBattle#0","",-1,873,-1,False,"황금의 유산",0,59,0,"사역마 '사역하지마'",False,True,0,False,True,True,False,True,True,0,False,False
1253,"f1ec_2","ffxiv/fst_f1/evt/f1ec/level/f1ec",1,"검은장막 숲","검은장막 숲","별빛 시장","f1ec/00","LoadingImage#3",0,"TerritoryIntendedUse#32","",False,27,False,0,True,False,False,False,"music/ffxiv/BGM_Season_Christmas2.scd",,,"ArrayEventHandler#854927","QuestBattle#0","그리다니아 신시가지",-1,0,-1,False,"신생 에오르제아",0,62,0,"",False,True,0,False,False,False,False,True,True,0,False,False
1254,"x6d6_event","ex5/01_xkt_x6/dun/x6d6/level/x6d6",1,"사카 투랄","사카 투랄","유웨야와타","x6d6/02","LoadingImage#33",0,"TerritoryIntendedUse#15","",False,167,False,0,True,False,False,False,"music/ex5/BGM_EX5_Dan_D09.scd",,,"ArrayEventHandler#854933","QuestBattle#0","아웃스커츠",-1,0,-1,False,"황금의 유산",0,0,0,"",False,True,0,False,False,True,False,True,True,0,False,False
1255,"w1em","ffxiv/wil_w1/evt/w1em/level/w1em",1,"다날란","다날란","임시 오디션장","w1em/00","LoadingImage#4",0,"TerritoryIntendedUse#15","",False,0,False,0,True,False,False,False,"music/ex5/BGM_EX5_Event_13.scd",,,"ArrayEventHandler#854950","QuestBattle#0","울다하 날 회랑",-1,0,-1,False,"황금의 유산",0,0,0,"",False,True,0,False,False,False,False,True,True,0,False,False
1256,"x6r5","ex5/01_xkt_x6/rad/x6r5/level/x6r5",1,"사카 투랄","사카 투랄","댄스 링","x6r5/00","LoadingImage#36",2,"TerritoryIntendedUse#17","아르카디아 선수권: 크루저급 1",False,0,False,0,True,False,False,False,"BGMSituation#1001",,,,"QuestBattle#0","",-1,849,-1,False,"황금의 유산",0,0,0,"",False,True,0,False,False,True,False,True,True,0,False,False
1257,"x6r5_2","ex5/01_xkt_x6/rad/x6r5/level/x6r5",1,"사카 투랄","사카 투랄","댄스 링","x6r5/00","LoadingImage#36",2,"TerritoryIntendedUse#17","아르카디아 선수권: 크루저급(영웅) 1",False,0,False,0,True,False,False,False,"BGMSituation#1001",,,,"QuestBattle#0","",-1,850,-1,False,"황금의 유산",0,0,0,"",False,True,0,False,False,True,False,True,True,0,False,False
1258,"x6r6","ex5/01_xkt_x6/rad/x6r6/level/x6r6",1,"사카 투랄","사카 투랄","아트 링","x6r6/00","LoadingImage#36",2,"TerritoryIntendedUse#17","아르카디아 선수권: 크루저급 2",False,0,False,0,True,False,False,False,"BGMSituation#1001",,,,"QuestBattle#0","",-1,822,-1,False,"황금의 유산",0,0,0,"",False,True,0,False,False,True,False,True,True,0,False,False
1259,"x6r6_2","ex5/01_xkt_x6/rad/x6r6/level/x6r6",1,"사카 투랄","사카 투랄","아트 링","x6r6/00","LoadingImage#36",2,"TerritoryIntendedUse#17","아르카디아 선수권: 크루저급(영웅) 2",False,0,False,0,True,False,False,False,"BGMSituation#1001",,,,"QuestBattle#0","",-1,823,-1,False,"황금의 유산",0,0,0,"",False,True,0,False,False,True,False,True,True,0,False,False
1260,"x6r7","ex5/01_xkt_x6/rad/x6r7/level/x6r7",1,"사카 투랄","사카 투랄","제8층 건설 구역","x6r7/01","LoadingImage#36",2,"TerritoryIntendedUse#17","아르카디아 선수권: 크루저급 3",False,0,False,0,True,False,False,False,"BGMSituation#1001",,,,"QuestBattle#0","",-1,847,-1,False,"황금의 유산",0,0,0,"",False,True,0,False,False,True,False,True,False,0,False,False
1261,"x6r7_2","ex5/01_xkt_x6/rad/x6r7/level/x6r7",1,"사카 투랄","사카 투랄","제8층 건설 구역","x6r7/01","LoadingImage#36",2,"TerritoryIntendedUse#17","아르카디아 선수권: 크루저급(영웅) 3",False,0,False,0,True,False,False,False,"BGMSituation#1001",,,,"QuestBattle#0","",-1,848,-1,False,"황금의 유산",0,0,0,"",False,True,0,False,False,True,False,True,False,0,False,False
1262,"x6r8","ex5/01_xkt_x6/rad/x6r8/level/x6r8",1,"사카 투랄","사카 투랄","울프 링","x6r8/01","LoadingImage#36",2,"TerritoryIntendedUse#17","아르카디아 선수권: 크루저급 4",False,0,False,0,True,False,False,False,"BGMSituation#1001",,,,"QuestBattle#0","",-1,820,-1,False,"황금의 유산",0,0,0,"",False,True,0,False,False,True,False,True,True,0,False,False
1263,"x6r8_2","ex5/01_xkt_x6/rad/x6r8/level/x6r8",1,"사카 투랄","사카 투랄","울프 링","x6r8/01","LoadingImage#36",2,"TerritoryIntendedUse#17","아르카디아 선수권: 크루저급(영웅) 4",False,0,False,0,True,False,False,False,"BGMSituation#1001",,,,"QuestBattle#0","",-1,821,-1,False,"황금의 유산",0,0,0,"",False,True,0,False,False,True,False,True,True,0,False,False
1264,"z6e1","ex5/05_zon_z6/evt/z6e1/level/z6e1",1,"???","","쥬노 하층","z6e1/00","LoadingImage#37",0,"TerritoryIntendedUse#15","",False,0,False,0,True,False,False,False,"music/ex5/BGM_EX5_EoV_11.scd",,,"ArrayEventHandler#854935","QuestBattle#0","마무크",-1,0,-1,False,"황금의 유산",0,0,0,"",False,True,0,False,False,True,False,True,True,0,False,False
1265,"z6e1_2","ex5/05_zon_z6/evt/z6e1/level/z6e1",1,"???","","쥬노 하층","z6e1/00","LoadingImage#37",0,"TerritoryIntendedUse#32","",False,0,False,0,True,False,False,False,"music/ex5/BGM_EX5_EoV_11.scd",,,"ArrayEventHandler#855067","QuestBattle#0","마무크",-1,0,-1,False,"황금의 유산",0,0,0,"",False,True,0,False,False,True,False,True,True,0,False,False
1266,"x6d7","ex5/01_xkt_x6/dun/x6d7/level/x6d7",1,"사카 투랄","사카 투랄","언더킵","x6d7/01","LoadingImage#36",2,"TerritoryIntendedUse#3","언더킵",False,0,False,0,True,False,False,False,"BGMSituation#1001",,,,"QuestBattle#0","",-1,834,-1,False,"황금의 유산",0,0,0,"",False,True,0,False,False,True,False,True,True,0,False,False
1267,"w1d3_re","ffxiv/wil_w1/dun/w1d3/level/w1d3",1,"다날란","다날란","카른의 무너진 사원","w1d3/01","LoadingImage#4",2,"TerritoryIntendedUse#3","카른의 무너진 사원",False,0,False,0,True,False,False,False,"BGMSituation#1049",,,,"QuestBattle#0","",-1,836,-1,False,"신생 에오르제아",0,0,0,"",False,True,0,False,False,False,False,True,True,0,False,False
1268,"x6e8","ex5/01_xkt_x6/evt/x6e8/level/x6e8",1,"사카 투랄","사카 투랄","휴게실","x6e8/00","LoadingImage#36",0,"TerritoryIntendedUse#15","",False,0,False,0,True,False,False,False,"music/ex5/BGM_EX5_EventMap06.scd",,,"ArrayEventHandler#854980","QuestBattle#0","솔루션 나인",-1,0,-1,False,"황금의 유산",0,0,0,"",False,True,0,False,False,False,False,True,True,0,False,False
1269,"o6e1","ex5/03_ocn_o6/evt/o6e1/level/o6e1",1,"???","","신기루 마을","o6e1/00","LoadingImage#37",0,"TerritoryIntendedUse#15","",False,0,False,0,True,False,False,False,,,,"ArrayEventHandler#854976","QuestBattle#0","툴라이욜라",-1,0,-1,False,"황금의 유산",0,0,0,"",False,True,0,False,False,False,False,True,True,0,False,False
1270,"x6fd","ex5/01_xkt_x6/fld/x6fd/level/x6fd",1,"사카 투랄","사카 투랄","옥좌의 방","x6fd/00","LoadingImage#36",2,"TerritoryIntendedUse#10","젤레니아 토벌전",False,0,False,0,True,False,False,False,"BGMSituation#1001",,,,"QuestBattle#0","",-1,845,-1,False,"황금의 유산",0,0,0,"",False,True,0,False,False,True,False,True,True,0,False,False
1271,"x6fd_2","ex5/01_xkt_x6/fld/x6fd/level/x6fd",1,"사카 투랄","사카 투랄","옥좌의 방","x6fd/00","LoadingImage#36",2,"TerritoryIntendedUse#10","극 젤레니아 토벌전",False,0,False,0,True,False,False,False,"BGMSituation#1001",,,,"QuestBattle#0","",-1,846,-1,False,"황금의 유산",0,0,0,"",False,True,0,False,False,True,False,True,True,0,False,False
1272,"","",0,"","","","","LoadingImage#0",0,"TerritoryIntendedUse#0","",False,0,False,0,False,False,False,False,"",,,,"QuestBattle#0","",0,0,0,False,"신생 에오르제아",0,0,0,"",False,False,0,False,False,False,False,False,False,0,False,False
1273,"l1p3","ffxiv/pvp_xx/pvp/l1p3/level/l1p3",4,"모르도나","늑대우리","카르테노 평원: 외곽 유적지대","l1p3/00","LoadingImage#6",2,"TerritoryIntendedUse#18","외곽 유적지대(제압전)",False,0,False,0,True,False,True,True,"BGMSituation#1001",,,,"QuestBattle#0","",-1,58,-1,True,"신생 에오르제아",0,0,0,"",False,True,0,False,False,True,False,True,True,0,False,False
1274,"x6e9","ex5/01_xkt_x6/evt/x6e9/level/x6e9",1,"사카 투랄","사카 투랄","옥좌의 방","x6e9/00","LoadingImage#36",0,"TerritoryIntendedUse#15","",False,0,False,0,True,False,False,False,"music/ex5/BGM_EX5_Dan_D10.scd",,,"ArrayEventHandler#854983","QuestBattle#0","솔루션 나인",-1,0,-1,False,"황금의 유산",0,0,0,"",False,True,0,False,False,False,False,True,True,0,False,False
1275,"x6fd_event","ex5/01_xkt_x6/fld/x6fd/level/x6fd",1,"사카 투랄","사카 투랄","옥좌의 방","x6fd/00","LoadingImage#36",0,"TerritoryIntendedUse#15","",False,157,False,0,True,False,False,False,"music/ex5/BGM_EX5_Ban_17.scd",,,"ArrayEventHandler#854982","QuestBattle#0","솔루션 나인",-1,0,-1,False,"황금의 유산",0,0,0,"",False,True,0,False,False,False,False,True,True,0,False,False
1276,"x6r7_event","ex5/01_xkt_x6/rad/x6r7/level/x6r7",1,"사카 투랄","사카 투랄","제8층 건설 구역","x6r7/01","LoadingImage#36",0,"TerritoryIntendedUse#15","",False,0,False,0,True,False,False,False,"music/ex5/BGM_EX5_Event_08.scd",,,"ArrayEventHandler#854986","QuestBattle#0","솔루션 나인",-1,0,-1,False,"황금의 유산",0,0,0,"",False,True,0,False,False,False,False,True,True,0,False,False
1277,"o6e2","ex5/03_ocn_o6/evt/o6e2/level/o6e2",1,"???","","대양 항해선","o6e2/00","LoadingImage#37",0,"TerritoryIntendedUse#15","",False,0,False,0,True,False,False,False,"music/ex5/BGM_EX5_Event_11.scd",,,"ArrayEventHandler#855000","QuestBattle#0","툴라이욜라",-1,0,-1,False,"황금의 유산",0,0,0,"",False,True,0,False,False,False,False,True,True,0,False,False
1278,"o6e1_2","ex5/03_ocn_o6/evt/o6e1/level/o6e1",1,"???","","신기루 마을","o6e1/00","LoadingImage#37",0,"TerritoryIntendedUse#7","",False,0,False,0,True,False,False,False,,,,,"QuestBattle#0","툴라이욜라",-1,0,-1,False,"황금의 유산",0,63,0,"",False,True,0,False,False,False,False,True,True,0,False,False
1279,"x6c1","ex5/01_xkt_x6/cnt/x6c1/level/x6c1",1,"언로스트 월드","언로스트 월드","볼트 오네이론","x6c1/00","LoadingImage#34",3,"TerritoryIntendedUse#33","보물고 볼트 오네이론",False,0,False,0,True,False,False,False,"BGMSituation#1001",,,,"QuestBattle#0","",-1,870,-1,False,"황금의 유산",0,0,0,"",False,True,0,False,False,True,False,True,True,0,False,False
1280,"n6c0","ex5/06_nvt_n6/cnt/n6c0/level/n6c0",1,"노르브란트","노르브란트","노르브란트 순례길","default/00","LoadingImage#16",0,"TerritoryIntendedUse#12","",False,0,False,0,True,False,False,False,"BGMSituation#1001",,,,"QuestBattle#0","",-1,0,-1,False,"황금의 유산",0,0,0,"",False,True,0,False,False,True,False,True,True,0,False,False
1281,"n6c1","ex5/06_nvt_n6/cnt/n6c1/level/n6c1",1,"노르브란트","노르브란트","노르브란트 순례길","","LoadingImage#16",2,"TerritoryIntendedUse#31","노르브란트 순례길 제1~10순례길",False,0,False,0,True,False,False,False,"BGMSituation#1001",,,,"QuestBattle#0","",-1,859,-1,False,"황금의 유산",0,0,0,"",False,True,0,False,False,False,False,True,True,0,False,False
1282,"n6c2","ex5/06_nvt_n6/cnt/n6c2/level/n6c2",1,"노르브란트","노르브란트","노르브란트 순례길","","LoadingImage#16",2,"TerritoryIntendedUse#31","노르브란트 순례길 제11~20순례길",False,0,False,0,True,False,False,False,"BGMSituation#1001",,,,"QuestBattle#0","",-1,860,-1,False,"황금의 유산",0,0,0,"",False,True,0,False,False,False,False,True,True,0,False,False
1283,"n6c3","ex5/06_nvt_n6/cnt/n6c3/level/n6c3",1,"노르브란트","노르브란트","노르브란트 순례길","","LoadingImage#16",2,"TerritoryIntendedUse#31","노르브란트 순례길 제21~30순례길",False,0,False,0,True,False,False,False,"BGMSituation#1001",,,,"QuestBattle#0","",-1,861,-1,False,"황금의 유산",0,0,0,"",False,True,0,False,False,False,False,True,True,0,False,False
1284,"n6c3_2","ex5/06_nvt_n6/cnt/n6c3/level/n6c3",1,"노르브란트","노르브란트","노르브란트 순례길","","LoadingImage#16",2,"TerritoryIntendedUse#31","노르브란트 순례길 제31~40순례길",False,0,False,0,True,False,False,False,"BGMSituation#1001",,,,"QuestBattle#0","",-1,862,-1,False,"황금의 유산",0,0,0,"",False,True,0,False,False,False,False,True,True,0,False,False
1285,"n6c4","ex5/06_nvt_n6/cnt/n6c4/level/n6c4",1,"노르브란트","노르브란트","노르브란트 순례길","","LoadingImage#16",2,"TerritoryIntendedUse#31","노르브란트 순례길 제41~50순례길",False,0,False,0,True,False,False,False,"BGMSituation#1001",,,,"QuestBattle#0","",-1,863,-1,False,"황금의 유산",0,0,0,"",False,True,0,False,False,False,False,True,True,0,False,False
1286,"n6c4_2","ex5/06_nvt_n6/cnt/n6c4/level/n6c4",1,"노르브란트","노르브란트","노르브란트 순례길","","LoadingImage#16",2,"TerritoryIntendedUse#31","노르브란트 순례길 제51~60순례길",False,0,False,0,True,False,False,False,"BGMSituation#1001",,,,"QuestBattle#0","",-1,864,-1,False,"황금의 유산",0,0,0,"",False,True,0,False,False,False,False,True,True,0,False,False
1287,"n6c5","ex5/06_nvt_n6/cnt/n6c5/level/n6c5",1,"노르브란트","노르브란트","노르브란트 순례길","","LoadingImage#16",2,"TerritoryIntendedUse#31","노르브란트 순례길 제61~70순례길",False,0,False,0,True,False,False,False,"BGMSituation#1001",,,,"QuestBattle#0","",-1,865,-1,False,"황금의 유산",0,0,0,"",False,True,0,False,False,False,False,True,True,0,False,False
1288,"n6c5_2","ex5/06_nvt_n6/cnt/n6c5/level/n6c5",1,"노르브란트","노르브란트","노르브란트 순례길","","LoadingImage#16",2,"TerritoryIntendedUse#31","노르브란트 순례길 제71~80순례길",False,0,False,0,True,False,False,False,"BGMSituation#1001",,,,"QuestBattle#0","",-1,866,-1,False,"황금의 유산",0,0,0,"",False,True,0,False,False,False,False,True,True,0,False,False
1289,"n6c6","ex5/06_nvt_n6/cnt/n6c6/level/n6c6",1,"노르브란트","노르브란트","노르브란트 순례길","","LoadingImage#16",2,"TerritoryIntendedUse#31","노르브란트 순례길 제81~90순례길",False,149,False,0,True,False,False,False,"BGMSituation#1001",,,,"QuestBattle#0","",-1,867,-1,False,"황금의 유산",0,0,0,"",False,True,0,False,False,False,False,True,True,0,False,False
1290,"n6c6_2","ex5/06_nvt_n6/cnt/n6c6/level/n6c6",1,"노르브란트","노르브란트","노르브란트 순례길","","LoadingImage#16",2,"TerritoryIntendedUse#31","노르브란트 순례길 제91~100순례길",False,149,False,0,True,False,False,False,"BGMSituation#1001",,,,"QuestBattle#0","",-1,868,-1,False,"황금의 유산",0,0,0,"",False,True,0,False,False,False,False,True,True,0,True,False
1291,"c1w2","ffxiv/cos_c1/hou/c1w2/level/c1w2",1,"외계 우주","외계","행성 파엔나","c1w2/02","LoadingImage#1",0,"TerritoryIntendedUse#60","",False,171,False,0,True,False,True,False,"music/ex4/BGM_EX4_WKS_07.scd",,,"ArrayEventHandler#855020","QuestBattle#0","베스트웨이 피난처",-1,878,-1,False,"효월의 종언",0,0,0,"새로운 미지를 향해!",False,True,0,False,True,True,False,False,True,0,False,False
1292,"x6d8","ex5/01_xkt_x6/dun/x6d8/level/x6d8",1,"언로스트 월드","언로스트 월드","메인 터미널","x6d8/01","LoadingImage#34",2,"TerritoryIntendedUse#3","메인 터미널",False,0,False,0,True,False,False,False,"BGMSituation#1001",,,,"QuestBattle#0","",-1,857,-1,False,"황금의 유산",0,0,0,"",False,True,0,False,False,True,False,True,True,0,False,False
1293,"s5p6","ffxiv/pvp_xx/pvp/s5p6/level/s5p6",4,"???","늑대우리","바닷가 전투장","s5p6/00","LoadingImage#1",2,"TerritoryIntendedUse#28","",False,0,False,0,True,False,False,False,"BGMSituation#1001",,,,"QuestBattle#0","",1100,858,-1,True,"신생 에오르제아",0,0,0,"",False,True,0,False,False,False,False,True,True,0,False,False
1294,"s5p6_ctm","ffxiv/pvp_xx/pvp/s5p6/level/s5p6",4,"???","늑대우리","바닷가 전투장","s5p6/00","LoadingImage#1",2,"TerritoryIntendedUse#37","",False,0,False,0,True,False,False,False,"BGMSituation#1001",,,,"QuestBattle#0","",1100,858,-1,True,"신생 에오르제아",0,0,0,"",False,True,0,False,False,False,False,True,True,0,False,False
1295,"x6fe","ex5/01_xkt_x6/fld/x6fe/level/x6fe",1,"언로스트 월드","언로스트 월드","죽음이 가득한 곳","x6fe/01","LoadingImage#34",2,"TerritoryIntendedUse#10","영원한 어둠 토벌전",False,0,False,0,True,False,False,False,"BGMSituation#1001",,,,"QuestBattle#0","",-1,874,-1,False,"황금의 유산",0,0,0,"",False,True,0,False,False,True,False,True,True,0,False,False
1296,"x6fe_2","ex5/01_xkt_x6/fld/x6fe/level/x6fe",1,"언로스트 월드","언로스트 월드","죽음이 가득한 곳","x6fe/01","LoadingImage#34",2,"TerritoryIntendedUse#10","극 영원한 어둠 토벌전",False,0,False,0,True,False,False,False,"BGMSituation#1001",,,,"QuestBattle#0","",-1,875,-1,False,"황금의 유산",0,0,0,"",False,True,0,False,False,True,False,True,True,0,False,False
1297,"y6e5","ex5/02_ykt_y6/evt/y6e5/level/y6e5",1,"요카 투랄","요카 투랄","지고테 제단","y6e5/02","LoadingImage#29",0,"TerritoryIntendedUse#15","",False,160,False,1,True,False,True,False,"music/ex5/BGM_EX5_BanFort_Yok_Good.scd",,,,"QuestBattle#0","워라의 잔향",-1,0,-1,False,"황금의 유산",0,61,0,"",False,True,0,False,False,False,False,True,True,0,False,False
1298,"f1dd","ffxiv/fst_f1/dun/f1dd/level/f1dd",1,"검은장막 숲","검은장막 숲","발렌티온 제과점","f1dd/00","LoadingImage#3",2,"TerritoryIntendedUse#34","발렌티온 제과점",False,0,False,0,True,False,False,False,"BGMSituation#1001",,,,"QuestBattle#0","",-1,879,-1,False,"신생 에오르제아",0,0,0,"",False,True,0,False,False,True,False,True,True,0,False,False
1299,"x6eb","ex5/01_xkt_x6/evt/x6eb/level/x6eb",1,"사카 투랄","사카 투랄","격납동 10-29","x6eb/00","LoadingImage#36",0,"TerritoryIntendedUse#15","",False,0,False,0,True,False,False,False,,,,"ArrayEventHandler#855018","QuestBattle#0","솔루션 나인",-1,0,-1,False,"황금의 유산",0,60,0,"",False,True,0,False,False,False,False,True,True,0,False,False
1300,"x6ff","ex5/01_xkt_x6/fld/x6ff/level/x6ff",1,"사카 투랄","사카 투랄","경계의 황야","x6ff/01","LoadingImage#32",2,"TerritoryIntendedUse#10","수호룡 알슈베르도 수렵전",False,0,False,0,True,False,False,False,"BGMSituation#1001",,,,"QuestBattle#0","",-1,876,-1,False,"황금의 유산",0,0,0,"",False,True,0,False,False,True,False,True,True,0,False,False
1301,"x6ff_event","ex5/01_xkt_x6/fld/x6ff/level/x6ff",1,"사카 투랄","사카 투랄","경계의 황야","x6ff/02","LoadingImage#32",0,"TerritoryIntendedUse#32","",False,0,False,0,True,False,False,False,"music/ex5/BGM_EX5_KGR_10.scd",,,"ArrayEventHandler#855013","QuestBattle#0","메와헤이존",-1,0,-1,False,"황금의 유산",0,0,0,"",False,True,0,False,False,False,False,True,True,0,False,False
1302,"","",0,"","","","","LoadingImage#0",0,"TerritoryIntendedUse#0","",False,0,False,0,False,False,False,False,"",,,,"QuestBattle#0","",0,0,0,False,"신생 에오르제아",0,0,0,"",False,False,0,False,False,False,False,False,False,0,False,False
1303,"w1r1_re","ffxiv/wil_w1/rad/w1r1/level/w1r1",1,"다날란","다날란","나무꾼의 비명","w1r1/01","LoadingImage#4",2,"TerritoryIntendedUse#3","나무꾼의 비명",False,0,False,0,True,False,False,False,"BGMSituation#1050",,,,"QuestBattle#0","",-1,871,-1,False,"신생 에오르제아",0,0,0,"",False,True,0,False,False,True,False,True,True,0,False,False
1304,"z6r2","ex5/05_zon_z6/rad/z6r2/level/z6r2",1,"???","","산도리아: 두 번째 반향세계","z6r2/01","LoadingImage#37",2,"TerritoryIntendedUse#8","산도리아: 두 번째 반향세계",False,150,False,0,True,False,False,False,"BGMSituation#1391",,,,"QuestBattle#0","",-1,852,-1,False,"황금의 유산",0,0,0,"",False,True,0,False,True,True,False,True,True,0,False,False
1305,"f1d9_event2","ffxiv/fst_f1/dun/f1d9/level/f1d9",1,"검은장막 숲","검은장막 숲","유령의 집","f1d9/01","LoadingImage#3",0,"TerritoryIntendedUse#32","",False,0,False,0,True,False,True,False,"music/ffxiv/BGM_Season_HalloweenD.scd",,,,"QuestBattle#0","굽은가지 목장",-1,0,-1,False,"신생 에오르제아",0,0,0,"",False,True,0,False,False,False,False,True,True,0,False,False
1306,"x6ff_2","ex5/01_xkt_x6/fld/x6ff/level/x6ff",1,"사카 투랄","사카 투랄","경계의 황야","x6ff/01","LoadingImage#32",2,"TerritoryIntendedUse#10","극 수호룡 알슈베르도 수렵전",False,0,False,0,True,False,False,False,"BGMSituation#1001",,,,"QuestBattle#0","",-1,877,-1,False,"황금의 유산",0,0,0,"",False,True,0,False,False,True,False,True,True,0,False,False
1307,"x6fg","ex5/01_xkt_x6/fld/x6fg/level/x6fg",1,"언로스트 월드","언로스트 월드","철마차 선로","x6fg/01","LoadingImage#34",2,"TerritoryIntendedUse#10","글라시아 라볼라스 토벌전",True,37,False,0,True,False,False,False,"BGMSituation#1001",,,,"QuestBattle#0","",-1,893,-1,False,"황금의 유산",0,0,0,"",False,True,0,False,False,True,True,True,True,0,False,False
1308,"x6fg_2","ex5/01_xkt_x6/fld/x6fg/level/x6fg",1,"언로스트 월드","언로스트 월드","철마차 선로","x6fg/06","LoadingImage#34",2,"TerritoryIntendedUse#10","극 글라시아 라볼라스 토벌전",True,37,False,0,True,False,False,False,"BGMSituation#1001",,,,"QuestBattle#0","",-1,894,-1,False,"황금의 유산",0,0,0,"",False,True,0,False,False,True,True,True,True,0,False,False
1309,"f1ec_3","ffxiv/fst_f1/evt/f1ec/level/f1ec",1,"검은장막 숲","검은장막 숲","별빛 시장","f1ec/00","LoadingImage#3",0,"TerritoryIntendedUse#32","",False,27,False,0,True,False,False,False,"music/ffxiv/BGM_Season_Christmas2.scd",,,"ArrayEventHandler#854927","QuestBattle#0","그리다니아 신시가지",-1,0,-1,False,"신생 에오르제아",0,62,0,"",False,True,0,False,False,False,False,True,True,0,False,False
1310,"c1w3","ffxiv/cos_c1/hou/c1w3/level/c1w3",1,"외계 우주","외계","행성 오이지스","c1w3/02","LoadingImage#1",0,"TerritoryIntendedUse#60","",False,172,False,0,True,False,True,False,"music/ex4/BGM_EX4_WKS_08.scd",,,"ArrayEventHandler#855046","QuestBattle#0","베스트웨이 피난처",-1,901,-1,False,"효월의 종언",0,64,0,"중력 탐구",False,True,0,False,True,True,False,False,True,0,False,False
1311,"n6c6_3","ex5/06_nvt_n6/cnt/n6c6/level/n6c6",1,"노르브란트","노르브란트","노르브란트 순례길","","LoadingImage#16",2,"TerritoryIntendedUse#31","시상 드높은 비애 토벌전",False,149,False,0,True,False,False,False,"BGMSituation#1001",,,,"QuestBattle#0","",-1,869,-1,False,"황금의 유산",0,0,0,"",False,True,0,False,False,True,False,True,True,0,True,False
1312,"x6fe_event","ex5/01_xkt_x6/fld/x6fe/level/x6fe",1,"언로스트 월드","언로스트 월드","죽음이 가득한 곳","x6fe/01","LoadingImage#34",0,"TerritoryIntendedUse#15","",False,170,False,0,True,False,False,False,,,,"ArrayEventHandler#855026","QuestBattle#0","레이노드 메모리즈",-1,0,-1,False,"황금의 유산",0,0,0,"",False,True,0,False,False,False,False,True,True,0,False,False
1313,"y6p1","ffxiv/pvp_xx/pvp/y6p1/level/y6p1",4,"요카 투랄","늑대우리","워코 치테","y6p1/00","LoadingImage#29",2,"TerritoryIntendedUse#18","워코 치테(연습전)",False,0,False,0,True,False,True,True,"BGMSituation#1001",,,,"QuestBattle#0","",-1,58,-1,True,"신생 에오르제아",0,0,0,"",False,True,0,False,False,True,False,True,True,0,False,False
1314,"x6d9","ex5/01_xkt_x6/dun/x6d9/level/x6d9",1,"언로스트 월드","언로스트 월드","안개여로","x6d9/01","LoadingImage#34",2,"TerritoryIntendedUse#3","안개여로",False,37,False,0,True,False,False,False,"BGMSituation#1001",,,,"QuestBattle#0","",-1,880,-1,False,"황금의 유산",0,0,0,"",False,True,0,False,False,True,False,True,True,0,False,False
1315,"m6d1","ex5/07_mid_m6/dun/m6d1/level/m6d1",1,"???","","상인 이야기","m6d1/01","LoadingImage#37",2,"TerritoryIntendedUse#4","변형 던전: 상인 이야기",False,0,False,0,True,False,False,False,"BGMSituation#1001",,,,"QuestBattle#0","",-1,0,-1,False,"황금의 유산",0,0,0,"",False,True,0,False,False,True,False,True,True,0,False,False
1316,"m6d1_2","ex5/07_mid_m6/dun/m6d1/level/m6d1",1,"???","","상인 이야기","m6d1/08","LoadingImage#37",2,"TerritoryIntendedUse#4","상급 변형 던전: 상인 이야기",False,0,False,0,True,False,False,False,"BGMSituation#1001",,,,"QuestBattle#0","",-1,0,-1,False,"황금의 유산",0,0,0,"",False,True,0,False,False,True,False,True,True,0,False,False
1317,"m6d1_3","ex5/07_mid_m6/dun/m6d1/level/m6d1",1,"???","","번외 상인 이야기","m6d1/10","LoadingImage#37",2,"TerritoryIntendedUse#57","파생 던전: 번외 상인 이야기",False,0,False,0,True,False,False,False,"BGMSituation#1001",,,,"QuestBattle#0","",-1,0,-1,False,"황금의 유산",0,0,0,"",False,True,0,False,False,True,False,True,True,0,False,False
1318,"","",0,"","","","","LoadingImage#0",0,"TerritoryIntendedUse#0","",False,0,False,0,False,False,False,False,"",,,,"QuestBattle#0","",0,0,0,False,"신생 에오르제아",0,0,0,"",False,False,0,False,False,False,False,False,False,0,False,False
1319,"","",0,"","","","","LoadingImage#0",0,"TerritoryIntendedUse#0","",False,0,False,0,False,False,False,False,"",,,,"QuestBattle#0","",0,0,0,False,"신생 에오르제아",0,0,0,"",False,False,0,False,False,False,False,False,False,0,False,False
1320,"x6r9","ex5/01_xkt_x6/rad/x6r9/level/x6r9",1,"사카 투랄","사카 투랄","뱀프 링","x6r9/00","LoadingImage#36",2,"TerritoryIntendedUse#17","아르카디아 선수권: 헤비급 1",False,0,False,0,True,False,False,False,"BGMSituation#1001",,,,"QuestBattle#0","",-1,898,-1,False,"황금의 유산",0,0,0,"",False,True,0,False,False,True,False,True,True,0,False,False
1321,"x6r9_2","ex5/01_xkt_x6/rad/x6r9/level/x6r9",1,"사카 투랄","사카 투랄","뱀프 링","x6r9/00","LoadingImage#36",2,"TerritoryIntendedUse#17","아르카디아 선수권: 헤비급(영웅) 1",False,0,False,0,True,False,False,False,"BGMSituation#1001",,,,"QuestBattle#0","",-1,899,-1,False,"황금의 유산",0,0,0,"",False,True,0,False,False,True,False,True,True,0,False,False
1322,"x6ra","ex5/01_xkt_x6/rad/x6ra/level/x6ra",1,"사카 투랄","사카 투랄","익스트림 링","x6ra/00","LoadingImage#36",2,"TerritoryIntendedUse#17","아르카디아 선수권: 헤비급 2",False,114,False,0,True,False,False,False,"BGMSituation#1001",,,,"QuestBattle#0","",-1,903,-1,False,"황금의 유산",0,0,0,"",False,True,0,False,False,True,False,True,True,0,False,False
1323,"x6ra_2","ex5/01_xkt_x6/rad/x6ra/level/x6ra",1,"사카 투랄","사카 투랄","익스트림 링","x6ra/00","LoadingImage#36",2,"TerritoryIntendedUse#17","아르카디아 선수권: 헤비급(영웅) 2",False,114,False,0,True,False,False,False,"BGMSituation#1001",,,,"QuestBattle#0","",-1,904,-1,False,"황금의 유산",0,0,0,"",False,True,0,False,False,True,False,True,True,0,False,False
1324,"x6rb","ex5/01_xkt_x6/rad/x6rb/level/x6rb",1,"사카 투랄","사카 투랄","타이런트 링","x6rb/00","LoadingImage#36",2,"TerritoryIntendedUse#17","아르카디아 선수권: 헤비급 3",False,0,False,0,True,False,False,False,"BGMSituation#1001",,,,"QuestBattle#0","",-1,895,-1,False,"황금의 유산",0,0,0,"",False,True,0,False,False,True,False,True,True,0,False,False
1325,"x6rb_2","ex5/01_xkt_x6/rad/x6rb/level/x6rb",1,"사카 투랄","사카 투랄","타이런트 링","x6rb/00","LoadingImage#36",2,"TerritoryIntendedUse#17","아르카디아 선수권: 헤비급(영웅) 3",False,0,False,0,True,False,False,False,"BGMSituation#1001",,,,"QuestBattle#0","",-1,896,-1,False,"황금의 유산",0,0,0,"",False,True,0,False,False,True,False,True,True,0,False,False
1326,"x6rc","ex5/01_xkt_x6/rad/x6rc/level/x6rc",1,"사카 투랄","사카 투랄","아르카디아 링","x6rc/01","LoadingImage#36",2,"TerritoryIntendedUse#17","아르카디아 선수권: 헤비급 4",False,0,False,0,True,False,False,False,"BGMSituation#1001",,,,"QuestBattle#0","",-1,897,-1,False,"황금의 유산",0,0,0,"",False,True,0,False,False,True,False,True,True,0,False,False
1327,"x6rc_2","ex5/01_xkt_x6/rad/x6rc/level/x6rc",1,"사카 투랄","사카 투랄","아르카디아 링","x6rc/01","LoadingImage#36",2,"TerritoryIntendedUse#17","아르카디아 선수권: 헤비급(영웅) 4",False,0,False,0,True,False,False,False,"BGMSituation#1001",,,,"QuestBattle#0","",-1,902,-1,False,"황금의 유산",0,0,0,"",False,True,0,False,False,True,False,True,True,0,False,False
1328,"ec065","ex5/01_xkt_x6/dun/x6d9/level/x6d9",1,"언로스트 월드","언로스트 월드","트레노","x6d9/06","LoadingImage#34",1,"TerritoryIntendedUse#29","이웃과 손을 맞잡고",False,37,False,0,True,False,False,False,"BGMSituation#1001",,,,"QuestBattle#0","",-1,0,-1,False,"황금의 유산",0,0,0,"",False,True,0,False,False,True,False,True,True,0,False,True
1329,"","",0,"","","","","LoadingImage#0",0,"TerritoryIntendedUse#0","",False,0,False,0,False,False,False,False,"",,,,"QuestBattle#0","",0,0,0,False,"신생 에오르제아",0,0,0,"",False,False,0,False,False,False,False,False,False,0,False,False
1330,"r1r1_re","ffxiv/roc_r1/rad/r1r1/level/r1r1",1,"커르다스","커르다스","제멜 요새","r1r1/01","LoadingImage#5",2,"TerritoryIntendedUse#3","제멜 요새",False,0,False,0,True,False,False,False,"BGMSituation#1070",,,,"QuestBattle#0","",-1,892,-1,False,"신생 에오르제아",0,0,0,"",False,True,0,False,False,True,False,True,True,0,False,False
1331,"r1r2_re","ffxiv/roc_r1/rad/r1r2/level/r1r2",1,"커르다스","커르다스","금빛 골짜기","r1r2/00","LoadingImage#5",2,"TerritoryIntendedUse#3","금빛 골짜기",False,0,False,0,True,False,False,False,"BGMSituation#1071",,,,"QuestBattle#0","",-1,891,-1,False,"신생 에오르제아",0,0,0,"",False,True,0,False,False,True,False,True,True,0,False,False
1332,"x6d9_event","ex5/01_xkt_x6/dun/x6d9/level/x6d9",1,"언로스트 월드","언로스트 월드","트레노","x6d9/06","LoadingImage#34",0,"TerritoryIntendedUse#15","",False,37,False,0,True,False,True,False,,,,"ArrayEventHandler#855039","QuestBattle#0","레이노드 메모리즈",-1,0,-1,False,"황금의 유산",0,0,0,"",False,True,0,False,False,True,False,True,True,0,False,False
1333,"n6c6_4","ex5/06_nvt_n6/cnt/n6c6/level/n6c6",1,"노르브란트","노르브란트","노르브란트 순례길","","LoadingImage#16",2,"TerritoryIntendedUse#31","드높은 비애 토벌전",False,149,False,0,True,False,False,False,"BGMSituation#1001",,,,"QuestBattle#0","",-1,868,-1,False,"황금의 유산",0,0,0,"",False,True,0,False,False,True,False,True,True,0,True,False
1334,"x6ed","ex5/01_xkt_x6/evt/x6ed/level/x6ed",1,"언로스트 월드","언로스트 월드","알렉산드리아 왕국 유적","x6ed/00","LoadingImage#34",0,"TerritoryIntendedUse#15","",False,37,False,0,True,False,False,False,"music/ffxiv/BGM_Event_Marvellous.scd",,,"ArrayEventHandler#855045","QuestBattle#0","레이노드 메모리즈",-1,0,-1,False,"황금의 유산",0,0,0,"",False,True,0,False,False,True,False,True,True,0,False,False
1335,"s1e9","ffxiv/sea_s1/evt/s1e9/level/s1e9",1,"다날란","골드 소서","골드 소서","","LoadingImage#4",1,"TerritoryIntendedUse#64","",False,0,False,0,True,False,False,False,"music/ffxiv/BGM_GlodSaucer_GATE.scd",,,,"QuestBattle#0","",-1,0,-1,False,"신생 에오르제아",0,0,0,"",False,True,0,False,False,True,False,True,True,0,False,False
1336,"f1ed","ffxiv/fst_f1/evt/f1ed/level/f1ed",1,"검은장막 숲","검은장막 숲","수련 호수 근교","","LoadingImage#3",0,"TerritoryIntendedUse#63","",False,0,False,0,True,False,False,False,"BGMSituation#1001",,,,"QuestBattle#0","그리다니아 신시가지",-1,0,-1,False,"신생 에오르제아",0,0,0,"",False,True,0,False,False,True,False,True,True,0,False,False
1337,"m6e1","ex5/07_mid_m6/evt/m6e1/level/m6e1",1,"???","","아름다운 아가씨의 집","m6e1/00","LoadingImage#37",0,"TerritoryIntendedUse#15","",False,0,False,0,True,False,False,False,"music/ffxiv/BGM_Event_Truth2.scd",,,"ArrayEventHandler#855060","QuestBattle#0","올드 샬레이안",-1,0,-1,False,"황금의 유산",0,0,0,"",False,True,0,False,False,True,False,True,True,0,False,False
1338,"x6ee","ex5/01_xkt_x6/evt/x6ee/level/x6ee",1,"언로스트 월드","언로스트 월드","벤티니 화물역","x6ee/00","LoadingImage#34",0,"TerritoryIntendedUse#15","",False,37,False,0,True,False,False,False,"music/ffxiv/BGM_Event_Keikaku2.scd",,,"ArrayEventHandler#855041","QuestBattle#0","레이노드 메모리즈",-1,0,-1,False,"황금의 유산",0,0,0,"",False,True,0,False,False,True,False,True,True,0,False,False
1339,"","",0,"","","","","LoadingImage#0",0,"TerritoryIntendedUse#0","",False,0,False,0,False,False,False,False,"",,,,"QuestBattle#0","",0,0,0,False,"신생 에오르제아",0,0,0,"",False,False,0,False,False,False,False,False,False,0,False,False
1340,"","",0,"","","","","LoadingImage#0",0,"TerritoryIntendedUse#0","",False,0,False,0,False,False,False,False,"",,,,"QuestBattle#0","",0,0,0,False,"신생 에오르제아",0,0,0,"",False,False,0,False,False,False,False,False,False,0,False,False
1341,"","",0,"","","","","LoadingImage#0",0,"TerritoryIntendedUse#0","",False,0,False,0,False,False,False,False,"",,,,"QuestBattle#0","",0,0,0,False,"신생 에오르제아",0,0,0,"",False,False,0,False,False,False,False,False,False,0,False,False
1342,"","",0,"","","","","LoadingImage#0",0,"TerritoryIntendedUse#0","",False,0,False,0,False,False,False,False,"",,,,"QuestBattle#0","",0,0,0,False,"신생 에오르제아",0,0,0,"",False,False,0,False,False,False,False,False,False,0,False,False
1343,"","",0,"","","","","LoadingImage#0",0,"TerritoryIntendedUse#0","",False,0,False,0,False,False,False,False,"",,,,"QuestBattle#0","",0,0,0,False,"신생 에오르제아",0,0,0,"",False,False,0,False,False,False,False,False,False,0,False,False
1344,"x6ef","ex5/01_xkt_x6/evt/x6ef/level/x6ef",1,"사카 투랄","사카 투랄","트라이테일 체육관","x6ef/00","LoadingImage#36",0,"TerritoryIntendedUse#15","",False,0,False,0,True,False,False,False,"music/ex5/BGM_EX5_Raid_01.scd",,,"ArrayEventHandler#854987","QuestBattle#0","솔루션 나인",-1,0,-1,False,"황금의 유산",0,0,0,"",False,True,0,False,False,False,False,True,True,0,False,False
1345,"m6d2","ex5/07_mid_m6/dun/m6d2/level/m6d2",1,"일사바드","사베네어 섬","클리테우스 마도 공장","m6d2/01","LoadingImage#21",2,"TerritoryIntendedUse#3","클리테우스 마도 공장",False,27,False,1,True,False,False,False,"BGMSituation#1001",,,,"QuestBattle#0","",-1,926,-1,False,"황금의 유산",0,0,0,"",False,True,0,False,False,True,False,True,True,0,False,False
1346,"","",0,"","","","","LoadingImage#0",0,"TerritoryIntendedUse#0","",False,0,False,0,False,False,False,False,"",,,,"QuestBattle#0","",0,0,0,False,"신생 에오르제아",0,0,0,"",False,False,0,False,False,False,False,False,False,0,False,False
1347,"","",0,"","","","","LoadingImage#0",0,"TerritoryIntendedUse#0","",False,0,False,0,False,False,False,False,"",,,,"QuestBattle#0","",0,0,0,False,"신생 에오르제아",0,0,0,"",False,False,0,False,False,False,False,False,False,0,False,False
1348,"","",0,"","","","","LoadingImage#0",0,"TerritoryIntendedUse#0","",False,0,False,0,False,False,False,False,"",,,,"QuestBattle#0","",0,0,0,False,"신생 에오르제아",0,0,0,"",False,False,0,False,False,False,False,False,False,0,False,False
1349,"","",0,"","","","","LoadingImage#0",0,"TerritoryIntendedUse#0","",False,0,False,0,False,False,False,False,"",,,,"QuestBattle#0","",0,0,0,False,"신생 에오르제아",0,0,0,"",False,False,0,False,False,False,False,False,False,0,False,False
1350,"","",0,"","","","","LoadingImage#0",0,"TerritoryIntendedUse#0","",False,0,False,0,False,False,False,False,"",,,,"QuestBattle#0","",0,0,0,False,"신생 에오르제아",0,0,0,"",False,False,0,False,False,False,False,False,False,0,False,False
1351,"","",0,"","","","","LoadingImage#0",0,"TerritoryIntendedUse#0","",False,0,False,0,False,False,False,False,"",,,,"QuestBattle#0","",0,0,0,False,"신생 에오르제아",0,0,0,"",False,False,0,False,False,False,False,False,False,0,False,False
1352,"","",0,"","","","","LoadingImage#0",0,"TerritoryIntendedUse#0","",False,0,False,0,False,False,False,False,"",,,,"QuestBattle#0","",0,0,0,False,"신생 에오르제아",0,0,0,"",False,False,0,False,False,False,False,False,False,0,False,False
1353,"","",0,"","","","","LoadingImage#0",0,"TerritoryIntendedUse#0","",False,0,False,0,False,False,False,False,"",,,,"QuestBattle#0","",0,0,0,False,"신생 에오르제아",0,0,0,"",False,False,0,False,False,False,False,False,False,0,False,False
1354,"","",0,"","","","","LoadingImage#0",0,"TerritoryIntendedUse#0","",False,0,False,0,False,False,False,False,"",,,,"QuestBattle#0","",0,0,0,False,"신생 에오르제아",0,0,0,"",False,False,0,False,False,False,False,False,False,0,False,False
1355,"","",0,"","","","","LoadingImage#0",0,"TerritoryIntendedUse#0","",False,0,False,0,False,False,False,False,"",,,,"QuestBattle#0","",0,0,0,False,"신생 에오르제아",0,0,0,"",False,False,0,False,False,False,False,False,False,0,False,False
1356,"","",0,"","","","","LoadingImage#0",0,"TerritoryIntendedUse#0","",False,0,False,0,False,False,False,False,"",,,,"QuestBattle#0","",0,0,0,False,"신생 에오르제아",0,0,0,"",False,False,0,False,False,False,False,False,False,0,False,False
1357,"s5p7","ffxiv/pvp_xx/pvp/s5p7/level/s5p7",4,"???","늑대우리","하르모니아 전쟁도서관","s5p7/00","LoadingImage#1",2,"TerritoryIntendedUse#28","",False,0,False,0,True,False,False,False,"BGMSituation#1001",,,,"QuestBattle#0","",1100,938,-1,True,"신생 에오르제아",0,0,0,"",False,True,0,False,False,False,False,True,True,0,False,False
1358,"s5p7_ctm","ffxiv/pvp_xx/pvp/s5p7/level/s5p7",4,"???","늑대우리","하르모니아 전쟁도서관","s5p7/00","LoadingImage#1",2,"TerritoryIntendedUse#37","",False,0,False,0,True,False,False,False,"BGMSituation#1001",,,,"QuestBattle#0","",1100,938,-1,True,"신생 에오르제아",0,0,0,"",False,True,0,False,False,False,False,True,True,0,False,False
1359,"","",0,"","","","","LoadingImage#0",0,"TerritoryIntendedUse#0","",False,0,False,0,False,False,False,False,"",,,,"QuestBattle#0","",0,0,0,False,"신생 에오르제아",0,0,0,"",False,False,0,False,False,False,False,False,False,0,False,False
1360,"","",0,"","","","","LoadingImage#0",0,"TerritoryIntendedUse#0","",False,0,False,0,False,False,False,False,"",,,,"QuestBattle#0","",0,0,0,False,"신생 에오르제아",0,0,0,"",False,False,0,False,False,False,False,False,False,0,False,False
1361,"z5fd","ex4/05_zon_z5/fld/z5fd/level/z5fd",1,"???","","무의 영역","z5fd/01","LoadingImage#37",2,"TerritoryIntendedUse#10","에누오 토벌전",False,149,False,0,True,False,False,False,"BGMSituation#1001",,,,"QuestBattle#0","",-1,957,-1,False,"황금의 유산",0,0,0,"",False,True,0,False,False,True,False,True,True,0,False,False
1362,"z5fd_2","ex4/05_zon_z5/fld/z5fd/level/z5fd",1,"???","","무의 영역","z5fd/01","LoadingImage#37",2,"TerritoryIntendedUse#10","극 에누오 토벌전",False,149,False,0,True,False,False,False,"BGMSituation#1001",,,,"QuestBattle#0","",-1,958,-1,False,"황금의 유산",0,0,0,"",False,True,0,False,False,True,False,True,True,0,False,False
1363,"","",0,"","","","","LoadingImage#0",0,"TerritoryIntendedUse#0","",False,0,False,0,False,False,False,False,"",,,,"QuestBattle#0","",0,0,0,False,"신생 에오르제아",0,0,0,"",False,False,0,False,False,False,False,False,False,0,False,False
1364,"","",0,"","","","","LoadingImage#0",0,"TerritoryIntendedUse#0","",False,0,False,0,False,False,False,False,"",,,,"QuestBattle#0","",0,0,0,False,"신생 에오르제아",0,0,0,"",False,False,0,False,False,False,False,False,False,0,False,False
1365,"","",0,"","","","","LoadingImage#0",0,"TerritoryIntendedUse#0","",False,0,False,0,False,False,False,False,"",,,,"QuestBattle#0","",0,0,0,False,"신생 에오르제아",0,0,0,"",False,False,0,False,False,False,False,False,False,0,False,False
1366,"r2d1_re","ex1/01_roc_r2/dun/r2d1/level/r2d1",1,"커르다스","커르다스","어스름 요새","r2d1/00","LoadingImage#5",2,"TerritoryIntendedUse#3","어스름 요새",False,42,False,2,True,False,False,False,"BGMSituation#1001",,,,"QuestBattle#0","",-1,101,-1,False,"창천의 이슈가르드",0,0,0,"",False,True,0,False,False,False,False,True,True,0,False,False
1367,"e3d1_re","ex2/02_est_e3/dun/e3d1/level/e3d1",1,"오사드","오사드","시스이 궁","e3d1/00","LoadingImage#10",2,"TerritoryIntendedUse#3","시스이 궁",False,0,False,0,True,False,False,False,"BGMSituation#1001",,,,"QuestBattle#0","",-1,969,-1,False,"홍련의 해방자",0,0,0,"",False,True,0,False,False,False,False,True,True,0,False,False
1368,"z6r3","ex5/05_zon_z6/rad/z6r3/level/z6r3",1,"???","","윈더스: 세 번째 반향세계","z6r3/01","LoadingImage#37",2,"TerritoryIntendedUse#8","윈더스: 세 번째 반향세계",False,150,False,0,True,False,False,False,"BGMSituation#1396",,,,"QuestBattle#0","",-1,913,-1,False,"황금의 유산",0,0,0,"",False,True,0,False,True,True,False,True,True,0,False,False
1369,"f1de","ffxiv/fst_f1/dun/f1de/level/f1de",1,"검은장막 숲","검은장막 숲","유령의 연회","f1de/01","LoadingImage#3",0,"TerritoryIntendedUse#40","",False,0,False,0,True,False,False,False,"music/ffxiv/BGM_Season_HalloweenD.scd",,,,"QuestBattle#0","",-1,0,-1,False,"신생 에오르제아",0,0,0,"",False,True,0,False,False,True,False,True,True,0,False,False
1370,"f1de_2","ffxiv/fst_f1/dun/f1de/level/f1de",1,"검은장막 숲","검은장막 숲","유령의 연회","f1de/01","LoadingImage#3",0,"TerritoryIntendedUse#32","",False,0,False,0,True,False,False,False,"music/ffxiv/BGM_Season_HalloweenD.scd",,,,"QuestBattle#0","",-1,0,-1,False,"신생 에오르제아",0,0,0,"",False,True,0,False,False,True,False,True,True,0,False,False
1371,"","",0,"","","","","LoadingImage#0",0,"TerritoryIntendedUse#0","",False,0,False,0,False,False,False,False,"",,,,"QuestBattle#0","",0,0,0,False,"신생 에오르제아",0,0,0,"",False,False,0,False,False,False,False,False,False,0,False,False
1372,"g3fc_3","ex2/01_gyr_g3/fld/g3fc/level/g3fc",1,"기라바니아","기라바니아","결정화 공간","g3fc/01","LoadingImage#12",2,"TerritoryIntendedUse#10","환 신룡 토벌전",True,76,False,0,True,False,False,False,"BGMSituation#1001",,,,"QuestBattle#0","",-1,955,-1,False,"황금의 유산",0,0,0,"",False,True,0,False,False,False,False,True,True,0,False,False
1373,"z5fd_event","ex4/05_zon_z5/fld/z5fd/level/z5fd",1,"???","","무의 영역","z5fd/01","LoadingImage#37",0,"TerritoryIntendedUse#15","",False,149,False,0,True,False,False,False,"music/ex5/BGM_EX5_Ban_21.scd",,,"ArrayEventHandler#855069","QuestBattle#0","눈물의 만",-1,0,-1,False,"황금의 유산",0,0,0,"",False,True,0,False,False,True,False,True,True,0,False,False
1374,"h2i1","ffxiv/hou_xx/ind/h2i1/level/h2i1",1,"","","","","LoadingImage#1",0,"TerritoryIntendedUse#14","",False,0,False,0,True,False,False,False,"BGMSituation#1383",,,,"QuestBattle#0","",-1,0,-1,False,"신생 에오르제아",0,0,0,"",False,True,0,False,False,False,False,True,True,0,False,False
1375,"h2i2","ffxiv/hou_xx/ind/h2i2/level/h2i2",1,"","","","","LoadingImage#1",0,"TerritoryIntendedUse#14","",False,0,False,0,True,False,False,False,"BGMSituation#1383",,,,"QuestBattle#0","",-1,0,-1,False,"신생 에오르제아",0,0,0,"",False,True,0,False,False,False,False,True,True,0,False,False
1376,"h2i3","ffxiv/hou_xx/ind/h2i3/level/h2i3",1,"","","","","LoadingImage#1",0,"TerritoryIntendedUse#14","",False,0,False,0,True,False,False,False,"BGMSituation#1383",,,,"QuestBattle#0","",-1,0,-1,False,"신생 에오르제아",0,0,0,"",False,True,0,False,False,False,False,True,True,0,False,False
1377,"","",0,"","","","","LoadingImage#0",0,"TerritoryIntendedUse#0","",False,0,False,0,False,False,False,False,"",,,,"QuestBattle#0","",0,0,0,False,"신생 에오르제아",0,0,0,"",False,False,0,False,False,False,False,False,False,0,False,False
1378,"","",0,"","","","","LoadingImage#0",0,"TerritoryIntendedUse#0","",False,0,False,0,False,False,False,False,"",,,,"QuestBattle#0","",0,0,0,False,"신생 에오르제아",0,0,0,"",False,False,0,False,False,False,False,False,False,0,False,False
1379,"","",0,"","","","","LoadingImage#0",0,"TerritoryIntendedUse#0","",False,0,False,0,False,False,False,False,"",,,,"QuestBattle#0","",0,0,0,False,"신생 에오르제아",0,0,0,"",False,False,0,False,False,False,False,False,False,0,False,False
1380,"","",0,"","","","","LoadingImage#0",0,"TerritoryIntendedUse#0","",False,0,False,0,False,False,False,False,"",,,,"QuestBattle#0","",0,0,0,False,"신생 에오르제아",0,0,0,"",False,False,0,False,False,False,False,False,False,0,False,False
1381,"","",0,"","","","","LoadingImage#0",0,"TerritoryIntendedUse#0","",False,0,False,0,False,False,False,False,"",,,,"QuestBattle#0","",0,0,0,False,"신생 에오르제아",0,0,0,"",False,False,0,False,False,False,False,False,False,0,False,False
1382,"","",0,"","","","","LoadingImage#0",0,"TerritoryIntendedUse#0","",False,0,False,0,False,False,False,False,"",,,,"QuestBattle#0","",0,0,0,False,"신생 에오르제아",0,0,0,"",False,False,0,False,False,False,False,False,False,0,False,False
1383,"","",0,"","","","","LoadingImage#0",0,"TerritoryIntendedUse#0","",False,0,False,0,False,False,False,False,"",,,,"QuestBattle#0","",0,0,0,False,"신생 에오르제아",0,0,0,"",False,False,0,False,False,False,False,False,False,0,False,False
1384,"f1ec_4","ffxiv/fst_f1/evt/f1ec/level/f1ec",1,"검은장막 숲","검은장막 숲","별빛 시장","f1ec/00","LoadingImage#3",0,"TerritoryIntendedUse#32","",False,27,False,0,True,False,False,False,"music/ffxiv/BGM_Season_Christmas2.scd",,,"ArrayEventHandler#854927","QuestBattle#0","그리다니아 신시가지",-1,0,-1,False,"신생 에오르제아",0,0,0,"",False,True,0,False,False,False,False,True,True,0,False,False
1385,"","",0,"","","","","LoadingImage#0",0,"TerritoryIntendedUse#0","",False,0,False,0,False,False,False,False,"",,,,"QuestBattle#0","",0,0,0,False,"신생 에오르제아",0,0,0,"",False,False,0,False,False,False,False,False,False,0,False,False
1386,"","",0,"","","","","LoadingImage#0",0,"TerritoryIntendedUse#0","",False,0,False,0,False,False,False,False,"",,,,"QuestBattle#0","",0,0,0,False,"신생 에오르제아",0,0,0,"",False,False,0,False,False,False,False,False,False,0,False,False
1387,"","",0,"","","","","LoadingImage#0",0,"TerritoryIntendedUse#0","",False,0,False,0,False,False,False,False,"",,,,"QuestBattle#0","",0,0,0,False,"신생 에오르제아",0,0,0,"",False,False,0,False,False,False,False,False,False,0,False,False
1388,"","",0,"","","","","LoadingImage#0",0,"TerritoryIntendedUse#0","",False,0,False,0,False,False,False,False,"",,,,"QuestBattle#0","",0,0,0,False,"신생 에오르제아",0,0,0,"",False,False,0,False,False,False,False,False,False,0,False,False
1389,"","",0,"","","","","LoadingImage#0",0,"TerritoryIntendedUse#0","",False,0,False,0,False,False,False,False,"",,,,"QuestBattle#0","",0,0,0,False,"신생 에오르제아",0,0,0,"",False,False,0,False,False,False,False,False,False,0,False,False
